Date,Year,Week,HomeTeam,HomeTeamScore,AwayTeamScore,AwayTeam,Stadium,Capacity,Country,Type,City,Surface
2015-09-10,2015,1,New England Patriots,28.0,21.0,Pittsburgh Steelers,Gillette Stadium,64628,USA,Outdoor,Foxborough,Artificial
2015-09-13,2015,1,Arizona Cardinals,31.0,19.0,New Orleans Saints,University of Phoenix Stadium,63400,USA,RetractableDome,Glendale,Grass
2015-09-13,2015,1,Buffalo Bills,27.0,14.0,Indianapolis Colts,Ralph Wilson Stadium,71608,USA,Outdoor,Orchard Park,Artificial
2015-09-13,2015,1,Chicago Bears,23.0,31.0,Green Bay Packers,Soldier Field,61500,USA,Outdoor,Chicago,Grass
2015-09-13,2015,1,Dallas Cowboys,27.0,26.0,New York Giants,Cowboys Stadium,80000,USA,RetractableDome,Arlington,Artificial
2015-09-13,2015,1,Denver Broncos,19.0,13.0,Baltimore Ravens,Sports Authority Field at Mile High,76125,USA,Outdoor,Denver,Grass
2015-09-13,2015,1,Houston Texans,20.0,27.0,Kansas City Chiefs,Reliant Stadium,72220,USA,RetractableDome,Houston,Artificial
2015-09-13,2015,1,Jacksonville Jaguars,9.0,20.0,Carolina Panthers,EverBank Field,67814,USA,Outdoor,Jacksonville,Grass
2015-09-13,2015,1,New York Jets,31.0,10.0,Cleveland Browns,MetLife Stadium,82500,USA,Outdoor,East Rutherford,Artificial
2015-09-13,2015,1,Las Vegas Raiders,13.0,33.0,Cincinnati Bengals,Oakland Coliseum,65000,USA,Dome,Las Vegas,Grass
2015-09-13,2015,1,Los Angeles Chargers,33.0,28.0,Detroit Lions,Qualcomm Stadium,47252,Brazil,Outdoor,Sao Paulo,Grass
2015-09-13,2015,1,Los Angeles Rams,34.0,31.0,Seattle Seahawks,Edward Jones Dome,70240,USA,Dome,Inglewood,Artificial
2015-09-13,2015,1,Tampa Bay Buccaneers,14.0,42.0,Tennessee Titans,Raymond James Stadium,69218,USA,Outdoor,Tampa Bay,Grass
2015-09-13,2015,1,Washington Commanders,10.0,17.0,Miami Dolphins,FedEx Field,62000,USA,Outdoor,Landover,Grass
2015-09-14,2015,1,Atlanta Falcons,26.0,24.0,Philadelphia Eagles,Georgia Dome,71000,USA,RetractableDome,Atlanta,Artificial
2015-09-14,2015,1,San Francisco 49ers,20.0,3.0,Minnesota Vikings,Levi's Stadium,68500,USA,Outdoor,Santa Clara,Grass
2015-09-17,2015,2,Kansas City Chiefs,24.0,31.0,Denver Broncos,Arrowhead Stadium,76416,USA,Outdoor,Kansas City,Grass
2015-09-20,2015,2,Buffalo Bills,32.0,40.0,New England Patriots,Ralph Wilson Stadium,71608,USA,Outdoor,Orchard Park,Artificial
2015-09-20,2015,2,Carolina Panthers,24.0,17.0,Houston Texans,Bank of America Stadium,74867,USA,Outdoor,Charlotte,Artificial
2015-09-20,2015,2,Chicago Bears,23.0,48.0,Arizona Cardinals,Soldier Field,61500,USA,Outdoor,Chicago,Grass
2015-09-20,2015,2,Cincinnati Bengals,24.0,19.0,Los Angeles Chargers,Paul Brown Stadium,65515,USA,Outdoor,Cincinnati,Artificial
2015-09-20,2015,2,Cleveland Browns,28.0,14.0,Tennessee Titans,FirstEnergy Stadium,67431,USA,Outdoor,Cleveland,Grass
2015-09-20,2015,2,Green Bay Packers,27.0,17.0,Seattle Seahawks,Lambeau Field,81441,USA,Outdoor,Green Bay,Grass
2015-09-20,2015,2,Jacksonville Jaguars,23.0,20.0,Miami Dolphins,EverBank Field,67814,USA,Outdoor,Jacksonville,Grass
2015-09-20,2015,2,Minnesota Vikings,26.0,16.0,Detroit Lions,TCF Bank Stadium,66655,USA,Dome,Minneapolis,Artificial
2015-09-20,2015,2,New Orleans Saints,19.0,26.0,Tampa Bay Buccaneers,Louisiana Superdome,73208,USA,Dome,New Orleans,Artificial
2015-09-20,2015,2,New York Giants,20.0,24.0,Atlanta Falcons,MetLife Stadium,82500,USA,Outdoor,East Rutherford,Artificial
2015-09-20,2015,2,Las Vegas Raiders,37.0,33.0,Baltimore Ravens,Oakland Coliseum,65000,USA,Dome,Las Vegas,Grass
2015-09-20,2015,2,Philadelphia Eagles,10.0,20.0,Dallas Cowboys,Lincoln Financial Field,67594,USA,Outdoor,Philadelphia,Grass
2015-09-20,2015,2,Pittsburgh Steelers,43.0,18.0,San Francisco 49ers,Heinz Field,68400,USA,Outdoor,Pittsburgh,Grass
2015-09-20,2015,2,Washington Commanders,24.0,10.0,Los Angeles Rams,FedEx Field,62000,USA,Outdoor,Landover,Grass
2015-09-21,2015,2,Indianapolis Colts,7.0,20.0,New York Jets,Lucas Oil Stadium,67000,USA,RetractableDome,Indianapolis,Artificial
2015-09-24,2015,3,New York Giants,32.0,21.0,Washington Commanders,MetLife Stadium,82500,USA,Outdoor,East Rutherford,Artificial
2015-09-27,2015,3,Arizona Cardinals,47.0,7.0,San Francisco 49ers,University of Phoenix Stadium,63400,USA,RetractableDome,Glendale,Grass
2015-09-27,2015,3,Baltimore Ravens,24.0,28.0,Cincinnati Bengals,M&T Bank Stadium,71008,USA,Outdoor,Baltimore,Grass
2015-09-27,2015,3,Carolina Panthers,27.0,22.0,New Orleans Saints,Bank of America Stadium,74867,USA,Outdoor,Charlotte,Artificial
2015-09-27,2015,3,Cleveland Browns,20.0,27.0,Las Vegas Raiders,FirstEnergy Stadium,67431,USA,Outdoor,Cleveland,Grass
2015-09-27,2015,3,Dallas Cowboys,28.0,39.0,Atlanta Falcons,Cowboys Stadium,80000,USA,RetractableDome,Arlington,Artificial
2015-09-27,2015,3,Detroit Lions,12.0,24.0,Denver Broncos,Ford Field,65000,USA,Dome,Detroit,Artificial
2015-09-27,2015,3,Houston Texans,19.0,9.0,Tampa Bay Buccaneers,Reliant Stadium,72220,USA,RetractableDome,Houston,Artificial
2015-09-27,2015,3,Miami Dolphins,14.0,41.0,Buffalo Bills,Sun Life Stadium,64767,USA,Outdoor,Miami Gardens,Grass
2015-09-27,2015,3,Minnesota Vikings,31.0,14.0,Los Angeles Chargers,TCF Bank Stadium,66655,USA,Dome,Minneapolis,Artificial
2015-09-27,2015,3,New England Patriots,51.0,17.0,Jacksonville Jaguars,Gillette Stadium,64628,USA,Outdoor,Foxborough,Artificial
2015-09-27,2015,3,New York Jets,17.0,24.0,Philadelphia Eagles,MetLife Stadium,82500,USA,Outdoor,East Rutherford,Artificial
2015-09-27,2015,3,Seattle Seahawks,26.0,0.0,Chicago Bears,CenturyLink Field,68740,USA,Outdoor,Seattle,Artificial
2015-09-27,2015,3,Los Angeles Rams,6.0,12.0,Pittsburgh Steelers,Edward Jones Dome,70240,USA,Dome,Inglewood,Artificial
2015-09-27,2015,3,Tennessee Titans,33.0,35.0,Indianapolis Colts,Nissan Stadium,69143,USA,Outdoor,Nashville,Grass
2015-09-28,2015,3,Green Bay Packers,38.0,28.0,Kansas City Chiefs,Lambeau Field,81441,USA,Outdoor,Green Bay,Grass
2015-10-01,2015,4,Pittsburgh Steelers,20.0,23.0,Baltimore Ravens,Heinz Field,68400,USA,Outdoor,Pittsburgh,Grass
2015-10-04,2015,4,Arizona Cardinals,22.0,24.0,Los Angeles Rams,University of Phoenix Stadium,63400,USA,RetractableDome,Glendale,Grass
2015-10-04,2015,4,Atlanta Falcons,48.0,21.0,Houston Texans,Georgia Dome,71000,USA,RetractableDome,Atlanta,Artificial
2015-10-04,2015,4,Buffalo Bills,10.0,24.0,New York Giants,Ralph Wilson Stadium,71608,USA,Outdoor,Orchard Park,Artificial
2015-10-04,2015,4,Chicago Bears,22.0,20.0,Las Vegas Raiders,Soldier Field,61500,USA,Outdoor,Chicago,Grass
2015-10-04,2015,4,Cincinnati Bengals,36.0,21.0,Kansas City Chiefs,Paul Brown Stadium,65515,USA,Outdoor,Cincinnati,Artificial
2015-10-04,2015,4,Denver Broncos,23.0,20.0,Minnesota Vikings,Sports Authority Field at Mile High,76125,USA,Outdoor,Denver,Grass
2015-10-04,2015,4,Indianapolis Colts,16.0,13.0,Jacksonville Jaguars,Lucas Oil Stadium,67000,USA,RetractableDome,Indianapolis,Artificial
2015-10-04,2015,4,Miami Dolphins,14.0,27.0,New York Jets,Wembley Stadium,64767,USA,Outdoor,Miami Gardens,Grass
2015-10-04,2015,4,New Orleans Saints,26.0,20.0,Dallas Cowboys,Louisiana Superdome,73208,USA,Dome,New Orleans,Artificial
2015-10-04,2015,4,Los Angeles Chargers,30.0,27.0,Cleveland Browns,Qualcomm Stadium,47252,Brazil,Outdoor,Sao Paulo,Grass
2015-10-04,2015,4,San Francisco 49ers,3.0,17.0,Green Bay Packers,Levi's Stadium,68500,USA,Outdoor,Santa Clara,Grass
2015-10-04,2015,4,Tampa Bay Buccaneers,23.0,37.0,Carolina Panthers,Raymond James Stadium,69218,USA,Outdoor,Tampa Bay,Grass
2015-10-04,2015,4,Washington Commanders,23.0,20.0,Philadelphia Eagles,FedEx Field,62000,USA,Outdoor,Landover,Grass
2015-10-05,2015,4,Seattle Seahawks,13.0,10.0,Detroit Lions,CenturyLink Field,68740,USA,Outdoor,Seattle,Artificial
2015-10-08,2015,5,Houston Texans,20.0,27.0,Indianapolis Colts,Reliant Stadium,72220,USA,RetractableDome,Houston,Artificial
2015-10-11,2015,5,Atlanta Falcons,25.0,19.0,Washington Commanders,Georgia Dome,71000,USA,RetractableDome,Atlanta,Artificial
2015-10-11,2015,5,Baltimore Ravens,30.0,33.0,Cleveland Browns,M&T Bank Stadium,71008,USA,Outdoor,Baltimore,Grass
2015-10-11,2015,5,Cincinnati Bengals,27.0,24.0,Seattle Seahawks,Paul Brown Stadium,65515,USA,Outdoor,Cincinnati,Artificial
2015-10-11,2015,5,Dallas Cowboys,6.0,30.0,New England Patriots,Cowboys Stadium,80000,USA,RetractableDome,Arlington,Artificial
2015-10-11,2015,5,Detroit Lions,17.0,42.0,Arizona Cardinals,Ford Field,65000,USA,Dome,Detroit,Artificial
2015-10-11,2015,5,Green Bay Packers,24.0,10.0,Los Angeles Rams,Lambeau Field,81441,USA,Outdoor,Green Bay,Grass
2015-10-11,2015,5,Kansas City Chiefs,17.0,18.0,Chicago Bears,Arrowhead Stadium,76416,USA,Outdoor,Kansas City,Grass
2015-10-11,2015,5,New York Giants,30.0,27.0,San Francisco 49ers,MetLife Stadium,82500,USA,Outdoor,East Rutherford,Artificial
2015-10-11,2015,5,Las Vegas Raiders,10.0,16.0,Denver Broncos,Oakland Coliseum,65000,USA,Dome,Las Vegas,Grass
2015-10-11,2015,5,Philadelphia Eagles,39.0,17.0,New Orleans Saints,Lincoln Financial Field,67594,USA,Outdoor,Philadelphia,Grass
2015-10-11,2015,5,Tampa Bay Buccaneers,38.0,31.0,Jacksonville Jaguars,Raymond James Stadium,69218,USA,Outdoor,Tampa Bay,Grass
2015-10-11,2015,5,Tennessee Titans,13.0,14.0,Buffalo Bills,Nissan Stadium,69143,USA,Outdoor,Nashville,Grass
2015-10-12,2015,5,Los Angeles Chargers,20.0,24.0,Pittsburgh Steelers,Qualcomm Stadium,47252,Brazil,Outdoor,Sao Paulo,Grass
2015-10-15,2015,6,New Orleans Saints,31.0,21.0,Atlanta Falcons,Louisiana Superdome,73208,USA,Dome,New Orleans,Artificial
2015-10-18,2015,6,Buffalo Bills,21.0,34.0,Cincinnati Bengals,Ralph Wilson Stadium,71608,USA,Outdoor,Orchard Park,Artificial
2015-10-18,2015,6,Cleveland Browns,23.0,26.0,Denver Broncos,FirstEnergy Stadium,67431,USA,Outdoor,Cleveland,Grass
2015-10-18,2015,6,Detroit Lions,37.0,34.0,Chicago Bears,Ford Field,65000,USA,Dome,Detroit,Artificial
2015-10-18,2015,6,Green Bay Packers,27.0,20.0,Los Angeles Chargers,Lambeau Field,81441,USA,Outdoor,Green Bay,Grass
2015-10-18,2015,6,Indianapolis Colts,27.0,34.0,New England Patriots,Lucas Oil Stadium,67000,USA,RetractableDome,Indianapolis,Artificial
2015-10-18,2015,6,Jacksonville Jaguars,20.0,31.0,Houston Texans,EverBank Field,67814,USA,Outdoor,Jacksonville,Grass
2015-10-18,2015,6,Minnesota Vikings,16.0,10.0,Kansas City Chiefs,TCF Bank Stadium,66655,USA,Dome,Minneapolis,Artificial
2015-10-18,2015,6,New York Jets,34.0,20.0,Washington Commanders,MetLife Stadium,82500,USA,Outdoor,East Rutherford,Artificial
2015-10-18,2015,6,Pittsburgh Steelers,25.0,13.0,Arizona Cardinals,Heinz Field,68400,USA,Outdoor,Pittsburgh,Grass
2015-10-18,2015,6,San Francisco 49ers,25.0,20.0,Baltimore Ravens,Levi's Stadium,68500,USA,Outdoor,Santa Clara,Grass
2015-10-18,2015,6,Seattle Seahawks,23.0,27.0,Carolina Panthers,CenturyLink Field,68740,USA,Outdoor,Seattle,Artificial
2015-10-18,2015,6,Tennessee Titans,10.0,38.0,Miami Dolphins,Nissan Stadium,69143,USA,Outdoor,Nashville,Grass
2015-10-19,2015,6,Philadelphia Eagles,27.0,7.0,New York Giants,Lincoln Financial Field,67594,USA,Outdoor,Philadelphia,Grass
2015-10-22,2015,7,San Francisco 49ers,3.0,20.0,Seattle Seahawks,Levi's Stadium,68500,USA,Outdoor,Santa Clara,Grass
2015-10-25,2015,7,Carolina Panthers,27.0,16.0,Philadelphia Eagles,Bank of America Stadium,74867,USA,Outdoor,Charlotte,Artificial
2015-10-25,2015,7,Detroit Lions,19.0,28.0,Minnesota Vikings,Ford Field,65000,USA,Dome,Detroit,Artificial
2015-10-25,2015,7,Indianapolis Colts,21.0,27.0,New Orleans Saints,Lucas Oil Stadium,67000,USA,RetractableDome,Indianapolis,Artificial
2015-10-25,2015,7,Jacksonville Jaguars,34.0,31.0,Buffalo Bills,Wembley Stadium,67814,USA,Outdoor,Jacksonville,Grass
2015-10-25,2015,7,Kansas City Chiefs,23.0,13.0,Pittsburgh Steelers,Arrowhead Stadium,76416,USA,Outdoor,Kansas City,Grass
2015-10-25,2015,7,Miami Dolphins,44.0,26.0,Houston Texans,Sun Life Stadium,64767,USA,Outdoor,Miami Gardens,Grass
2015-10-25,2015,7,New England Patriots,30.0,23.0,New York Jets,Gillette Stadium,64628,USA,Outdoor,Foxborough,Artificial
2015-10-25,2015,7,New York Giants,27.0,20.0,Dallas Cowboys,MetLife Stadium,82500,USA,Outdoor,East Rutherford,Artificial
2015-10-25,2015,7,Los Angeles Chargers,29.0,37.0,Las Vegas Raiders,Qualcomm Stadium,47252,Brazil,Outdoor,Sao Paulo,Grass
2015-10-25,2015,7,Los Angeles Rams,24.0,6.0,Cleveland Browns,Edward Jones Dome,70240,USA,Dome,Inglewood,Artificial
2015-10-25,2015,7,Tennessee Titans,7.0,10.0,Atlanta Falcons,Nissan Stadium,69143,USA,Outdoor,Nashville,Grass
2015-10-25,2015,7,Washington Commanders,31.0,30.0,Tampa Bay Buccaneers,FedEx Field,62000,USA,Outdoor,Landover,Grass
2015-10-26,2015,7,Arizona Cardinals,26.0,18.0,Baltimore Ravens,University of Phoenix Stadium,63400,USA,RetractableDome,Glendale,Grass
2015-10-29,2015,8,New England Patriots,36.0,7.0,Miami Dolphins,Gillette Stadium,64628,USA,Outdoor,Foxborough,Artificial
2015-11-01,2015,8,Atlanta Falcons,20.0,23.0,Tampa Bay Buccaneers,Georgia Dome,71000,USA,RetractableDome,Atlanta,Artificial
2015-11-01,2015,8,Baltimore Ravens,29.0,26.0,Los Angeles Chargers,M&T Bank Stadium,71008,USA,Outdoor,Baltimore,Grass
2015-11-01,2015,8,Chicago Bears,20.0,23.0,Minnesota Vikings,Soldier Field,61500,USA,Outdoor,Chicago,Grass
2015-11-01,2015,8,Cleveland Browns,20.0,34.0,Arizona Cardinals,FirstEnergy Stadium,67431,USA,Outdoor,Cleveland,Grass
2015-11-01,2015,8,Dallas Cowboys,12.0,13.0,Seattle Seahawks,Cowboys Stadium,80000,USA,RetractableDome,Arlington,Artificial
2015-11-01,2015,8,Denver Broncos,29.0,10.0,Green Bay Packers,Sports Authority Field at Mile High,76125,USA,Outdoor,Denver,Grass
2015-11-01,2015,8,Houston Texans,20.0,6.0,Tennessee Titans,Reliant Stadium,72220,USA,RetractableDome,Houston,Artificial
2015-11-01,2015,8,Kansas City Chiefs,45.0,10.0,Detroit Lions,Wembley Stadium,76416,USA,Outdoor,Kansas City,Grass
2015-11-01,2015,8,New Orleans Saints,52.0,49.0,New York Giants,Louisiana Superdome,73208,USA,Dome,New Orleans,Artificial
2015-11-01,2015,8,Las Vegas Raiders,34.0,20.0,New York Jets,Oakland Coliseum,65000,USA,Dome,Las Vegas,Grass
2015-11-01,2015,8,Pittsburgh Steelers,10.0,16.0,Cincinnati Bengals,Heinz Field,68400,USA,Outdoor,Pittsburgh,Grass
2015-11-01,2015,8,Los Angeles Rams,27.0,6.0,San Francisco 49ers,Edward Jones Dome,70240,USA,Dome,Inglewood,Artificial
2015-11-02,2015,8,Carolina Panthers,29.0,26.0,Indianapolis Colts,Bank of America Stadium,74867,USA,Outdoor,Charlotte,Artificial
2015-11-05,2015,9,Cincinnati Bengals,31.0,10.0,Cleveland Browns,Paul Brown Stadium,65515,USA,Outdoor,Cincinnati,Artificial
2015-11-08,2015,9,Buffalo Bills,33.0,17.0,Miami Dolphins,Ralph Wilson Stadium,71608,USA,Outdoor,Orchard Park,Artificial
2015-11-08,2015,9,Carolina Panthers,37.0,29.0,Green Bay Packers,Bank of America Stadium,74867,USA,Outdoor,Charlotte,Artificial
2015-11-08,2015,9,Dallas Cowboys,27.0,33.0,Philadelphia Eagles,Cowboys Stadium,80000,USA,RetractableDome,Arlington,Artificial
2015-11-08,2015,9,Indianapolis Colts,27.0,24.0,Denver Broncos,Lucas Oil Stadium,67000,USA,RetractableDome,Indianapolis,Artificial
2015-11-08,2015,9,Minnesota Vikings,21.0,18.0,Los Angeles Rams,TCF Bank Stadium,66655,USA,Dome,Minneapolis,Artificial
2015-11-08,2015,9,New England Patriots,27.0,10.0,Washington Commanders,Gillette Stadium,64628,USA,Outdoor,Foxborough,Artificial
2015-11-08,2015,9,New Orleans Saints,28.0,34.0,Tennessee Titans,Louisiana Superdome,73208,USA,Dome,New Orleans,Artificial
2015-11-08,2015,9,New York Jets,28.0,23.0,Jacksonville Jaguars,MetLife Stadium,82500,USA,Outdoor,East Rutherford,Artificial
2015-11-08,2015,9,Pittsburgh Steelers,38.0,35.0,Las Vegas Raiders,Heinz Field,68400,USA,Outdoor,Pittsburgh,Grass
2015-11-08,2015,9,San Francisco 49ers,17.0,16.0,Atlanta Falcons,Levi's Stadium,68500,USA,Outdoor,Santa Clara,Grass
2015-11-08,2015,9,Tampa Bay Buccaneers,18.0,32.0,New York Giants,Raymond James Stadium,69218,USA,Outdoor,Tampa Bay,Grass
2015-11-09,2015,9,Los Angeles Chargers,19.0,22.0,Chicago Bears,Qualcomm Stadium,47252,Brazil,Outdoor,Sao Paulo,Grass
2015-11-12,2015,10,New York Jets,17.0,22.0,Buffalo Bills,MetLife Stadium,82500,USA,Outdoor,East Rutherford,Artificial
2015-11-15,2015,10,Baltimore Ravens,20.0,22.0,Jacksonville Jaguars,M&T Bank Stadium,71008,USA,Outdoor,Baltimore,Grass
2015-11-15,2015,10,Denver Broncos,13.0,29.0,Kansas City Chiefs,Sports Authority Field at Mile High,76125,USA,Outdoor,Denver,Grass
2015-11-15,2015,10,Green Bay Packers,16.0,18.0,Detroit Lions,Lambeau Field,81441,USA,Outdoor,Green Bay,Grass
2015-11-15,2015,10,New York Giants,26.0,27.0,New England Patriots,MetLife Stadium,82500,USA,Outdoor,East Rutherford,Artificial
2015-11-15,2015,10,Las Vegas Raiders,14.0,30.0,Minnesota Vikings,Oakland Coliseum,65000,USA,Dome,Las Vegas,Grass
2015-11-15,2015,10,Philadelphia Eagles,19.0,20.0,Miami Dolphins,Lincoln Financial Field,67594,USA,Outdoor,Philadelphia,Grass
2015-11-15,2015,10,Pittsburgh Steelers,30.0,9.0,Cleveland Browns,Heinz Field,68400,USA,Outdoor,Pittsburgh,Grass
2015-11-15,2015,10,Seattle Seahawks,32.0,39.0,Arizona Cardinals,CenturyLink Field,68740,USA,Outdoor,Seattle,Artificial
2015-11-15,2015,10,Los Angeles Rams,13.0,37.0,Chicago Bears,Edward Jones Dome,70240,USA,Dome,Inglewood,Artificial
2015-11-15,2015,10,Tampa Bay Buccaneers,10.0,6.0,Dallas Cowboys,Raymond James Stadium,69218,USA,Outdoor,Tampa Bay,Grass
2015-11-15,2015,10,Tennessee Titans,10.0,27.0,Carolina Panthers,Nissan Stadium,69143,USA,Outdoor,Nashville,Grass
2015-11-15,2015,10,Washington Commanders,47.0,14.0,New Orleans Saints,FedEx Field,62000,USA,Outdoor,Landover,Grass
2015-11-16,2015,10,Cincinnati Bengals,6.0,10.0,Houston Texans,Paul Brown Stadium,65515,USA,Outdoor,Cincinnati,Artificial
2015-11-19,2015,11,Jacksonville Jaguars,19.0,13.0,Tennessee Titans,EverBank Field,67814,USA,Outdoor,Jacksonville,Grass
2015-11-22,2015,11,Arizona Cardinals,34.0,31.0,Cincinnati Bengals,University of Phoenix Stadium,63400,USA,RetractableDome,Glendale,Grass
2015-11-22,2015,11,Atlanta Falcons,21.0,24.0,Indianapolis Colts,Georgia Dome,71000,USA,RetractableDome,Atlanta,Artificial
2015-11-22,2015,11,Baltimore Ravens,16.0,13.0,Los Angeles Rams,M&T Bank Stadium,71008,USA,Outdoor,Baltimore,Grass
2015-11-22,2015,11,Carolina Panthers,44.0,16.0,Washington Commanders,Bank of America Stadium,74867,USA,Outdoor,Charlotte,Artificial
2015-11-22,2015,11,Chicago Bears,15.0,17.0,Denver Broncos,Soldier Field,61500,USA,Outdoor,Chicago,Grass
2015-11-22,2015,11,Detroit Lions,18.0,13.0,Las Vegas Raiders,Ford Field,65000,USA,Dome,Detroit,Artificial
2015-11-22,2015,11,Houston Texans,24.0,17.0,New York Jets,Reliant Stadium,72220,USA,RetractableDome,Houston,Artificial
2015-11-22,2015,11,Miami Dolphins,14.0,24.0,Dallas Cowboys,Sun Life Stadium,64767,USA,Outdoor,Miami Gardens,Grass
2015-11-22,2015,11,Minnesota Vikings,13.0,30.0,Green Bay Packers,TCF Bank Stadium,66655,USA,Dome,Minneapolis,Artificial
2015-11-22,2015,11,Philadelphia Eagles,17.0,45.0,Tampa Bay Buccaneers,Lincoln Financial Field,67594,USA,Outdoor,Philadelphia,Grass
2015-11-22,2015,11,Los Angeles Chargers,3.0,33.0,Kansas City Chiefs,Qualcomm Stadium,47252,Brazil,Outdoor,Sao Paulo,Grass
2015-11-22,2015,11,Seattle Seahawks,29.0,13.0,San Francisco 49ers,CenturyLink Field,68740,USA,Outdoor,Seattle,Artificial
2015-11-23,2015,11,New England Patriots,20.0,13.0,Buffalo Bills,Gillette Stadium,64628,USA,Outdoor,Foxborough,Artificial
2015-11-26,2015,12,Dallas Cowboys,14.0,33.0,Carolina Panthers,Cowboys Stadium,80000,USA,RetractableDome,Arlington,Artificial
2015-11-26,2015,12,Detroit Lions,45.0,14.0,Philadelphia Eagles,Ford Field,65000,USA,Dome,Detroit,Artificial
2015-11-26,2015,12,Green Bay Packers,13.0,17.0,Chicago Bears,Lambeau Field,81441,USA,Outdoor,Green Bay,Grass
2015-11-29,2015,12,Atlanta Falcons,10.0,20.0,Minnesota Vikings,Georgia Dome,71000,USA,RetractableDome,Atlanta,Artificial
2015-11-29,2015,12,Cincinnati Bengals,31.0,7.0,Los Angeles Rams,Paul Brown Stadium,65515,USA,Outdoor,Cincinnati,Artificial
2015-11-29,2015,12,Denver Broncos,30.0,24.0,New England Patriots,Sports Authority Field at Mile High,76125,USA,Outdoor,Denver,Grass
2015-11-29,2015,12,Houston Texans,24.0,6.0,New Orleans Saints,Reliant Stadium,72220,USA,RetractableDome,Houston,Artificial
2015-11-29,2015,12,Indianapolis Colts,25.0,12.0,Tampa Bay Buccaneers,Lucas Oil Stadium,67000,USA,RetractableDome,Indianapolis,Artificial
2015-11-29,2015,12,Jacksonville Jaguars,25.0,31.0,Los Angeles Chargers,EverBank Field,67814,USA,Outdoor,Jacksonville,Grass
2015-11-29,2015,12,Kansas City Chiefs,30.0,22.0,Buffalo Bills,Arrowhead Stadium,76416,USA,Outdoor,Kansas City,Grass
2015-11-29,2015,12,New York Jets,38.0,20.0,Miami Dolphins,MetLife Stadium,82500,USA,Outdoor,East Rutherford,Artificial
2015-11-29,2015,12,San Francisco 49ers,13.0,19.0,Arizona Cardinals,Levi's Stadium,68500,USA,Outdoor,Santa Clara,Grass
2015-11-29,2015,12,Seattle Seahawks,39.0,30.0,Pittsburgh Steelers,CenturyLink Field,68740,USA,Outdoor,Seattle,Artificial
2015-11-29,2015,12,Tennessee Titans,21.0,24.0,Las Vegas Raiders,Nissan Stadium,69143,USA,Outdoor,Nashville,Grass
2015-11-29,2015,12,Washington Commanders,20.0,14.0,New York Giants,FedEx Field,62000,USA,Outdoor,Landover,Grass
2015-11-30,2015,12,Cleveland Browns,27.0,33.0,Baltimore Ravens,FirstEnergy Stadium,67431,USA,Outdoor,Cleveland,Grass
2015-12-03,2015,13,Detroit Lions,23.0,27.0,Green Bay Packers,Ford Field,65000,USA,Dome,Detroit,Artificial
2015-12-06,2015,13,Buffalo Bills,30.0,21.0,Houston Texans,Ralph Wilson Stadium,71608,USA,Outdoor,Orchard Park,Artificial
2015-12-06,2015,13,Chicago Bears,20.0,26.0,San Francisco 49ers,Soldier Field,61500,USA,Outdoor,Chicago,Grass
2015-12-06,2015,13,Cleveland Browns,3.0,37.0,Cincinnati Bengals,FirstEnergy Stadium,67431,USA,Outdoor,Cleveland,Grass
2015-12-06,2015,13,Miami Dolphins,15.0,13.0,Baltimore Ravens,Sun Life Stadium,64767,USA,Outdoor,Miami Gardens,Grass
2015-12-06,2015,13,Minnesota Vikings,7.0,38.0,Seattle Seahawks,TCF Bank Stadium,66655,USA,Dome,Minneapolis,Artificial
2015-12-06,2015,13,New England Patriots,28.0,35.0,Philadelphia Eagles,Gillette Stadium,64628,USA,Outdoor,Foxborough,Artificial
2015-12-06,2015,13,New Orleans Saints,38.0,41.0,Carolina Panthers,Louisiana Superdome,73208,USA,Dome,New Orleans,Artificial
2015-12-06,2015,13,New York Giants,20.0,23.0,New York Jets,MetLife Stadium,82500,USA,Outdoor,East Rutherford,Artificial
2015-12-06,2015,13,Las Vegas Raiders,20.0,34.0,Kansas City Chiefs,Oakland Coliseum,65000,USA,Dome,Las Vegas,Grass
2015-12-06,2015,13,Pittsburgh Steelers,45.0,10.0,Indianapolis Colts,Heinz Field,68400,USA,Outdoor,Pittsburgh,Grass
2015-12-06,2015,13,Los Angeles Chargers,3.0,17.0,Denver Broncos,Qualcomm Stadium,47252,Brazil,Outdoor,Sao Paulo,Grass
2015-12-06,2015,13,Los Angeles Rams,3.0,27.0,Arizona Cardinals,Edward Jones Dome,70240,USA,Dome,Inglewood,Artificial
2015-12-06,2015,13,Tampa Bay Buccaneers,23.0,19.0,Atlanta Falcons,Raymond James Stadium,69218,USA,Outdoor,Tampa Bay,Grass
2015-12-06,2015,13,Tennessee Titans,42.0,39.0,Jacksonville Jaguars,Nissan Stadium,69143,USA,Outdoor,Nashville,Grass
2015-12-07,2015,13,Washington Commanders,16.0,19.0,Dallas Cowboys,FedEx Field,62000,USA,Outdoor,Landover,Grass
2015-12-10,2015,14,Arizona Cardinals,23.0,20.0,Minnesota Vikings,University of Phoenix Stadium,63400,USA,RetractableDome,Glendale,Grass
2015-12-13,2015,14,Baltimore Ravens,6.0,35.0,Seattle Seahawks,M&T Bank Stadium,71008,USA,Outdoor,Baltimore,Grass
2015-12-13,2015,14,Carolina Panthers,38.0,0.0,Atlanta Falcons,Bank of America Stadium,74867,USA,Outdoor,Charlotte,Artificial
2015-12-13,2015,14,Chicago Bears,21.0,24.0,Washington Commanders,Soldier Field,61500,USA,Outdoor,Chicago,Grass
2015-12-13,2015,14,Cincinnati Bengals,20.0,33.0,Pittsburgh Steelers,Paul Brown Stadium,65515,USA,Outdoor,Cincinnati,Artificial
2015-12-13,2015,14,Cleveland Browns,24.0,10.0,San Francisco 49ers,FirstEnergy Stadium,67431,USA,Outdoor,Cleveland,Grass
2015-12-13,2015,14,Denver Broncos,12.0,15.0,Las Vegas Raiders,Sports Authority Field at Mile High,76125,USA,Outdoor,Denver,Grass
2015-12-13,2015,14,Green Bay Packers,28.0,7.0,Dallas Cowboys,Lambeau Field,81441,USA,Outdoor,Green Bay,Grass
2015-12-13,2015,14,Houston Texans,6.0,27.0,New England Patriots,Reliant Stadium,72220,USA,RetractableDome,Houston,Artificial
2015-12-13,2015,14,Jacksonville Jaguars,51.0,16.0,Indianapolis Colts,EverBank Field,67814,USA,Outdoor,Jacksonville,Grass
2015-12-13,2015,14,Kansas City Chiefs,10.0,3.0,Los Angeles Chargers,Arrowhead Stadium,76416,USA,Outdoor,Kansas City,Grass
2015-12-13,2015,14,New York Jets,30.0,8.0,Tennessee Titans,MetLife Stadium,82500,USA,Outdoor,East Rutherford,Artificial
2015-12-13,2015,14,Philadelphia Eagles,23.0,20.0,Buffalo Bills,Lincoln Financial Field,67594,USA,Outdoor,Philadelphia,Grass
2015-12-13,2015,14,Los Angeles Rams,21.0,14.0,Detroit Lions,Edward Jones Dome,70240,USA,Dome,Inglewood,Artificial
2015-12-13,2015,14,Tampa Bay Buccaneers,17.0,24.0,New Orleans Saints,Raymond James Stadium,69218,USA,Outdoor,Tampa Bay,Grass
2015-12-14,2015,14,Miami Dolphins,24.0,31.0,New York Giants,Sun Life Stadium,64767,USA,Outdoor,Miami Gardens,Grass
2015-12-17,2015,15,Los Angeles Rams,31.0,23.0,Tampa Bay Buccaneers,Edward Jones Dome,70240,USA,Dome,Inglewood,Artificial
2015-12-19,2015,15,Dallas Cowboys,16.0,19.0,New York Jets,Cowboys Stadium,80000,USA,RetractableDome,Arlington,Artificial
2015-12-20,2015,15,Baltimore Ravens,14.0,34.0,Kansas City Chiefs,M&T Bank Stadium,71008,USA,Outdoor,Baltimore,Grass
2015-12-20,2015,15,Indianapolis Colts,10.0,16.0,Houston Texans,Lucas Oil Stadium,67000,USA,RetractableDome,Indianapolis,Artificial
2015-12-20,2015,15,Jacksonville Jaguars,17.0,23.0,Atlanta Falcons,EverBank Field,67814,USA,Outdoor,Jacksonville,Grass
2015-12-20,2015,15,Minnesota Vikings,38.0,17.0,Chicago Bears,TCF Bank Stadium,66655,USA,Dome,Minneapolis,Artificial
2015-12-20,2015,15,New England Patriots,33.0,16.0,Tennessee Titans,Gillette Stadium,64628,USA,Outdoor,Foxborough,Artificial
2015-12-20,2015,15,New York Giants,35.0,38.0,Carolina Panthers,MetLife Stadium,82500,USA,Outdoor,East Rutherford,Artificial
2015-12-20,2015,15,Las Vegas Raiders,20.0,30.0,Green Bay Packers,Oakland Coliseum,65000,USA,Dome,Las Vegas,Grass
2015-12-20,2015,15,Philadelphia Eagles,17.0,40.0,Arizona Cardinals,Lincoln Financial Field,67594,USA,Outdoor,Philadelphia,Grass
2015-12-20,2015,15,Pittsburgh Steelers,34.0,27.0,Denver Broncos,Heinz Field,68400,USA,Outdoor,Pittsburgh,Grass
2015-12-20,2015,15,Los Angeles Chargers,30.0,14.0,Miami Dolphins,Qualcomm Stadium,47252,Brazil,Outdoor,Sao Paulo,Grass
2015-12-20,2015,15,San Francisco 49ers,14.0,24.0,Cincinnati Bengals,Levi's Stadium,68500,USA,Outdoor,Santa Clara,Grass
2015-12-20,2015,15,Seattle Seahawks,30.0,13.0,Cleveland Browns,CenturyLink Field,68740,USA,Outdoor,Seattle,Artificial
2015-12-20,2015,15,Washington Commanders,35.0,25.0,Buffalo Bills,FedEx Field,62000,USA,Outdoor,Landover,Grass
2015-12-21,2015,15,New Orleans Saints,27.0,35.0,Detroit Lions,Louisiana Superdome,73208,USA,Dome,New Orleans,Artificial
2015-12-24,2015,16,Las Vegas Raiders,23.0,20.0,Los Angeles Chargers,Oakland Coliseum,65000,USA,Dome,Las Vegas,Grass
2015-12-26,2015,16,Philadelphia Eagles,24.0,38.0,Washington Commanders,Lincoln Financial Field,67594,USA,Outdoor,Philadelphia,Grass
2015-12-27,2015,16,Arizona Cardinals,38.0,8.0,Green Bay Packers,University of Phoenix Stadium,63400,USA,RetractableDome,Glendale,Grass
2015-12-27,2015,16,Atlanta Falcons,20.0,13.0,Carolina Panthers,Georgia Dome,71000,USA,RetractableDome,Atlanta,Artificial
2015-12-27,2015,16,Baltimore Ravens,20.0,17.0,Pittsburgh Steelers,M&T Bank Stadium,71008,USA,Outdoor,Baltimore,Grass
2015-12-27,2015,16,Buffalo Bills,16.0,6.0,Dallas Cowboys,Ralph Wilson Stadium,71608,USA,Outdoor,Orchard Park,Artificial
2015-12-27,2015,16,Detroit Lions,32.0,17.0,San Francisco 49ers,Ford Field,65000,USA,Dome,Detroit,Artificial
2015-12-27,2015,16,Kansas City Chiefs,17.0,13.0,Cleveland Browns,Arrowhead Stadium,76416,USA,Outdoor,Kansas City,Grass
2015-12-27,2015,16,Miami Dolphins,12.0,18.0,Indianapolis Colts,Sun Life Stadium,64767,USA,Outdoor,Miami Gardens,Grass
2015-12-27,2015,16,Minnesota Vikings,49.0,17.0,New York Giants,TCF Bank Stadium,66655,USA,Dome,Minneapolis,Artificial
2015-12-27,2015,16,New Orleans Saints,38.0,27.0,Jacksonville Jaguars,Louisiana Superdome,73208,USA,Dome,New Orleans,Artificial
2015-12-27,2015,16,New York Jets,26.0,20.0,New England Patriots,MetLife Stadium,82500,USA,Outdoor,East Rutherford,Artificial
2015-12-27,2015,16,Seattle Seahawks,17.0,23.0,Los Angeles Rams,CenturyLink Field,68740,USA,Outdoor,Seattle,Artificial
2015-12-27,2015,16,Tampa Bay Buccaneers,21.0,26.0,Chicago Bears,Raymond James Stadium,69218,USA,Outdoor,Tampa Bay,Grass
2015-12-27,2015,16,Tennessee Titans,6.0,34.0,Houston Texans,Nissan Stadium,69143,USA,Outdoor,Nashville,Grass
2015-12-28,2015,16,Denver Broncos,20.0,17.0,Cincinnati Bengals,Sports Authority Field at Mile High,76125,USA,Outdoor,Denver,Grass
2016-01-03,2015,17,Arizona Cardinals,6.0,36.0,Seattle Seahawks,University of Phoenix Stadium,63400,USA,RetractableDome,Glendale,Grass
2016-01-03,2015,17,Atlanta Falcons,17.0,20.0,New Orleans Saints,Georgia Dome,71000,USA,RetractableDome,Atlanta,Artificial
2016-01-03,2015,17,Buffalo Bills,22.0,17.0,New York Jets,Ralph Wilson Stadium,71608,USA,Outdoor,Orchard Park,Artificial
2016-01-03,2015,17,Carolina Panthers,38.0,10.0,Tampa Bay Buccaneers,Bank of America Stadium,74867,USA,Outdoor,Charlotte,Artificial
2016-01-03,2015,17,Chicago Bears,20.0,24.0,Detroit Lions,Soldier Field,61500,USA,Outdoor,Chicago,Grass
2016-01-03,2015,17,Cincinnati Bengals,24.0,16.0,Baltimore Ravens,Paul Brown Stadium,65515,USA,Outdoor,Cincinnati,Artificial
2016-01-03,2015,17,Cleveland Browns,12.0,28.0,Pittsburgh Steelers,FirstEnergy Stadium,67431,USA,Outdoor,Cleveland,Grass
2016-01-03,2015,17,Dallas Cowboys,23.0,34.0,Washington Commanders,Cowboys Stadium,80000,USA,RetractableDome,Arlington,Artificial
2016-01-03,2015,17,Denver Broncos,27.0,20.0,Los Angeles Chargers,Sports Authority Field at Mile High,76125,USA,Outdoor,Denver,Grass
2016-01-03,2015,17,Green Bay Packers,13.0,20.0,Minnesota Vikings,Lambeau Field,81441,USA,Outdoor,Green Bay,Grass
2016-01-03,2015,17,Houston Texans,30.0,6.0,Jacksonville Jaguars,Reliant Stadium,72220,USA,RetractableDome,Houston,Artificial
2016-01-03,2015,17,Indianapolis Colts,30.0,24.0,Tennessee Titans,Lucas Oil Stadium,67000,USA,RetractableDome,Indianapolis,Artificial
2016-01-03,2015,17,Kansas City Chiefs,23.0,17.0,Las Vegas Raiders,Arrowhead Stadium,76416,USA,Outdoor,Kansas City,Grass
2016-01-03,2015,17,Miami Dolphins,20.0,10.0,New England Patriots,Sun Life Stadium,64767,USA,Outdoor,Miami Gardens,Grass
2016-01-03,2015,17,New York Giants,30.0,35.0,Philadelphia Eagles,MetLife Stadium,82500,USA,Outdoor,East Rutherford,Artificial
2016-01-03,2015,17,San Francisco 49ers,19.0,16.0,Los Angeles Rams,Levi's Stadium,68500,USA,Outdoor,Santa Clara,Grass
2016-09-08,2016,1,Denver Broncos,21.0,20.0,Carolina Panthers,Sports Authority Field at Mile High,76125,USA,Outdoor,Denver,Grass
2016-09-11,2016,1,Arizona Cardinals,21.0,23.0,New England Patriots,University of Phoenix Stadium,63400,USA,RetractableDome,Glendale,Grass
2016-09-11,2016,1,Atlanta Falcons,24.0,31.0,Tampa Bay Buccaneers,Georgia Dome,71000,USA,RetractableDome,Atlanta,Artificial
2016-09-11,2016,1,Baltimore Ravens,13.0,7.0,Buffalo Bills,M&T Bank Stadium,71008,USA,Outdoor,Baltimore,Grass
2016-09-11,2016,1,Dallas Cowboys,19.0,20.0,New York Giants,Cowboys Stadium,80000,USA,RetractableDome,Arlington,Artificial
2016-09-11,2016,1,Houston Texans,23.0,14.0,Chicago Bears,Reliant Stadium,72220,USA,RetractableDome,Houston,Artificial
2016-09-11,2016,1,Indianapolis Colts,35.0,39.0,Detroit Lions,Lucas Oil Stadium,67000,USA,RetractableDome,Indianapolis,Artificial
2016-09-11,2016,1,Jacksonville Jaguars,23.0,27.0,Green Bay Packers,EverBank Field,67814,USA,Outdoor,Jacksonville,Grass
2016-09-11,2016,1,Kansas City Chiefs,33.0,27.0,Los Angeles Chargers,Arrowhead Stadium,76416,USA,Outdoor,Kansas City,Grass
2016-09-11,2016,1,New Orleans Saints,34.0,35.0,Las Vegas Raiders,Louisiana Superdome,73208,USA,Dome,New Orleans,Artificial
2016-09-11,2016,1,New York Jets,22.0,23.0,Cincinnati Bengals,MetLife Stadium,82500,USA,Outdoor,East Rutherford,Artificial
2016-09-11,2016,1,Philadelphia Eagles,29.0,10.0,Cleveland Browns,Lincoln Financial Field,67594,USA,Outdoor,Philadelphia,Grass
2016-09-11,2016,1,Seattle Seahawks,12.0,10.0,Miami Dolphins,CenturyLink Field,68740,USA,Outdoor,Seattle,Artificial
2016-09-11,2016,1,Tennessee Titans,16.0,25.0,Minnesota Vikings,Nissan Stadium,69143,USA,Outdoor,Nashville,Grass
2016-09-12,2016,1,San Francisco 49ers,28.0,0.0,Los Angeles Rams,Levi's Stadium,68500,USA,Outdoor,Santa Clara,Grass
2016-09-12,2016,1,Washington Commanders,16.0,38.0,Pittsburgh Steelers,FedEx Field,62000,USA,Outdoor,Landover,Grass
2016-09-15,2016,2,Buffalo Bills,31.0,37.0,New York Jets,New Era Field,71608,USA,Outdoor,Orchard Park,Artificial
2016-09-18,2016,2,Arizona Cardinals,40.0,7.0,Tampa Bay Buccaneers,University of Phoenix Stadium,63400,USA,RetractableDome,Glendale,Grass
2016-09-18,2016,2,Carolina Panthers,46.0,27.0,San Francisco 49ers,Bank of America Stadium,74867,USA,Outdoor,Charlotte,Artificial
2016-09-18,2016,2,Cleveland Browns,20.0,25.0,Baltimore Ravens,FirstEnergy Stadium,67431,USA,Outdoor,Cleveland,Grass
2016-09-18,2016,2,Denver Broncos,34.0,20.0,Indianapolis Colts,Sports Authority Field at Mile High,76125,USA,Outdoor,Denver,Grass
2016-09-18,2016,2,Detroit Lions,15.0,16.0,Tennessee Titans,Ford Field,65000,USA,Dome,Detroit,Artificial
2016-09-18,2016,2,Houston Texans,19.0,12.0,Kansas City Chiefs,Reliant Stadium,72220,USA,RetractableDome,Houston,Artificial
2016-09-18,2016,2,Los Angeles Rams,9.0,3.0,Seattle Seahawks,Los Angeles Memorial Coliseum,70240,USA,Dome,Inglewood,Artificial
2016-09-18,2016,2,Minnesota Vikings,17.0,14.0,Green Bay Packers,U.S. Bank Stadium,66655,USA,Dome,Minneapolis,Artificial
2016-09-18,2016,2,New England Patriots,31.0,24.0,Miami Dolphins,Gillette Stadium,64628,USA,Outdoor,Foxborough,Artificial
2016-09-18,2016,2,New York Giants,16.0,13.0,New Orleans Saints,MetLife Stadium,82500,USA,Outdoor,East Rutherford,Artificial
2016-09-18,2016,2,Las Vegas Raiders,28.0,35.0,Atlanta Falcons,Oakland Coliseum,65000,USA,Dome,Las Vegas,Grass
2016-09-18,2016,2,Pittsburgh Steelers,24.0,16.0,Cincinnati Bengals,Heinz Field,68400,USA,Outdoor,Pittsburgh,Grass
2016-09-18,2016,2,Los Angeles Chargers,38.0,14.0,Jacksonville Jaguars,Qualcomm Stadium,47252,Brazil,Outdoor,Sao Paulo,Grass
2016-09-18,2016,2,Washington Commanders,23.0,27.0,Dallas Cowboys,FedEx Field,62000,USA,Outdoor,Landover,Grass
2016-09-19,2016,2,Chicago Bears,14.0,29.0,Philadelphia Eagles,Soldier Field,61500,USA,Outdoor,Chicago,Grass
2016-09-22,2016,3,New England Patriots,27.0,0.0,Houston Texans,Gillette Stadium,64628,USA,Outdoor,Foxborough,Artificial
2016-09-25,2016,3,Buffalo Bills,33.0,18.0,Arizona Cardinals,New Era Field,71608,USA,Outdoor,Orchard Park,Artificial
2016-09-25,2016,3,Carolina Panthers,10.0,22.0,Minnesota Vikings,Bank of America Stadium,74867,USA,Outdoor,Charlotte,Artificial
2016-09-25,2016,3,Cincinnati Bengals,17.0,29.0,Denver Broncos,Paul Brown Stadium,65515,USA,Outdoor,Cincinnati,Artificial
2016-09-25,2016,3,Dallas Cowboys,31.0,17.0,Chicago Bears,Cowboys Stadium,80000,USA,RetractableDome,Arlington,Artificial
2016-09-25,2016,3,Green Bay Packers,34.0,27.0,Detroit Lions,Lambeau Field,81441,USA,Outdoor,Green Bay,Grass
2016-09-25,2016,3,Indianapolis Colts,26.0,22.0,Los Angeles Chargers,Lucas Oil Stadium,67000,USA,RetractableDome,Indianapolis,Artificial
2016-09-25,2016,3,Jacksonville Jaguars,17.0,19.0,Baltimore Ravens,EverBank Field,67814,USA,Outdoor,Jacksonville,Grass
2016-09-25,2016,3,Kansas City Chiefs,24.0,3.0,New York Jets,Arrowhead Stadium,76416,USA,Outdoor,Kansas City,Grass
2016-09-25,2016,3,Miami Dolphins,30.0,24.0,Cleveland Browns,Sun Life Stadium,64767,USA,Outdoor,Miami Gardens,Grass
2016-09-25,2016,3,New York Giants,27.0,29.0,Washington Commanders,MetLife Stadium,82500,USA,Outdoor,East Rutherford,Artificial
2016-09-25,2016,3,Philadelphia Eagles,34.0,3.0,Pittsburgh Steelers,Lincoln Financial Field,67594,USA,Outdoor,Philadelphia,Grass
2016-09-25,2016,3,Seattle Seahawks,37.0,18.0,San Francisco 49ers,CenturyLink Field,68740,USA,Outdoor,Seattle,Artificial
2016-09-25,2016,3,Tampa Bay Buccaneers,32.0,37.0,Los Angeles Rams,Raymond James Stadium,69218,USA,Outdoor,Tampa Bay,Grass
2016-09-25,2016,3,Tennessee Titans,10.0,17.0,Las Vegas Raiders,Nissan Stadium,69143,USA,Outdoor,Nashville,Grass
2016-09-26,2016,3,New Orleans Saints,32.0,45.0,Atlanta Falcons,Louisiana Superdome,73208,USA,Dome,New Orleans,Artificial
2016-09-29,2016,4,Cincinnati Bengals,22.0,7.0,Miami Dolphins,Paul Brown Stadium,65515,USA,Outdoor,Cincinnati,Artificial
2016-10-02,2016,4,Arizona Cardinals,13.0,17.0,Los Angeles Rams,University of Phoenix Stadium,63400,USA,RetractableDome,Glendale,Grass
2016-10-02,2016,4,Atlanta Falcons,48.0,33.0,Carolina Panthers,Georgia Dome,71000,USA,RetractableDome,Atlanta,Artificial
2016-10-02,2016,4,Baltimore Ravens,27.0,28.0,Las Vegas Raiders,M&T Bank Stadium,71008,USA,Outdoor,Baltimore,Grass
2016-10-02,2016,4,Chicago Bears,17.0,14.0,Detroit Lions,Soldier Field,61500,USA,Outdoor,Chicago,Grass
2016-10-02,2016,4,Houston Texans,27.0,20.0,Tennessee Titans,Reliant Stadium,72220,USA,RetractableDome,Houston,Artificial
2016-10-02,2016,4,Jacksonville Jaguars,30.0,27.0,Indianapolis Colts,Wembley Stadium,67814,USA,Outdoor,Jacksonville,Grass
2016-10-02,2016,4,New England Patriots,0.0,16.0,Buffalo Bills,Gillette Stadium,64628,USA,Outdoor,Foxborough,Artificial
2016-10-02,2016,4,New York Jets,17.0,27.0,Seattle Seahawks,MetLife Stadium,82500,USA,Outdoor,East Rutherford,Artificial
2016-10-02,2016,4,Pittsburgh Steelers,43.0,14.0,Kansas City Chiefs,Heinz Field,68400,USA,Outdoor,Pittsburgh,Grass
2016-10-02,2016,4,Los Angeles Chargers,34.0,35.0,New Orleans Saints,Qualcomm Stadium,47252,Brazil,Outdoor,Sao Paulo,Grass
2016-10-02,2016,4,San Francisco 49ers,17.0,24.0,Dallas Cowboys,Levi's Stadium,68500,USA,Outdoor,Santa Clara,Grass
2016-10-02,2016,4,Tampa Bay Buccaneers,7.0,27.0,Denver Broncos,Raymond James Stadium,69218,USA,Outdoor,Tampa Bay,Grass
2016-10-02,2016,4,Washington Commanders,31.0,20.0,Cleveland Browns,FedEx Field,62000,USA,Outdoor,Landover,Grass
2016-10-03,2016,4,Minnesota Vikings,24.0,10.0,New York Giants,U.S. Bank Stadium,66655,USA,Dome,Minneapolis,Artificial
2016-10-06,2016,5,San Francisco 49ers,21.0,33.0,Arizona Cardinals,Levi's Stadium,68500,USA,Outdoor,Santa Clara,Grass
2016-10-09,2016,5,Baltimore Ravens,10.0,16.0,Washington Commanders,M&T Bank Stadium,71008,USA,Outdoor,Baltimore,Grass
2016-10-09,2016,5,Cleveland Browns,13.0,33.0,New England Patriots,FirstEnergy Stadium,67431,USA,Outdoor,Cleveland,Grass
2016-10-09,2016,5,Dallas Cowboys,28.0,14.0,Cincinnati Bengals,Cowboys Stadium,80000,USA,RetractableDome,Arlington,Artificial
2016-10-09,2016,5,Denver Broncos,16.0,23.0,Atlanta Falcons,Sports Authority Field at Mile High,76125,USA,Outdoor,Denver,Grass
2016-10-09,2016,5,Detroit Lions,24.0,23.0,Philadelphia Eagles,Ford Field,65000,USA,Dome,Detroit,Artificial
2016-10-09,2016,5,Green Bay Packers,23.0,16.0,New York Giants,Lambeau Field,81441,USA,Outdoor,Green Bay,Grass
2016-10-09,2016,5,Indianapolis Colts,29.0,23.0,Chicago Bears,Lucas Oil Stadium,67000,USA,RetractableDome,Indianapolis,Artificial
2016-10-09,2016,5,Los Angeles Rams,19.0,30.0,Buffalo Bills,Los Angeles Memorial Coliseum,70240,USA,Dome,Inglewood,Artificial
2016-10-09,2016,5,Miami Dolphins,17.0,30.0,Tennessee Titans,Sun Life Stadium,64767,USA,Outdoor,Miami Gardens,Grass
2016-10-09,2016,5,Minnesota Vikings,31.0,13.0,Houston Texans,U.S. Bank Stadium,66655,USA,Dome,Minneapolis,Artificial
2016-10-09,2016,5,Las Vegas Raiders,34.0,31.0,Los Angeles Chargers,Oakland Coliseum,65000,USA,Dome,Las Vegas,Grass
2016-10-09,2016,5,Pittsburgh Steelers,31.0,13.0,New York Jets,Heinz Field,68400,USA,Outdoor,Pittsburgh,Grass
2016-10-10,2016,5,Carolina Panthers,14.0,17.0,Tampa Bay Buccaneers,Bank of America Stadium,74867,USA,Outdoor,Charlotte,Artificial
2016-10-13,2016,6,Los Angeles Chargers,21.0,13.0,Denver Broncos,Qualcomm Stadium,47252,Brazil,Outdoor,Sao Paulo,Grass
2016-10-16,2016,6,Buffalo Bills,45.0,16.0,San Francisco 49ers,New Era Field,71608,USA,Outdoor,Orchard Park,Artificial
2016-10-16,2016,6,Chicago Bears,16.0,17.0,Jacksonville Jaguars,Soldier Field,61500,USA,Outdoor,Chicago,Grass
2016-10-16,2016,6,Detroit Lions,31.0,28.0,Los Angeles Rams,Ford Field,65000,USA,Dome,Detroit,Artificial
2016-10-16,2016,6,Green Bay Packers,16.0,30.0,Dallas Cowboys,Lambeau Field,81441,USA,Outdoor,Green Bay,Grass
2016-10-16,2016,6,Houston Texans,26.0,23.0,Indianapolis Colts,Reliant Stadium,72220,USA,RetractableDome,Houston,Artificial
2016-10-16,2016,6,Miami Dolphins,30.0,15.0,Pittsburgh Steelers,Sun Life Stadium,64767,USA,Outdoor,Miami Gardens,Grass
2016-10-16,2016,6,New England Patriots,35.0,17.0,Cincinnati Bengals,Gillette Stadium,64628,USA,Outdoor,Foxborough,Artificial
2016-10-16,2016,6,New Orleans Saints,41.0,38.0,Carolina Panthers,Louisiana Superdome,73208,USA,Dome,New Orleans,Artificial
2016-10-16,2016,6,New York Giants,27.0,23.0,Baltimore Ravens,MetLife Stadium,82500,USA,Outdoor,East Rutherford,Artificial
2016-10-16,2016,6,Las Vegas Raiders,10.0,26.0,Kansas City Chiefs,Oakland Coliseum,65000,USA,Dome,Las Vegas,Grass
2016-10-16,2016,6,Seattle Seahawks,26.0,24.0,Atlanta Falcons,CenturyLink Field,68740,USA,Outdoor,Seattle,Artificial
2016-10-16,2016,6,Tennessee Titans,28.0,26.0,Cleveland Browns,Nissan Stadium,69143,USA,Outdoor,Nashville,Grass
2016-10-16,2016,6,Washington Commanders,27.0,20.0,Philadelphia Eagles,FedEx Field,62000,USA,Outdoor,Landover,Grass
2016-10-17,2016,6,Arizona Cardinals,28.0,3.0,New York Jets,University of Phoenix Stadium,63400,USA,RetractableDome,Glendale,Grass
2016-10-20,2016,7,Green Bay Packers,26.0,10.0,Chicago Bears,Lambeau Field,81441,USA,Outdoor,Green Bay,Grass
2016-10-23,2016,7,Arizona Cardinals,6.0,6.0,Seattle Seahawks,University of Phoenix Stadium,63400,USA,RetractableDome,Glendale,Grass
2016-10-23,2016,7,Atlanta Falcons,30.0,33.0,Los Angeles Chargers,Georgia Dome,71000,USA,RetractableDome,Atlanta,Artificial
2016-10-23,2016,7,Cincinnati Bengals,31.0,17.0,Cleveland Browns,Paul Brown Stadium,65515,USA,Outdoor,Cincinnati,Artificial
2016-10-23,2016,7,Detroit Lions,20.0,17.0,Washington Commanders,Ford Field,65000,USA,Dome,Detroit,Artificial
2016-10-23,2016,7,Jacksonville Jaguars,16.0,33.0,Las Vegas Raiders,EverBank Field,67814,USA,Outdoor,Jacksonville,Grass
2016-10-23,2016,7,Kansas City Chiefs,27.0,21.0,New Orleans Saints,Arrowhead Stadium,76416,USA,Outdoor,Kansas City,Grass
2016-10-23,2016,7,Los Angeles Rams,10.0,17.0,New York Giants,Twickenham Stadium,70240,USA,Dome,Inglewood,Artificial
2016-10-23,2016,7,Miami Dolphins,28.0,25.0,Buffalo Bills,Sun Life Stadium,64767,USA,Outdoor,Miami Gardens,Grass
2016-10-23,2016,7,New York Jets,24.0,16.0,Baltimore Ravens,MetLife Stadium,82500,USA,Outdoor,East Rutherford,Artificial
2016-10-23,2016,7,Philadelphia Eagles,21.0,10.0,Minnesota Vikings,Lincoln Financial Field,67594,USA,Outdoor,Philadelphia,Grass
2016-10-23,2016,7,Pittsburgh Steelers,16.0,27.0,New England Patriots,Heinz Field,68400,USA,Outdoor,Pittsburgh,Grass
2016-10-23,2016,7,San Francisco 49ers,17.0,34.0,Tampa Bay Buccaneers,Levi's Stadium,68500,USA,Outdoor,Santa Clara,Grass
2016-10-23,2016,7,Tennessee Titans,26.0,34.0,Indianapolis Colts,Nissan Stadium,69143,USA,Outdoor,Nashville,Grass
2016-10-24,2016,7,Denver Broncos,27.0,9.0,Houston Texans,Sports Authority Field at Mile High,76125,USA,Outdoor,Denver,Grass
2016-10-27,2016,8,Tennessee Titans,36.0,22.0,Jacksonville Jaguars,Nissan Stadium,69143,USA,Outdoor,Nashville,Grass
2016-10-30,2016,8,Atlanta Falcons,33.0,32.0,Green Bay Packers,Georgia Dome,71000,USA,RetractableDome,Atlanta,Artificial
2016-10-30,2016,8,Buffalo Bills,25.0,41.0,New England Patriots,New Era Field,71608,USA,Outdoor,Orchard Park,Artificial
2016-10-30,2016,8,Carolina Panthers,30.0,20.0,Arizona Cardinals,Bank of America Stadium,74867,USA,Outdoor,Charlotte,Artificial
2016-10-30,2016,8,Cincinnati Bengals,27.0,27.0,Washington Commanders,Wembley Stadium,65515,USA,Outdoor,Cincinnati,Artificial
2016-10-30,2016,8,Cleveland Browns,28.0,31.0,New York Jets,FirstEnergy Stadium,67431,USA,Outdoor,Cleveland,Grass
2016-10-30,2016,8,Dallas Cowboys,29.0,23.0,Philadelphia Eagles,Cowboys Stadium,80000,USA,RetractableDome,Arlington,Artificial
2016-10-30,2016,8,Denver Broncos,27.0,19.0,Los Angeles Chargers,Sports Authority Field at Mile High,76125,USA,Outdoor,Denver,Grass
2016-10-30,2016,8,Houston Texans,20.0,13.0,Detroit Lions,Reliant Stadium,72220,USA,RetractableDome,Houston,Artificial
2016-10-30,2016,8,Indianapolis Colts,14.0,30.0,Kansas City Chiefs,Lucas Oil Stadium,67000,USA,RetractableDome,Indianapolis,Artificial
2016-10-30,2016,8,New Orleans Saints,25.0,20.0,Seattle Seahawks,Louisiana Superdome,73208,USA,Dome,New Orleans,Artificial
2016-10-30,2016,8,Tampa Bay Buccaneers,24.0,30.0,Las Vegas Raiders,Raymond James Stadium,69218,USA,Outdoor,Tampa Bay,Grass
2016-10-31,2016,8,Chicago Bears,20.0,10.0,Minnesota Vikings,Soldier Field,61500,USA,Outdoor,Chicago,Grass
2016-11-03,2016,9,Tampa Bay Buccaneers,28.0,43.0,Atlanta Falcons,Raymond James Stadium,69218,USA,Outdoor,Tampa Bay,Grass
2016-11-06,2016,9,Baltimore Ravens,21.0,14.0,Pittsburgh Steelers,M&T Bank Stadium,71008,USA,Outdoor,Baltimore,Grass
2016-11-06,2016,9,Cleveland Browns,10.0,35.0,Dallas Cowboys,FirstEnergy Stadium,67431,USA,Outdoor,Cleveland,Grass
2016-11-06,2016,9,Green Bay Packers,26.0,31.0,Indianapolis Colts,Lambeau Field,81441,USA,Outdoor,Green Bay,Grass
2016-11-06,2016,9,Kansas City Chiefs,19.0,14.0,Jacksonville Jaguars,Arrowhead Stadium,76416,USA,Outdoor,Kansas City,Grass
2016-11-06,2016,9,Los Angeles Rams,10.0,13.0,Carolina Panthers,Los Angeles Memorial Coliseum,70240,USA,Dome,Inglewood,Artificial
2016-11-06,2016,9,Miami Dolphins,27.0,23.0,New York Jets,Sun Life Stadium,64767,USA,Outdoor,Miami Gardens,Grass
2016-11-06,2016,9,Minnesota Vikings,16.0,22.0,Detroit Lions,U.S. Bank Stadium,66655,USA,Dome,Minneapolis,Artificial
2016-11-06,2016,9,New York Giants,28.0,23.0,Philadelphia Eagles,MetLife Stadium,82500,USA,Outdoor,East Rutherford,Artificial
2016-11-06,2016,9,Las Vegas Raiders,30.0,20.0,Denver Broncos,Oakland Coliseum,65000,USA,Dome,Las Vegas,Grass
2016-11-06,2016,9,Los Angeles Chargers,43.0,35.0,Tennessee Titans,Qualcomm Stadium,47252,Brazil,Outdoor,Sao Paulo,Grass
2016-11-06,2016,9,San Francisco 49ers,23.0,41.0,New Orleans Saints,Levi's Stadium,68500,USA,Outdoor,Santa Clara,Grass
2016-11-07,2016,9,Seattle Seahawks,31.0,25.0,Buffalo Bills,CenturyLink Field,68740,USA,Outdoor,Seattle,Artificial
2016-11-10,2016,10,Baltimore Ravens,28.0,7.0,Cleveland Browns,M&T Bank Stadium,71008,USA,Outdoor,Baltimore,Grass
2016-11-13,2016,10,Arizona Cardinals,23.0,20.0,San Francisco 49ers,University of Phoenix Stadium,63400,USA,RetractableDome,Glendale,Grass
2016-11-13,2016,10,Carolina Panthers,17.0,20.0,Kansas City Chiefs,Bank of America Stadium,74867,USA,Outdoor,Charlotte,Artificial
2016-11-13,2016,10,Jacksonville Jaguars,21.0,24.0,Houston Texans,EverBank Field,67814,USA,Outdoor,Jacksonville,Grass
2016-11-13,2016,10,New England Patriots,24.0,31.0,Seattle Seahawks,Gillette Stadium,64628,USA,Outdoor,Foxborough,Artificial
2016-11-13,2016,10,New Orleans Saints,23.0,25.0,Denver Broncos,Louisiana Superdome,73208,USA,Dome,New Orleans,Artificial
2016-11-13,2016,10,New York Jets,6.0,9.0,Los Angeles Rams,MetLife Stadium,82500,USA,Outdoor,East Rutherford,Artificial
2016-11-13,2016,10,Philadelphia Eagles,24.0,15.0,Atlanta Falcons,Lincoln Financial Field,67594,USA,Outdoor,Philadelphia,Grass
2016-11-13,2016,10,Pittsburgh Steelers,30.0,35.0,Dallas Cowboys,Heinz Field,68400,USA,Outdoor,Pittsburgh,Grass
2016-11-13,2016,10,Los Angeles Chargers,24.0,31.0,Miami Dolphins,Qualcomm Stadium,47252,Brazil,Outdoor,Sao Paulo,Grass
2016-11-13,2016,10,Tampa Bay Buccaneers,36.0,10.0,Chicago Bears,Raymond James Stadium,69218,USA,Outdoor,Tampa Bay,Grass
2016-11-13,2016,10,Tennessee Titans,47.0,25.0,Green Bay Packers,Nissan Stadium,69143,USA,Outdoor,Nashville,Grass
2016-11-13,2016,10,Washington Commanders,26.0,20.0,Minnesota Vikings,FedEx Field,62000,USA,Outdoor,Landover,Grass
2016-11-14,2016,10,New York Giants,21.0,20.0,Cincinnati Bengals,MetLife Stadium,82500,USA,Outdoor,East Rutherford,Artificial
2016-11-17,2016,11,Carolina Panthers,23.0,20.0,New Orleans Saints,Bank of America Stadium,74867,USA,Outdoor,Charlotte,Artificial
2016-11-20,2016,11,Cincinnati Bengals,12.0,16.0,Buffalo Bills,Paul Brown Stadium,65515,USA,Outdoor,Cincinnati,Artificial
2016-11-20,2016,11,Cleveland Browns,9.0,24.0,Pittsburgh Steelers,FirstEnergy Stadium,67431,USA,Outdoor,Cleveland,Grass
2016-11-20,2016,11,Dallas Cowboys,27.0,17.0,Baltimore Ravens,Cowboys Stadium,80000,USA,RetractableDome,Arlington,Artificial
2016-11-20,2016,11,Detroit Lions,26.0,19.0,Jacksonville Jaguars,Ford Field,65000,USA,Dome,Detroit,Artificial
2016-11-20,2016,11,Indianapolis Colts,24.0,17.0,Tennessee Titans,Lucas Oil Stadium,67000,USA,RetractableDome,Indianapolis,Artificial
2016-11-20,2016,11,Kansas City Chiefs,17.0,19.0,Tampa Bay Buccaneers,Arrowhead Stadium,76416,USA,Outdoor,Kansas City,Grass
2016-11-20,2016,11,Los Angeles Rams,10.0,14.0,Miami Dolphins,Los Angeles Memorial Coliseum,70240,USA,Dome,Inglewood,Artificial
2016-11-20,2016,11,Minnesota Vikings,30.0,24.0,Arizona Cardinals,U.S. Bank Stadium,66655,USA,Dome,Minneapolis,Artificial
2016-11-20,2016,11,New York Giants,22.0,16.0,Chicago Bears,MetLife Stadium,82500,USA,Outdoor,East Rutherford,Artificial
2016-11-20,2016,11,San Francisco 49ers,17.0,30.0,New England Patriots,Levi's Stadium,68500,USA,Outdoor,Santa Clara,Grass
2016-11-20,2016,11,Seattle Seahawks,26.0,15.0,Philadelphia Eagles,CenturyLink Field,68740,USA,Outdoor,Seattle,Artificial
2016-11-20,2016,11,Washington Commanders,42.0,24.0,Green Bay Packers,FedEx Field,62000,USA,Outdoor,Landover,Grass
2016-11-21,2016,11,Las Vegas Raiders,27.0,20.0,Houston Texans,Estadio Azteca,65000,USA,Dome,Las Vegas,Grass
2016-11-24,2016,12,Dallas Cowboys,31.0,26.0,Washington Commanders,Cowboys Stadium,80000,USA,RetractableDome,Arlington,Artificial
2016-11-24,2016,12,Detroit Lions,16.0,13.0,Minnesota Vikings,Ford Field,65000,USA,Dome,Detroit,Artificial
2016-11-24,2016,12,Indianapolis Colts,7.0,28.0,Pittsburgh Steelers,Lucas Oil Stadium,67000,USA,RetractableDome,Indianapolis,Artificial
2016-11-27,2016,12,Atlanta Falcons,38.0,19.0,Arizona Cardinals,Georgia Dome,71000,USA,RetractableDome,Atlanta,Artificial
2016-11-27,2016,12,Baltimore Ravens,19.0,14.0,Cincinnati Bengals,M&T Bank Stadium,71008,USA,Outdoor,Baltimore,Grass
2016-11-27,2016,12,Buffalo Bills,28.0,21.0,Jacksonville Jaguars,New Era Field,71608,USA,Outdoor,Orchard Park,Artificial
2016-11-27,2016,12,Chicago Bears,21.0,27.0,Tennessee Titans,Soldier Field,61500,USA,Outdoor,Chicago,Grass
2016-11-27,2016,12,Cleveland Browns,13.0,27.0,New York Giants,FirstEnergy Stadium,67431,USA,Outdoor,Cleveland,Grass
2016-11-27,2016,12,Denver Broncos,27.0,30.0,Kansas City Chiefs,Sports Authority Field at Mile High,76125,USA,Outdoor,Denver,Grass
2016-11-27,2016,12,Houston Texans,13.0,21.0,Los Angeles Chargers,Reliant Stadium,72220,USA,RetractableDome,Houston,Artificial
2016-11-27,2016,12,Miami Dolphins,31.0,24.0,San Francisco 49ers,Sun Life Stadium,64767,USA,Outdoor,Miami Gardens,Grass
2016-11-27,2016,12,New Orleans Saints,49.0,21.0,Los Angeles Rams,Louisiana Superdome,73208,USA,Dome,New Orleans,Artificial
2016-11-27,2016,12,New York Jets,17.0,22.0,New England Patriots,MetLife Stadium,82500,USA,Outdoor,East Rutherford,Artificial
2016-11-27,2016,12,Las Vegas Raiders,35.0,32.0,Carolina Panthers,Oakland Coliseum,65000,USA,Dome,Las Vegas,Grass
2016-11-27,2016,12,Tampa Bay Buccaneers,14.0,5.0,Seattle Seahawks,Raymond James Stadium,69218,USA,Outdoor,Tampa Bay,Grass
2016-11-28,2016,12,Philadelphia Eagles,13.0,27.0,Green Bay Packers,Lincoln Financial Field,67594,USA,Outdoor,Philadelphia,Grass
2016-12-01,2016,13,Minnesota Vikings,15.0,17.0,Dallas Cowboys,U.S. Bank Stadium,66655,USA,Dome,Minneapolis,Artificial
2016-12-04,2016,13,Arizona Cardinals,31.0,23.0,Washington Commanders,University of Phoenix Stadium,63400,USA,RetractableDome,Glendale,Grass
2016-12-04,2016,13,Atlanta Falcons,28.0,29.0,Kansas City Chiefs,Georgia Dome,71000,USA,RetractableDome,Atlanta,Artificial
2016-12-04,2016,13,Baltimore Ravens,38.0,6.0,Miami Dolphins,M&T Bank Stadium,71008,USA,Outdoor,Baltimore,Grass
2016-12-04,2016,13,Chicago Bears,26.0,6.0,San Francisco 49ers,Soldier Field,61500,USA,Outdoor,Chicago,Grass
2016-12-04,2016,13,Cincinnati Bengals,32.0,14.0,Philadelphia Eagles,Paul Brown Stadium,65515,USA,Outdoor,Cincinnati,Artificial
2016-12-04,2016,13,Green Bay Packers,21.0,13.0,Houston Texans,Lambeau Field,81441,USA,Outdoor,Green Bay,Grass
2016-12-04,2016,13,Jacksonville Jaguars,10.0,20.0,Denver Broncos,EverBank Field,67814,USA,Outdoor,Jacksonville,Grass
2016-12-04,2016,13,New England Patriots,26.0,10.0,Los Angeles Rams,Gillette Stadium,64628,USA,Outdoor,Foxborough,Artificial
2016-12-04,2016,13,New Orleans Saints,13.0,28.0,Detroit Lions,Louisiana Superdome,73208,USA,Dome,New Orleans,Artificial
2016-12-04,2016,13,Las Vegas Raiders,38.0,24.0,Buffalo Bills,Oakland Coliseum,65000,USA,Dome,Las Vegas,Grass
2016-12-04,2016,13,Pittsburgh Steelers,24.0,14.0,New York Giants,Heinz Field,68400,USA,Outdoor,Pittsburgh,Grass
2016-12-04,2016,13,Los Angeles Chargers,21.0,28.0,Tampa Bay Buccaneers,Qualcomm Stadium,47252,Brazil,Outdoor,Sao Paulo,Grass
2016-12-04,2016,13,Seattle Seahawks,40.0,7.0,Carolina Panthers,CenturyLink Field,68740,USA,Outdoor,Seattle,Artificial
2016-12-05,2016,13,New York Jets,10.0,41.0,Indianapolis Colts,MetLife Stadium,82500,USA,Outdoor,East Rutherford,Artificial
2016-12-08,2016,14,Kansas City Chiefs,21.0,13.0,Las Vegas Raiders,Arrowhead Stadium,76416,USA,Outdoor,Kansas City,Grass
2016-12-11,2016,14,Buffalo Bills,20.0,27.0,Pittsburgh Steelers,New Era Field,71608,USA,Outdoor,Orchard Park,Artificial
2016-12-11,2016,14,Carolina Panthers,28.0,16.0,Los Angeles Chargers,Bank of America Stadium,74867,USA,Outdoor,Charlotte,Artificial
2016-12-11,2016,14,Cleveland Browns,10.0,23.0,Cincinnati Bengals,FirstEnergy Stadium,67431,USA,Outdoor,Cleveland,Grass
2016-12-11,2016,14,Detroit Lions,20.0,17.0,Chicago Bears,Ford Field,65000,USA,Dome,Detroit,Artificial
2016-12-11,2016,14,Green Bay Packers,38.0,10.0,Seattle Seahawks,Lambeau Field,81441,USA,Outdoor,Green Bay,Grass
2016-12-11,2016,14,Indianapolis Colts,17.0,22.0,Houston Texans,Lucas Oil Stadium,67000,USA,RetractableDome,Indianapolis,Artificial
2016-12-11,2016,14,Jacksonville Jaguars,16.0,25.0,Minnesota Vikings,EverBank Field,67814,USA,Outdoor,Jacksonville,Grass
2016-12-11,2016,14,Los Angeles Rams,14.0,42.0,Atlanta Falcons,Los Angeles Memorial Coliseum,70240,USA,Dome,Inglewood,Artificial
2016-12-11,2016,14,Miami Dolphins,26.0,23.0,Arizona Cardinals,Sun Life Stadium,64767,USA,Outdoor,Miami Gardens,Grass
2016-12-11,2016,14,New York Giants,10.0,7.0,Dallas Cowboys,MetLife Stadium,82500,USA,Outdoor,East Rutherford,Artificial
2016-12-11,2016,14,Philadelphia Eagles,22.0,27.0,Washington Commanders,Lincoln Financial Field,67594,USA,Outdoor,Philadelphia,Grass
2016-12-11,2016,14,San Francisco 49ers,17.0,23.0,New York Jets,Levi's Stadium,68500,USA,Outdoor,Santa Clara,Grass
2016-12-11,2016,14,Tampa Bay Buccaneers,16.0,11.0,New Orleans Saints,Raymond James Stadium,69218,USA,Outdoor,Tampa Bay,Grass
2016-12-11,2016,14,Tennessee Titans,13.0,10.0,Denver Broncos,Nissan Stadium,69143,USA,Outdoor,Nashville,Grass
2016-12-12,2016,14,New England Patriots,30.0,23.0,Baltimore Ravens,Gillette Stadium,64628,USA,Outdoor,Foxborough,Artificial
2016-12-15,2016,15,Seattle Seahawks,24.0,3.0,Los Angeles Rams,CenturyLink Field,68740,USA,Outdoor,Seattle,Artificial
2016-12-17,2016,15,New York Jets,13.0,34.0,Miami Dolphins,MetLife Stadium,82500,USA,Outdoor,East Rutherford,Artificial
2016-12-18,2016,15,Arizona Cardinals,41.0,48.0,New Orleans Saints,University of Phoenix Stadium,63400,USA,RetractableDome,Glendale,Grass
2016-12-18,2016,15,Atlanta Falcons,41.0,13.0,San Francisco 49ers,Georgia Dome,71000,USA,RetractableDome,Atlanta,Artificial
2016-12-18,2016,15,Baltimore Ravens,27.0,26.0,Philadelphia Eagles,M&T Bank Stadium,71008,USA,Outdoor,Baltimore,Grass
2016-12-18,2016,15,Buffalo Bills,33.0,13.0,Cleveland Browns,New Era Field,71608,USA,Outdoor,Orchard Park,Artificial
2016-12-18,2016,15,Chicago Bears,27.0,30.0,Green Bay Packers,Soldier Field,61500,USA,Outdoor,Chicago,Grass
2016-12-18,2016,15,Cincinnati Bengals,20.0,24.0,Pittsburgh Steelers,Paul Brown Stadium,65515,USA,Outdoor,Cincinnati,Artificial
2016-12-18,2016,15,Dallas Cowboys,26.0,20.0,Tampa Bay Buccaneers,Cowboys Stadium,80000,USA,RetractableDome,Arlington,Artificial
2016-12-18,2016,15,Denver Broncos,3.0,16.0,New England Patriots,Sports Authority Field at Mile High,76125,USA,Outdoor,Denver,Grass
2016-12-18,2016,15,Houston Texans,21.0,20.0,Jacksonville Jaguars,Reliant Stadium,72220,USA,RetractableDome,Houston,Artificial
2016-12-18,2016,15,Kansas City Chiefs,17.0,19.0,Tennessee Titans,Arrowhead Stadium,76416,USA,Outdoor,Kansas City,Grass
2016-12-18,2016,15,Minnesota Vikings,6.0,34.0,Indianapolis Colts,U.S. Bank Stadium,66655,USA,Dome,Minneapolis,Artificial
2016-12-18,2016,15,New York Giants,17.0,6.0,Detroit Lions,MetLife Stadium,82500,USA,Outdoor,East Rutherford,Artificial
2016-12-18,2016,15,Los Angeles Chargers,16.0,19.0,Las Vegas Raiders,Qualcomm Stadium,47252,Brazil,Outdoor,Sao Paulo,Grass
2016-12-19,2016,15,Washington Commanders,15.0,26.0,Carolina Panthers,FedEx Field,62000,USA,Outdoor,Landover,Grass
2016-12-22,2016,16,Philadelphia Eagles,24.0,19.0,New York Giants,Lincoln Financial Field,67594,USA,Outdoor,Philadelphia,Grass
2016-12-24,2016,16,Buffalo Bills,31.0,34.0,Miami Dolphins,New Era Field,71608,USA,Outdoor,Orchard Park,Artificial
2016-12-24,2016,16,Carolina Panthers,16.0,33.0,Atlanta Falcons,Bank of America Stadium,74867,USA,Outdoor,Charlotte,Artificial
2016-12-24,2016,16,Chicago Bears,21.0,41.0,Washington Commanders,Soldier Field,61500,USA,Outdoor,Chicago,Grass
2016-12-24,2016,16,Cleveland Browns,20.0,17.0,Los Angeles Chargers,FirstEnergy Stadium,67431,USA,Outdoor,Cleveland,Grass
2016-12-24,2016,16,Green Bay Packers,38.0,25.0,Minnesota Vikings,Lambeau Field,81441,USA,Outdoor,Green Bay,Grass
2016-12-24,2016,16,Houston Texans,12.0,10.0,Cincinnati Bengals,Reliant Stadium,72220,USA,RetractableDome,Houston,Artificial
2016-12-24,2016,16,Jacksonville Jaguars,38.0,17.0,Tennessee Titans,EverBank Field,67814,USA,Outdoor,Jacksonville,Grass
2016-12-24,2016,16,Los Angeles Rams,21.0,22.0,San Francisco 49ers,Los Angeles Memorial Coliseum,70240,USA,Dome,Inglewood,Artificial
2016-12-24,2016,16,New England Patriots,41.0,3.0,New York Jets,Gillette Stadium,64628,USA,Outdoor,Foxborough,Artificial
2016-12-24,2016,16,New Orleans Saints,31.0,24.0,Tampa Bay Buccaneers,Louisiana Superdome,73208,USA,Dome,New Orleans,Artificial
2016-12-24,2016,16,Las Vegas Raiders,33.0,25.0,Indianapolis Colts,Oakland Coliseum,65000,USA,Dome,Las Vegas,Grass
2016-12-24,2016,16,Seattle Seahawks,31.0,34.0,Arizona Cardinals,CenturyLink Field,68740,USA,Outdoor,Seattle,Artificial
2016-12-25,2016,16,Kansas City Chiefs,33.0,10.0,Denver Broncos,Arrowhead Stadium,76416,USA,Outdoor,Kansas City,Grass
2016-12-25,2016,16,Pittsburgh Steelers,31.0,27.0,Baltimore Ravens,Heinz Field,68400,USA,Outdoor,Pittsburgh,Grass
2016-12-26,2016,16,Dallas Cowboys,42.0,21.0,Detroit Lions,Cowboys Stadium,80000,USA,RetractableDome,Arlington,Artificial
2017-01-01,2016,17,Atlanta Falcons,38.0,32.0,New Orleans Saints,Georgia Dome,71000,USA,RetractableDome,Atlanta,Artificial
2017-01-01,2016,17,Cincinnati Bengals,27.0,10.0,Baltimore Ravens,Paul Brown Stadium,65515,USA,Outdoor,Cincinnati,Artificial
2017-01-01,2016,17,Denver Broncos,24.0,6.0,Las Vegas Raiders,Sports Authority Field at Mile High,76125,USA,Outdoor,Denver,Grass
2017-01-01,2016,17,Detroit Lions,24.0,31.0,Green Bay Packers,Ford Field,65000,USA,Dome,Detroit,Artificial
2017-01-01,2016,17,Indianapolis Colts,24.0,20.0,Jacksonville Jaguars,Lucas Oil Stadium,67000,USA,RetractableDome,Indianapolis,Artificial
2017-01-01,2016,17,Los Angeles Rams,6.0,44.0,Arizona Cardinals,Los Angeles Memorial Coliseum,70240,USA,Dome,Inglewood,Artificial
2017-01-01,2016,17,Miami Dolphins,14.0,35.0,New England Patriots,Sun Life Stadium,64767,USA,Outdoor,Miami Gardens,Grass
2017-01-01,2016,17,Minnesota Vikings,38.0,10.0,Chicago Bears,U.S. Bank Stadium,66655,USA,Dome,Minneapolis,Artificial
2017-01-01,2016,17,New York Jets,30.0,10.0,Buffalo Bills,MetLife Stadium,82500,USA,Outdoor,East Rutherford,Artificial
2017-01-01,2016,17,Philadelphia Eagles,27.0,13.0,Dallas Cowboys,Lincoln Financial Field,67594,USA,Outdoor,Philadelphia,Grass
2017-01-01,2016,17,Pittsburgh Steelers,27.0,24.0,Cleveland Browns,Heinz Field,68400,USA,Outdoor,Pittsburgh,Grass
2017-01-01,2016,17,Los Angeles Chargers,27.0,37.0,Kansas City Chiefs,Qualcomm Stadium,47252,Brazil,Outdoor,Sao Paulo,Grass
2017-01-01,2016,17,San Francisco 49ers,23.0,25.0,Seattle Seahawks,Levi's Stadium,68500,USA,Outdoor,Santa Clara,Grass
2017-01-01,2016,17,Tampa Bay Buccaneers,17.0,16.0,Carolina Panthers,Raymond James Stadium,69218,USA,Outdoor,Tampa Bay,Grass
2017-01-01,2016,17,Tennessee Titans,24.0,17.0,Houston Texans,Nissan Stadium,69143,USA,Outdoor,Nashville,Grass
2017-01-01,2016,17,Washington Commanders,10.0,19.0,New York Giants,FedEx Field,62000,USA,Outdoor,Landover,Grass
2017-09-07,2017,1,New England Patriots,27.0,42.0,Kansas City Chiefs,Gillette Stadium,64628,USA,Outdoor,Foxborough,Artificial
2017-09-10,2017,1,Buffalo Bills,21.0,12.0,New York Jets,New Era Field,71608,USA,Outdoor,Orchard Park,Artificial
2017-09-10,2017,1,Chicago Bears,17.0,23.0,Atlanta Falcons,Soldier Field,61500,USA,Outdoor,Chicago,Grass
2017-09-10,2017,1,Cincinnati Bengals,0.0,20.0,Baltimore Ravens,Paul Brown Stadium,65515,USA,Outdoor,Cincinnati,Artificial
2017-09-10,2017,1,Cleveland Browns,18.0,21.0,Pittsburgh Steelers,FirstEnergy Stadium,67431,USA,Outdoor,Cleveland,Grass
2017-09-10,2017,1,Dallas Cowboys,19.0,3.0,New York Giants,AT&T Stadium,80000,USA,RetractableDome,Arlington,Artificial
2017-09-10,2017,1,Detroit Lions,35.0,23.0,Arizona Cardinals,Ford Field,65000,USA,Dome,Detroit,Artificial
2017-09-10,2017,1,Green Bay Packers,17.0,9.0,Seattle Seahawks,Lambeau Field,81441,USA,Outdoor,Green Bay,Grass
2017-09-10,2017,1,Houston Texans,7.0,29.0,Jacksonville Jaguars,NRG Stadium,72220,USA,RetractableDome,Houston,Artificial
2017-09-10,2017,1,Los Angeles Rams,46.0,9.0,Indianapolis Colts,Los Angeles Memorial Coliseum,70240,USA,Dome,Inglewood,Artificial
2017-09-10,2017,1,San Francisco 49ers,3.0,23.0,Carolina Panthers,Levi's Stadium,68500,USA,Outdoor,Santa Clara,Grass
2017-09-10,2017,1,Tennessee Titans,16.0,26.0,Las Vegas Raiders,LP Stadium,69143,USA,Outdoor,Nashville,Grass
2017-09-10,2017,1,Washington Commanders,17.0,30.0,Philadelphia Eagles,FedEx Field,62000,USA,Outdoor,Landover,Grass
2017-09-11,2017,1,Denver Broncos,24.0,21.0,Los Angeles Chargers,Sports Authority Field at Mile High,76125,USA,Outdoor,Denver,Grass
2017-09-11,2017,1,Minnesota Vikings,29.0,19.0,New Orleans Saints,U.S. Bank Stadium,66655,USA,Dome,Minneapolis,Artificial
2017-09-14,2017,2,Cincinnati Bengals,9.0,13.0,Houston Texans,Paul Brown Stadium,65515,USA,Outdoor,Cincinnati,Artificial
2017-09-17,2017,2,Atlanta Falcons,34.0,23.0,Green Bay Packers,Georgia Dome,71000,USA,RetractableDome,Atlanta,Artificial
2017-09-17,2017,2,Baltimore Ravens,24.0,10.0,Cleveland Browns,M&T Bank Stadium,71008,USA,Outdoor,Baltimore,Grass
2017-09-17,2017,2,Carolina Panthers,9.0,3.0,Buffalo Bills,Bank of America Stadium,74867,USA,Outdoor,Charlotte,Artificial
2017-09-17,2017,2,Denver Broncos,42.0,17.0,Dallas Cowboys,Sports Authority Field at Mile High,76125,USA,Outdoor,Denver,Grass
2017-09-17,2017,2,Indianapolis Colts,13.0,16.0,Arizona Cardinals,Lucas Oil Stadium,67000,USA,RetractableDome,Indianapolis,Artificial
2017-09-17,2017,2,Jacksonville Jaguars,16.0,37.0,Tennessee Titans,EverBank Field,67814,USA,Outdoor,Jacksonville,Grass
2017-09-17,2017,2,Kansas City Chiefs,27.0,20.0,Philadelphia Eagles,Arrowhead Stadium,76416,USA,Outdoor,Kansas City,Grass
2017-09-17,2017,2,Los Angeles Chargers,17.0,19.0,Miami Dolphins,StubHub Center,47252,Brazil,Outdoor,Sao Paulo,Grass
2017-09-17,2017,2,Los Angeles Rams,20.0,27.0,Washington Commanders,Los Angeles Memorial Coliseum,70240,USA,Dome,Inglewood,Artificial
2017-09-17,2017,2,New Orleans Saints,20.0,36.0,New England Patriots,Mercedes-Benz Superdome,73208,USA,Dome,New Orleans,Artificial
2017-09-17,2017,2,Las Vegas Raiders,45.0,20.0,New York Jets,Oakland Coliseum,65000,USA,Dome,Las Vegas,Grass
2017-09-17,2017,2,Pittsburgh Steelers,26.0,9.0,Minnesota Vikings,Heinz Field,68400,USA,Outdoor,Pittsburgh,Grass
2017-09-17,2017,2,Seattle Seahawks,12.0,9.0,San Francisco 49ers,CenturyLink Field,68740,USA,Outdoor,Seattle,Artificial
2017-09-17,2017,2,Tampa Bay Buccaneers,29.0,7.0,Chicago Bears,Raymond James Stadium,69218,USA,Outdoor,Tampa Bay,Grass
2017-09-18,2017,2,New York Giants,10.0,24.0,Detroit Lions,MetLife Stadium,82500,USA,Outdoor,East Rutherford,Artificial
2017-09-21,2017,3,San Francisco 49ers,39.0,41.0,Los Angeles Rams,Levi's Stadium,68500,USA,Outdoor,Santa Clara,Grass
2017-09-24,2017,3,Buffalo Bills,26.0,16.0,Denver Broncos,New Era Field,71608,USA,Outdoor,Orchard Park,Artificial
2017-09-24,2017,3,Carolina Panthers,13.0,34.0,New Orleans Saints,Bank of America Stadium,74867,USA,Outdoor,Charlotte,Artificial
2017-09-24,2017,3,Chicago Bears,23.0,17.0,Pittsburgh Steelers,Soldier Field,61500,USA,Outdoor,Chicago,Grass
2017-09-24,2017,3,Detroit Lions,26.0,30.0,Atlanta Falcons,Ford Field,65000,USA,Dome,Detroit,Artificial
2017-09-24,2017,3,Green Bay Packers,27.0,24.0,Cincinnati Bengals,Lambeau Field,81441,USA,Outdoor,Green Bay,Grass
2017-09-24,2017,3,Indianapolis Colts,31.0,28.0,Cleveland Browns,Lucas Oil Stadium,67000,USA,RetractableDome,Indianapolis,Artificial
2017-09-24,2017,3,Jacksonville Jaguars,44.0,7.0,Baltimore Ravens,Wembley Stadium,67814,USA,Outdoor,Jacksonville,Grass
2017-09-24,2017,3,Los Angeles Chargers,10.0,24.0,Kansas City Chiefs,StubHub Center,47252,Brazil,Outdoor,Sao Paulo,Grass
2017-09-24,2017,3,Minnesota Vikings,34.0,17.0,Tampa Bay Buccaneers,U.S. Bank Stadium,66655,USA,Dome,Minneapolis,Artificial
2017-09-24,2017,3,New England Patriots,36.0,33.0,Houston Texans,Gillette Stadium,64628,USA,Outdoor,Foxborough,Artificial
2017-09-24,2017,3,New York Jets,20.0,6.0,Miami Dolphins,MetLife Stadium,82500,USA,Outdoor,East Rutherford,Artificial
2017-09-24,2017,3,Philadelphia Eagles,27.0,24.0,New York Giants,Lincoln Financial Field,67594,USA,Outdoor,Philadelphia,Grass
2017-09-24,2017,3,Tennessee Titans,33.0,27.0,Seattle Seahawks,LP Stadium,69143,USA,Outdoor,Nashville,Grass
2017-09-24,2017,3,Washington Commanders,27.0,10.0,Las Vegas Raiders,FedEx Field,62000,USA,Outdoor,Landover,Grass
2017-09-25,2017,3,Arizona Cardinals,17.0,28.0,Dallas Cowboys,University of Phoenix Stadium,63400,USA,RetractableDome,Glendale,Grass
2017-09-28,2017,4,Green Bay Packers,35.0,14.0,Chicago Bears,Lambeau Field,81441,USA,Outdoor,Green Bay,Grass
2017-10-01,2017,4,Arizona Cardinals,18.0,15.0,San Francisco 49ers,University of Phoenix Stadium,63400,USA,RetractableDome,Glendale,Grass
2017-10-01,2017,4,Atlanta Falcons,17.0,23.0,Buffalo Bills,Georgia Dome,71000,USA,RetractableDome,Atlanta,Artificial
2017-10-01,2017,4,Baltimore Ravens,9.0,26.0,Pittsburgh Steelers,M&T Bank Stadium,71008,USA,Outdoor,Baltimore,Grass
2017-10-01,2017,4,Cleveland Browns,7.0,31.0,Cincinnati Bengals,FirstEnergy Stadium,67431,USA,Outdoor,Cleveland,Grass
2017-10-01,2017,4,Dallas Cowboys,30.0,35.0,Los Angeles Rams,AT&T Stadium,80000,USA,RetractableDome,Arlington,Artificial
2017-10-01,2017,4,Denver Broncos,16.0,10.0,Las Vegas Raiders,Sports Authority Field at Mile High,76125,USA,Outdoor,Denver,Grass
2017-10-01,2017,4,Houston Texans,57.0,14.0,Tennessee Titans,NRG Stadium,72220,USA,RetractableDome,Houston,Artificial
2017-10-01,2017,4,Los Angeles Chargers,24.0,26.0,Philadelphia Eagles,StubHub Center,47252,Brazil,Outdoor,Sao Paulo,Grass
2017-10-01,2017,4,Miami Dolphins,0.0,20.0,New Orleans Saints,Wembley Stadium,64767,USA,Outdoor,Miami Gardens,Grass
2017-10-01,2017,4,Minnesota Vikings,7.0,14.0,Detroit Lions,U.S. Bank Stadium,66655,USA,Dome,Minneapolis,Artificial
2017-10-01,2017,4,New England Patriots,30.0,33.0,Carolina Panthers,Gillette Stadium,64628,USA,Outdoor,Foxborough,Artificial
2017-10-01,2017,4,New York Jets,23.0,20.0,Jacksonville Jaguars,MetLife Stadium,82500,USA,Outdoor,East Rutherford,Artificial
2017-10-01,2017,4,Seattle Seahawks,46.0,17.0,Indianapolis Colts,CenturyLink Field,68740,USA,Outdoor,Seattle,Artificial
2017-10-01,2017,4,Tampa Bay Buccaneers,25.0,23.0,New York Giants,Raymond James Stadium,69218,USA,Outdoor,Tampa Bay,Grass
2017-10-02,2017,4,Kansas City Chiefs,29.0,20.0,Washington Commanders,Arrowhead Stadium,76416,USA,Outdoor,Kansas City,Grass
2017-10-05,2017,5,Tampa Bay Buccaneers,14.0,19.0,New England Patriots,Raymond James Stadium,69218,USA,Outdoor,Tampa Bay,Grass
2017-10-08,2017,5,Cincinnati Bengals,20.0,16.0,Buffalo Bills,Paul Brown Stadium,65515,USA,Outdoor,Cincinnati,Artificial
2017-10-08,2017,5,Cleveland Browns,14.0,17.0,New York Jets,FirstEnergy Stadium,67431,USA,Outdoor,Cleveland,Grass
2017-10-08,2017,5,Dallas Cowboys,31.0,35.0,Green Bay Packers,AT&T Stadium,80000,USA,RetractableDome,Arlington,Artificial
2017-10-08,2017,5,Detroit Lions,24.0,27.0,Carolina Panthers,Ford Field,65000,USA,Dome,Detroit,Artificial
2017-10-08,2017,5,Houston Texans,34.0,42.0,Kansas City Chiefs,NRG Stadium,72220,USA,RetractableDome,Houston,Artificial
2017-10-08,2017,5,Indianapolis Colts,26.0,23.0,San Francisco 49ers,Lucas Oil Stadium,67000,USA,RetractableDome,Indianapolis,Artificial
2017-10-08,2017,5,Los Angeles Rams,10.0,16.0,Seattle Seahawks,Los Angeles Memorial Coliseum,70240,USA,Dome,Inglewood,Artificial
2017-10-08,2017,5,Miami Dolphins,16.0,10.0,Tennessee Titans,Hard Rock Stadium,64767,USA,Outdoor,Miami Gardens,Grass
2017-10-08,2017,5,New York Giants,22.0,27.0,Los Angeles Chargers,MetLife Stadium,82500,USA,Outdoor,East Rutherford,Artificial
2017-10-08,2017,5,Las Vegas Raiders,17.0,30.0,Baltimore Ravens,Oakland Coliseum,65000,USA,Dome,Las Vegas,Grass
2017-10-08,2017,5,Philadelphia Eagles,34.0,7.0,Arizona Cardinals,Lincoln Financial Field,67594,USA,Outdoor,Philadelphia,Grass
2017-10-08,2017,5,Pittsburgh Steelers,9.0,30.0,Jacksonville Jaguars,Heinz Field,68400,USA,Outdoor,Pittsburgh,Grass
2017-10-09,2017,5,Chicago Bears,17.0,20.0,Minnesota Vikings,Soldier Field,61500,USA,Outdoor,Chicago,Grass
2017-10-12,2017,6,Carolina Panthers,23.0,28.0,Philadelphia Eagles,Bank of America Stadium,74867,USA,Outdoor,Charlotte,Artificial
2017-10-15,2017,6,Arizona Cardinals,38.0,33.0,Tampa Bay Buccaneers,University of Phoenix Stadium,63400,USA,RetractableDome,Glendale,Grass
2017-10-15,2017,6,Atlanta Falcons,17.0,20.0,Miami Dolphins,Georgia Dome,71000,USA,RetractableDome,Atlanta,Artificial
2017-10-15,2017,6,Baltimore Ravens,24.0,27.0,Chicago Bears,M&T Bank Stadium,71008,USA,Outdoor,Baltimore,Grass
2017-10-15,2017,6,Denver Broncos,10.0,23.0,New York Giants,Sports Authority Field at Mile High,76125,USA,Outdoor,Denver,Grass
2017-10-15,2017,6,Houston Texans,33.0,17.0,Cleveland Browns,NRG Stadium,72220,USA,RetractableDome,Houston,Artificial
2017-10-15,2017,6,Jacksonville Jaguars,17.0,27.0,Los Angeles Rams,EverBank Field,67814,USA,Outdoor,Jacksonville,Grass
2017-10-15,2017,6,Kansas City Chiefs,13.0,19.0,Pittsburgh Steelers,Arrowhead Stadium,76416,USA,Outdoor,Kansas City,Grass
2017-10-15,2017,6,Minnesota Vikings,23.0,10.0,Green Bay Packers,U.S. Bank Stadium,66655,USA,Dome,Minneapolis,Artificial
2017-10-15,2017,6,New Orleans Saints,52.0,38.0,Detroit Lions,Mercedes-Benz Superdome,73208,USA,Dome,New Orleans,Artificial
2017-10-15,2017,6,New York Jets,17.0,24.0,New England Patriots,MetLife Stadium,82500,USA,Outdoor,East Rutherford,Artificial
2017-10-15,2017,6,Las Vegas Raiders,16.0,17.0,Los Angeles Chargers,Oakland Coliseum,65000,USA,Dome,Las Vegas,Grass
2017-10-15,2017,6,Washington Commanders,26.0,24.0,San Francisco 49ers,FedEx Field,62000,USA,Outdoor,Landover,Grass
2017-10-16,2017,6,Tennessee Titans,36.0,22.0,Indianapolis Colts,LP Stadium,69143,USA,Outdoor,Nashville,Grass
2017-10-19,2017,7,Las Vegas Raiders,31.0,30.0,Kansas City Chiefs,Oakland Coliseum,65000,USA,Dome,Las Vegas,Grass
2017-10-22,2017,7,Buffalo Bills,30.0,27.0,Tampa Bay Buccaneers,New Era Field,71608,USA,Outdoor,Orchard Park,Artificial
2017-10-22,2017,7,Chicago Bears,17.0,3.0,Carolina Panthers,Soldier Field,61500,USA,Outdoor,Chicago,Grass
2017-10-22,2017,7,Cleveland Browns,9.0,12.0,Tennessee Titans,FirstEnergy Stadium,67431,USA,Outdoor,Cleveland,Grass
2017-10-22,2017,7,Green Bay Packers,17.0,26.0,New Orleans Saints,Lambeau Field,81441,USA,Outdoor,Green Bay,Grass
2017-10-22,2017,7,Indianapolis Colts,0.0,27.0,Jacksonville Jaguars,Lucas Oil Stadium,67000,USA,RetractableDome,Indianapolis,Artificial
2017-10-22,2017,7,Los Angeles Chargers,21.0,0.0,Denver Broncos,StubHub Center,47252,Brazil,Outdoor,Sao Paulo,Grass
2017-10-22,2017,7,Los Angeles Rams,33.0,0.0,Arizona Cardinals,Twickenham Stadium,70240,USA,Dome,Inglewood,Artificial
2017-10-22,2017,7,Miami Dolphins,31.0,28.0,New York Jets,Hard Rock Stadium,64767,USA,Outdoor,Miami Gardens,Grass
2017-10-22,2017,7,Minnesota Vikings,24.0,16.0,Baltimore Ravens,U.S. Bank Stadium,66655,USA,Dome,Minneapolis,Artificial
2017-10-22,2017,7,New England Patriots,23.0,7.0,Atlanta Falcons,Gillette Stadium,64628,USA,Outdoor,Foxborough,Artificial
2017-10-22,2017,7,New York Giants,7.0,24.0,Seattle Seahawks,MetLife Stadium,82500,USA,Outdoor,East Rutherford,Artificial
2017-10-22,2017,7,Pittsburgh Steelers,29.0,14.0,Cincinnati Bengals,Heinz Field,68400,USA,Outdoor,Pittsburgh,Grass
2017-10-22,2017,7,San Francisco 49ers,10.0,40.0,Dallas Cowboys,Levi's Stadium,68500,USA,Outdoor,Santa Clara,Grass
2017-10-23,2017,7,Philadelphia Eagles,34.0,24.0,Washington Commanders,Lincoln Financial Field,67594,USA,Outdoor,Philadelphia,Grass
2017-10-26,2017,8,Baltimore Ravens,40.0,0.0,Miami Dolphins,M&T Bank Stadium,71008,USA,Outdoor,Baltimore,Grass
2017-10-29,2017,8,Buffalo Bills,34.0,14.0,Las Vegas Raiders,New Era Field,71608,USA,Outdoor,Orchard Park,Artificial
2017-10-29,2017,8,Cincinnati Bengals,24.0,23.0,Indianapolis Colts,Paul Brown Stadium,65515,USA,Outdoor,Cincinnati,Artificial
2017-10-29,2017,8,Cleveland Browns,16.0,33.0,Minnesota Vikings,Twickenham Stadium,67431,USA,Outdoor,Cleveland,Grass
2017-10-29,2017,8,Detroit Lions,15.0,20.0,Pittsburgh Steelers,Ford Field,65000,USA,Dome,Detroit,Artificial
2017-10-29,2017,8,New England Patriots,21.0,13.0,Los Angeles Chargers,Gillette Stadium,64628,USA,Outdoor,Foxborough,Artificial
2017-10-29,2017,8,New Orleans Saints,20.0,12.0,Chicago Bears,Mercedes-Benz Superdome,73208,USA,Dome,New Orleans,Artificial
2017-10-29,2017,8,New York Jets,20.0,25.0,Atlanta Falcons,MetLife Stadium,82500,USA,Outdoor,East Rutherford,Artificial
2017-10-29,2017,8,Philadelphia Eagles,33.0,10.0,San Francisco 49ers,Lincoln Financial Field,67594,USA,Outdoor,Philadelphia,Grass
2017-10-29,2017,8,Seattle Seahawks,41.0,38.0,Houston Texans,CenturyLink Field,68740,USA,Outdoor,Seattle,Artificial
2017-10-29,2017,8,Tampa Bay Buccaneers,3.0,17.0,Carolina Panthers,Raymond James Stadium,69218,USA,Outdoor,Tampa Bay,Grass
2017-10-29,2017,8,Washington Commanders,19.0,33.0,Dallas Cowboys,FedEx Field,62000,USA,Outdoor,Landover,Grass
2017-10-30,2017,8,Kansas City Chiefs,29.0,19.0,Denver Broncos,Arrowhead Stadium,76416,USA,Outdoor,Kansas City,Grass
2017-11-02,2017,9,New York Jets,34.0,21.0,Buffalo Bills,MetLife Stadium,82500,USA,Outdoor,East Rutherford,Artificial
2017-11-05,2017,9,Carolina Panthers,20.0,17.0,Atlanta Falcons,Bank of America Stadium,74867,USA,Outdoor,Charlotte,Artificial
2017-11-05,2017,9,Dallas Cowboys,28.0,17.0,Kansas City Chiefs,AT&T Stadium,80000,USA,RetractableDome,Arlington,Artificial
2017-11-05,2017,9,Houston Texans,14.0,20.0,Indianapolis Colts,NRG Stadium,72220,USA,RetractableDome,Houston,Artificial
2017-11-05,2017,9,Jacksonville Jaguars,23.0,7.0,Cincinnati Bengals,EverBank Field,67814,USA,Outdoor,Jacksonville,Grass
2017-11-05,2017,9,Miami Dolphins,24.0,27.0,Las Vegas Raiders,Hard Rock Stadium,64767,USA,Outdoor,Miami Gardens,Grass
2017-11-05,2017,9,New Orleans Saints,30.0,10.0,Tampa Bay Buccaneers,Mercedes-Benz Superdome,73208,USA,Dome,New Orleans,Artificial
2017-11-05,2017,9,New York Giants,17.0,51.0,Los Angeles Rams,MetLife Stadium,82500,USA,Outdoor,East Rutherford,Artificial
2017-11-05,2017,9,Philadelphia Eagles,51.0,23.0,Denver Broncos,Lincoln Financial Field,67594,USA,Outdoor,Philadelphia,Grass
2017-11-05,2017,9,San Francisco 49ers,10.0,20.0,Arizona Cardinals,Levi's Stadium,68500,USA,Outdoor,Santa Clara,Grass
2017-11-05,2017,9,Seattle Seahawks,14.0,17.0,Washington Commanders,CenturyLink Field,68740,USA,Outdoor,Seattle,Artificial
2017-11-05,2017,9,Tennessee Titans,23.0,20.0,Baltimore Ravens,LP Stadium,69143,USA,Outdoor,Nashville,Grass
2017-11-06,2017,9,Green Bay Packers,17.0,30.0,Detroit Lions,Lambeau Field,81441,USA,Outdoor,Green Bay,Grass
2017-11-09,2017,10,Arizona Cardinals,16.0,22.0,Seattle Seahawks,University of Phoenix Stadium,63400,USA,RetractableDome,Glendale,Grass
2017-11-12,2017,10,Atlanta Falcons,27.0,7.0,Dallas Cowboys,Georgia Dome,71000,USA,RetractableDome,Atlanta,Artificial
2017-11-12,2017,10,Buffalo Bills,10.0,47.0,New Orleans Saints,New Era Field,71608,USA,Outdoor,Orchard Park,Artificial
2017-11-12,2017,10,Chicago Bears,16.0,23.0,Green Bay Packers,Soldier Field,61500,USA,Outdoor,Chicago,Grass
2017-11-12,2017,10,Denver Broncos,16.0,41.0,New England Patriots,Sports Authority Field at Mile High,76125,USA,Outdoor,Denver,Grass
2017-11-12,2017,10,Detroit Lions,38.0,24.0,Cleveland Browns,Ford Field,65000,USA,Dome,Detroit,Artificial
2017-11-12,2017,10,Indianapolis Colts,17.0,20.0,Pittsburgh Steelers,Lucas Oil Stadium,67000,USA,RetractableDome,Indianapolis,Artificial
2017-11-12,2017,10,Jacksonville Jaguars,20.0,17.0,Los Angeles Chargers,EverBank Field,67814,USA,Outdoor,Jacksonville,Grass
2017-11-12,2017,10,Los Angeles Rams,33.0,7.0,Houston Texans,Los Angeles Memorial Coliseum,70240,USA,Dome,Inglewood,Artificial
2017-11-12,2017,10,San Francisco 49ers,31.0,21.0,New York Giants,Levi's Stadium,68500,USA,Outdoor,Santa Clara,Grass
2017-11-12,2017,10,Tampa Bay Buccaneers,15.0,10.0,New York Jets,Raymond James Stadium,69218,USA,Outdoor,Tampa Bay,Grass
2017-11-12,2017,10,Tennessee Titans,24.0,20.0,Cincinnati Bengals,LP Stadium,69143,USA,Outdoor,Nashville,Grass
2017-11-12,2017,10,Washington Commanders,30.0,38.0,Minnesota Vikings,FedEx Field,62000,USA,Outdoor,Landover,Grass
2017-11-13,2017,10,Carolina Panthers,45.0,21.0,Miami Dolphins,Bank of America Stadium,74867,USA,Outdoor,Charlotte,Artificial
2017-11-16,2017,11,Pittsburgh Steelers,40.0,17.0,Tennessee Titans,Heinz Field,68400,USA,Outdoor,Pittsburgh,Grass
2017-11-19,2017,11,Chicago Bears,24.0,27.0,Detroit Lions,Soldier Field,61500,USA,Outdoor,Chicago,Grass
2017-11-19,2017,11,Cleveland Browns,7.0,19.0,Jacksonville Jaguars,FirstEnergy Stadium,67431,USA,Outdoor,Cleveland,Grass
2017-11-19,2017,11,Dallas Cowboys,9.0,37.0,Philadelphia Eagles,AT&T Stadium,80000,USA,RetractableDome,Arlington,Artificial
2017-11-19,2017,11,Denver Broncos,17.0,20.0,Cincinnati Bengals,Sports Authority Field at Mile High,76125,USA,Outdoor,Denver,Grass
2017-11-19,2017,11,Green Bay Packers,0.0,23.0,Baltimore Ravens,Lambeau Field,81441,USA,Outdoor,Green Bay,Grass
2017-11-19,2017,11,Houston Texans,31.0,21.0,Arizona Cardinals,NRG Stadium,72220,USA,RetractableDome,Houston,Artificial
2017-11-19,2017,11,Los Angeles Chargers,54.0,24.0,Buffalo Bills,StubHub Center,47252,Brazil,Outdoor,Sao Paulo,Grass
2017-11-19,2017,11,Miami Dolphins,20.0,30.0,Tampa Bay Buccaneers,Hard Rock Stadium,64767,USA,Outdoor,Miami Gardens,Grass
2017-11-19,2017,11,Minnesota Vikings,24.0,7.0,Los Angeles Rams,U.S. Bank Stadium,66655,USA,Dome,Minneapolis,Artificial
2017-11-19,2017,11,New Orleans Saints,34.0,31.0,Washington Commanders,Mercedes-Benz Superdome,73208,USA,Dome,New Orleans,Artificial
2017-11-19,2017,11,New York Giants,12.0,9.0,Kansas City Chiefs,MetLife Stadium,82500,USA,Outdoor,East Rutherford,Artificial
2017-11-19,2017,11,Las Vegas Raiders,8.0,33.0,New England Patriots,Estadio Azteca,65000,USA,Dome,Las Vegas,Grass
2017-11-20,2017,11,Seattle Seahawks,31.0,34.0,Atlanta Falcons,CenturyLink Field,68740,USA,Outdoor,Seattle,Artificial
2017-11-23,2017,12,Dallas Cowboys,6.0,28.0,Los Angeles Chargers,AT&T Stadium,80000,USA,RetractableDome,Arlington,Artificial
2017-11-23,2017,12,Detroit Lions,23.0,30.0,Minnesota Vikings,Ford Field,65000,USA,Dome,Detroit,Artificial
2017-11-23,2017,12,Washington Commanders,20.0,10.0,New York Giants,FedEx Field,62000,USA,Outdoor,Landover,Grass
2017-11-26,2017,12,Arizona Cardinals,27.0,24.0,Jacksonville Jaguars,University of Phoenix Stadium,63400,USA,RetractableDome,Glendale,Grass
2017-11-26,2017,12,Atlanta Falcons,34.0,20.0,Tampa Bay Buccaneers,Georgia Dome,71000,USA,RetractableDome,Atlanta,Artificial
2017-11-26,2017,12,Cincinnati Bengals,30.0,16.0,Cleveland Browns,Paul Brown Stadium,65515,USA,Outdoor,Cincinnati,Artificial
2017-11-26,2017,12,Indianapolis Colts,16.0,20.0,Tennessee Titans,Lucas Oil Stadium,67000,USA,RetractableDome,Indianapolis,Artificial
2017-11-26,2017,12,Kansas City Chiefs,10.0,16.0,Buffalo Bills,Arrowhead Stadium,76416,USA,Outdoor,Kansas City,Grass
2017-11-26,2017,12,Los Angeles Rams,26.0,20.0,New Orleans Saints,Los Angeles Memorial Coliseum,70240,USA,Dome,Inglewood,Artificial
2017-11-26,2017,12,New England Patriots,35.0,17.0,Miami Dolphins,Gillette Stadium,64628,USA,Outdoor,Foxborough,Artificial
2017-11-26,2017,12,New York Jets,27.0,35.0,Carolina Panthers,MetLife Stadium,82500,USA,Outdoor,East Rutherford,Artificial
2017-11-26,2017,12,Las Vegas Raiders,21.0,14.0,Denver Broncos,Oakland Coliseum,65000,USA,Dome,Las Vegas,Grass
2017-11-26,2017,12,Philadelphia Eagles,31.0,3.0,Chicago Bears,Lincoln Financial Field,67594,USA,Outdoor,Philadelphia,Grass
2017-11-26,2017,12,Pittsburgh Steelers,31.0,28.0,Green Bay Packers,Heinz Field,68400,USA,Outdoor,Pittsburgh,Grass
2017-11-26,2017,12,San Francisco 49ers,13.0,24.0,Seattle Seahawks,Levi's Stadium,68500,USA,Outdoor,Santa Clara,Grass
2017-11-27,2017,12,Baltimore Ravens,23.0,16.0,Houston Texans,M&T Bank Stadium,71008,USA,Outdoor,Baltimore,Grass
2017-11-30,2017,13,Dallas Cowboys,38.0,14.0,Washington Commanders,AT&T Stadium,80000,USA,RetractableDome,Arlington,Artificial
2017-12-03,2017,13,Arizona Cardinals,16.0,32.0,Los Angeles Rams,University of Phoenix Stadium,63400,USA,RetractableDome,Glendale,Grass
2017-12-03,2017,13,Atlanta Falcons,9.0,14.0,Minnesota Vikings,Georgia Dome,71000,USA,RetractableDome,Atlanta,Artificial
2017-12-03,2017,13,Baltimore Ravens,44.0,20.0,Detroit Lions,M&T Bank Stadium,71008,USA,Outdoor,Baltimore,Grass
2017-12-03,2017,13,Buffalo Bills,3.0,23.0,New England Patriots,New Era Field,71608,USA,Outdoor,Orchard Park,Artificial
2017-12-03,2017,13,Chicago Bears,14.0,15.0,San Francisco 49ers,Soldier Field,61500,USA,Outdoor,Chicago,Grass
2017-12-03,2017,13,Green Bay Packers,26.0,20.0,Tampa Bay Buccaneers,Lambeau Field,81441,USA,Outdoor,Green Bay,Grass
2017-12-03,2017,13,Jacksonville Jaguars,30.0,10.0,Indianapolis Colts,EverBank Field,67814,USA,Outdoor,Jacksonville,Grass
2017-12-03,2017,13,Los Angeles Chargers,19.0,10.0,Cleveland Browns,StubHub Center,47252,Brazil,Outdoor,Sao Paulo,Grass
2017-12-03,2017,13,Miami Dolphins,35.0,9.0,Denver Broncos,Hard Rock Stadium,64767,USA,Outdoor,Miami Gardens,Grass
2017-12-03,2017,13,New Orleans Saints,31.0,21.0,Carolina Panthers,Mercedes-Benz Superdome,73208,USA,Dome,New Orleans,Artificial
2017-12-03,2017,13,New York Jets,38.0,31.0,Kansas City Chiefs,MetLife Stadium,82500,USA,Outdoor,East Rutherford,Artificial
2017-12-03,2017,13,Las Vegas Raiders,24.0,17.0,New York Giants,Oakland Coliseum,65000,USA,Dome,Las Vegas,Grass
2017-12-03,2017,13,Seattle Seahawks,24.0,10.0,Philadelphia Eagles,CenturyLink Field,68740,USA,Outdoor,Seattle,Artificial
2017-12-03,2017,13,Tennessee Titans,24.0,13.0,Houston Texans,LP Stadium,69143,USA,Outdoor,Nashville,Grass
2017-12-04,2017,13,Cincinnati Bengals,20.0,23.0,Pittsburgh Steelers,Paul Brown Stadium,65515,USA,Outdoor,Cincinnati,Artificial
2017-12-07,2017,14,Atlanta Falcons,20.0,17.0,New Orleans Saints,Georgia Dome,71000,USA,RetractableDome,Atlanta,Artificial
2017-12-10,2017,14,Arizona Cardinals,12.0,7.0,Tennessee Titans,University of Phoenix Stadium,63400,USA,RetractableDome,Glendale,Grass
2017-12-10,2017,14,Buffalo Bills,13.0,7.0,Indianapolis Colts,New Era Field,71608,USA,Outdoor,Orchard Park,Artificial
2017-12-10,2017,14,Carolina Panthers,31.0,24.0,Minnesota Vikings,Bank of America Stadium,74867,USA,Outdoor,Charlotte,Artificial
2017-12-10,2017,14,Cincinnati Bengals,7.0,33.0,Chicago Bears,Paul Brown Stadium,65515,USA,Outdoor,Cincinnati,Artificial
2017-12-10,2017,14,Cleveland Browns,21.0,27.0,Green Bay Packers,FirstEnergy Stadium,67431,USA,Outdoor,Cleveland,Grass
2017-12-10,2017,14,Denver Broncos,23.0,0.0,New York Jets,Sports Authority Field at Mile High,76125,USA,Outdoor,Denver,Grass
2017-12-10,2017,14,Houston Texans,16.0,26.0,San Francisco 49ers,NRG Stadium,72220,USA,RetractableDome,Houston,Artificial
2017-12-10,2017,14,Jacksonville Jaguars,30.0,24.0,Seattle Seahawks,EverBank Field,67814,USA,Outdoor,Jacksonville,Grass
2017-12-10,2017,14,Kansas City Chiefs,26.0,15.0,Las Vegas Raiders,Arrowhead Stadium,76416,USA,Outdoor,Kansas City,Grass
2017-12-10,2017,14,Los Angeles Chargers,30.0,13.0,Washington Commanders,StubHub Center,47252,Brazil,Outdoor,Sao Paulo,Grass
2017-12-10,2017,14,Los Angeles Rams,35.0,43.0,Philadelphia Eagles,Los Angeles Memorial Coliseum,70240,USA,Dome,Inglewood,Artificial
2017-12-10,2017,14,New York Giants,10.0,30.0,Dallas Cowboys,MetLife Stadium,82500,USA,Outdoor,East Rutherford,Artificial
2017-12-10,2017,14,Pittsburgh Steelers,39.0,38.0,Baltimore Ravens,Heinz Field,68400,USA,Outdoor,Pittsburgh,Grass
2017-12-10,2017,14,Tampa Bay Buccaneers,21.0,24.0,Detroit Lions,Raymond James Stadium,69218,USA,Outdoor,Tampa Bay,Grass
2017-12-11,2017,14,Miami Dolphins,27.0,20.0,New England Patriots,Hard Rock Stadium,64767,USA,Outdoor,Miami Gardens,Grass
2017-12-14,2017,15,Indianapolis Colts,13.0,25.0,Denver Broncos,Lucas Oil Stadium,67000,USA,RetractableDome,Indianapolis,Artificial
2017-12-16,2017,15,Detroit Lions,20.0,10.0,Chicago Bears,Ford Field,65000,USA,Dome,Detroit,Artificial
2017-12-16,2017,15,Kansas City Chiefs,30.0,13.0,Los Angeles Chargers,Arrowhead Stadium,76416,USA,Outdoor,Kansas City,Grass
2017-12-17,2017,15,Buffalo Bills,24.0,16.0,Miami Dolphins,New Era Field,71608,USA,Outdoor,Orchard Park,Artificial
2017-12-17,2017,15,Carolina Panthers,31.0,24.0,Green Bay Packers,Bank of America Stadium,74867,USA,Outdoor,Charlotte,Artificial
2017-12-17,2017,15,Cleveland Browns,10.0,27.0,Baltimore Ravens,FirstEnergy Stadium,67431,USA,Outdoor,Cleveland,Grass
2017-12-17,2017,15,Jacksonville Jaguars,45.0,7.0,Houston Texans,EverBank Field,67814,USA,Outdoor,Jacksonville,Grass
2017-12-17,2017,15,Minnesota Vikings,34.0,7.0,Cincinnati Bengals,U.S. Bank Stadium,66655,USA,Dome,Minneapolis,Artificial
2017-12-17,2017,15,New Orleans Saints,31.0,19.0,New York Jets,Mercedes-Benz Superdome,73208,USA,Dome,New Orleans,Artificial
2017-12-17,2017,15,New York Giants,29.0,34.0,Philadelphia Eagles,MetLife Stadium,82500,USA,Outdoor,East Rutherford,Artificial
2017-12-17,2017,15,Las Vegas Raiders,17.0,20.0,Dallas Cowboys,Oakland Coliseum,65000,USA,Dome,Las Vegas,Grass
2017-12-17,2017,15,Pittsburgh Steelers,24.0,27.0,New England Patriots,Heinz Field,68400,USA,Outdoor,Pittsburgh,Grass
2017-12-17,2017,15,San Francisco 49ers,25.0,23.0,Tennessee Titans,Levi's Stadium,68500,USA,Outdoor,Santa Clara,Grass
2017-12-17,2017,15,Seattle Seahawks,7.0,42.0,Los Angeles Rams,CenturyLink Field,68740,USA,Outdoor,Seattle,Artificial
2017-12-17,2017,15,Washington Commanders,20.0,15.0,Arizona Cardinals,FedEx Field,62000,USA,Outdoor,Landover,Grass
2017-12-18,2017,15,Tampa Bay Buccaneers,21.0,24.0,Atlanta Falcons,Raymond James Stadium,69218,USA,Outdoor,Tampa Bay,Grass
2017-12-23,2017,16,Baltimore Ravens,23.0,16.0,Indianapolis Colts,M&T Bank Stadium,71008,USA,Outdoor,Baltimore,Grass
2017-12-23,2017,16,Green Bay Packers,0.0,16.0,Minnesota Vikings,Lambeau Field,81441,USA,Outdoor,Green Bay,Grass
2017-12-24,2017,16,Arizona Cardinals,23.0,0.0,New York Giants,University of Phoenix Stadium,63400,USA,RetractableDome,Glendale,Grass
2017-12-24,2017,16,Carolina Panthers,22.0,19.0,Tampa Bay Buccaneers,Bank of America Stadium,74867,USA,Outdoor,Charlotte,Artificial
2017-12-24,2017,16,Chicago Bears,20.0,3.0,Cleveland Browns,Soldier Field,61500,USA,Outdoor,Chicago,Grass
2017-12-24,2017,16,Cincinnati Bengals,26.0,17.0,Detroit Lions,Paul Brown Stadium,65515,USA,Outdoor,Cincinnati,Artificial
2017-12-24,2017,16,Dallas Cowboys,12.0,21.0,Seattle Seahawks,AT&T Stadium,80000,USA,RetractableDome,Arlington,Artificial
2017-12-24,2017,16,Kansas City Chiefs,29.0,13.0,Miami Dolphins,Arrowhead Stadium,76416,USA,Outdoor,Kansas City,Grass
2017-12-24,2017,16,New England Patriots,37.0,16.0,Buffalo Bills,Gillette Stadium,64628,USA,Outdoor,Foxborough,Artificial
2017-12-24,2017,16,New Orleans Saints,23.0,13.0,Atlanta Falcons,Mercedes-Benz Superdome,73208,USA,Dome,New Orleans,Artificial
2017-12-24,2017,16,New York Jets,7.0,14.0,Los Angeles Chargers,MetLife Stadium,82500,USA,Outdoor,East Rutherford,Artificial
2017-12-24,2017,16,San Francisco 49ers,44.0,33.0,Jacksonville Jaguars,Levi's Stadium,68500,USA,Outdoor,Santa Clara,Grass
2017-12-24,2017,16,Tennessee Titans,23.0,27.0,Los Angeles Rams,LP Stadium,69143,USA,Outdoor,Nashville,Grass
2017-12-24,2017,16,Washington Commanders,27.0,11.0,Denver Broncos,FedEx Field,62000,USA,Outdoor,Landover,Grass
2017-12-25,2017,16,Houston Texans,6.0,34.0,Pittsburgh Steelers,NRG Stadium,72220,USA,RetractableDome,Houston,Artificial
2017-12-25,2017,16,Philadelphia Eagles,19.0,10.0,Las Vegas Raiders,Lincoln Financial Field,67594,USA,Outdoor,Philadelphia,Grass
2017-12-31,2017,17,Atlanta Falcons,22.0,10.0,Carolina Panthers,Georgia Dome,71000,USA,RetractableDome,Atlanta,Artificial
2017-12-31,2017,17,Baltimore Ravens,27.0,31.0,Cincinnati Bengals,M&T Bank Stadium,71008,USA,Outdoor,Baltimore,Grass
2017-12-31,2017,17,Denver Broncos,24.0,27.0,Kansas City Chiefs,Sports Authority Field at Mile High,76125,USA,Outdoor,Denver,Grass
2017-12-31,2017,17,Detroit Lions,35.0,11.0,Green Bay Packers,Ford Field,65000,USA,Dome,Detroit,Artificial
2017-12-31,2017,17,Indianapolis Colts,22.0,13.0,Houston Texans,Lucas Oil Stadium,67000,USA,RetractableDome,Indianapolis,Artificial
2017-12-31,2017,17,Los Angeles Chargers,30.0,10.0,Las Vegas Raiders,StubHub Center,47252,Brazil,Outdoor,Sao Paulo,Grass
2017-12-31,2017,17,Los Angeles Rams,13.0,34.0,San Francisco 49ers,Los Angeles Memorial Coliseum,70240,USA,Dome,Inglewood,Artificial
2017-12-31,2017,17,Miami Dolphins,16.0,22.0,Buffalo Bills,Hard Rock Stadium,64767,USA,Outdoor,Miami Gardens,Grass
2017-12-31,2017,17,Minnesota Vikings,23.0,10.0,Chicago Bears,U.S. Bank Stadium,66655,USA,Dome,Minneapolis,Artificial
2017-12-31,2017,17,New England Patriots,26.0,6.0,New York Jets,Gillette Stadium,64628,USA,Outdoor,Foxborough,Artificial
2017-12-31,2017,17,New York Giants,18.0,10.0,Washington Commanders,MetLife Stadium,82500,USA,Outdoor,East Rutherford,Artificial
2017-12-31,2017,17,Philadelphia Eagles,0.0,6.0,Dallas Cowboys,Lincoln Financial Field,67594,USA,Outdoor,Philadelphia,Grass
2017-12-31,2017,17,Pittsburgh Steelers,28.0,24.0,Cleveland Browns,Heinz Field,68400,USA,Outdoor,Pittsburgh,Grass
2017-12-31,2017,17,Seattle Seahawks,24.0,26.0,Arizona Cardinals,CenturyLink Field,68740,USA,Outdoor,Seattle,Artificial
2017-12-31,2017,17,Tampa Bay Buccaneers,31.0,24.0,New Orleans Saints,Raymond James Stadium,69218,USA,Outdoor,Tampa Bay,Grass
2017-12-31,2017,17,Tennessee Titans,15.0,10.0,Jacksonville Jaguars,LP Stadium,69143,USA,Outdoor,Nashville,Grass
2018-09-06,2018,1,Philadelphia Eagles,18.0,12.0,Atlanta Falcons,Lincoln Financial Field,67594,USA,Outdoor,Philadelphia,Grass
2018-09-09,2018,1,Arizona Cardinals,6.0,24.0,Washington Commanders,University of Phoenix Stadium,63400,USA,RetractableDome,Glendale,Grass
2018-09-09,2018,1,Baltimore Ravens,47.0,3.0,Buffalo Bills,M&T Bank Stadium,71008,USA,Outdoor,Baltimore,Grass
2018-09-09,2018,1,Carolina Panthers,16.0,8.0,Dallas Cowboys,Bank of America Stadium,74867,USA,Outdoor,Charlotte,Artificial
2018-09-09,2018,1,Cleveland Browns,21.0,21.0,Pittsburgh Steelers,FirstEnergy Stadium,67431,USA,Outdoor,Cleveland,Grass
2018-09-09,2018,1,Denver Broncos,27.0,24.0,Seattle Seahawks,Sports Authority Field at Mile High,76125,USA,Outdoor,Denver,Grass
2018-09-09,2018,1,Green Bay Packers,24.0,23.0,Chicago Bears,Lambeau Field,81441,USA,Outdoor,Green Bay,Grass
2018-09-09,2018,1,Indianapolis Colts,23.0,34.0,Cincinnati Bengals,Lucas Oil Stadium,67000,USA,RetractableDome,Indianapolis,Artificial
2018-09-09,2018,1,Los Angeles Chargers,28.0,38.0,Kansas City Chiefs,StubHub Center,47252,Brazil,Outdoor,Sao Paulo,Grass
2018-09-09,2018,1,Miami Dolphins,27.0,20.0,Tennessee Titans,Hard Rock Stadium,64767,USA,Outdoor,Miami Gardens,Grass
2018-09-09,2018,1,Minnesota Vikings,24.0,16.0,San Francisco 49ers,U.S. Bank Stadium,66655,USA,Dome,Minneapolis,Artificial
2018-09-09,2018,1,New England Patriots,27.0,20.0,Houston Texans,Gillette Stadium,64628,USA,Outdoor,Foxborough,Artificial
2018-09-09,2018,1,New Orleans Saints,40.0,48.0,Tampa Bay Buccaneers,Mercedes-Benz Superdome,73208,USA,Dome,New Orleans,Artificial
2018-09-09,2018,1,New York Giants,15.0,20.0,Jacksonville Jaguars,MetLife Stadium,82500,USA,Outdoor,East Rutherford,Artificial
2018-09-10,2018,1,Detroit Lions,17.0,48.0,New York Jets,Ford Field,65000,USA,Dome,Detroit,Artificial
2018-09-10,2018,1,Las Vegas Raiders,13.0,33.0,Los Angeles Rams,Oakland Coliseum,65000,USA,Dome,Las Vegas,Grass
2018-09-13,2018,2,Cincinnati Bengals,34.0,23.0,Baltimore Ravens,Paul Brown Stadium,65515,USA,Outdoor,Cincinnati,Artificial
2018-09-16,2018,2,Atlanta Falcons,31.0,24.0,Carolina Panthers,Mercedes-Benz Stadium,71000,USA,RetractableDome,Atlanta,Artificial
2018-09-16,2018,2,Buffalo Bills,20.0,31.0,Los Angeles Chargers,New Era Field,71608,USA,Outdoor,Orchard Park,Artificial
2018-09-16,2018,2,Dallas Cowboys,20.0,13.0,New York Giants,AT&T Stadium,80000,USA,RetractableDome,Arlington,Artificial
2018-09-16,2018,2,Denver Broncos,20.0,19.0,Las Vegas Raiders,Sports Authority Field at Mile High,76125,USA,Outdoor,Denver,Grass
2018-09-16,2018,2,Green Bay Packers,29.0,29.0,Minnesota Vikings,Lambeau Field,81441,USA,Outdoor,Green Bay,Grass
2018-09-16,2018,2,Jacksonville Jaguars,31.0,20.0,New England Patriots,EverBank Field,67814,USA,Outdoor,Jacksonville,Grass
2018-09-16,2018,2,Los Angeles Rams,34.0,0.0,Arizona Cardinals,Los Angeles Memorial Coliseum,70240,USA,Dome,Inglewood,Artificial
2018-09-16,2018,2,New Orleans Saints,21.0,18.0,Cleveland Browns,Mercedes-Benz Superdome,73208,USA,Dome,New Orleans,Artificial
2018-09-16,2018,2,New York Jets,12.0,20.0,Miami Dolphins,MetLife Stadium,82500,USA,Outdoor,East Rutherford,Artificial
2018-09-16,2018,2,Pittsburgh Steelers,37.0,42.0,Kansas City Chiefs,Heinz Field,68400,USA,Outdoor,Pittsburgh,Grass
2018-09-16,2018,2,San Francisco 49ers,30.0,27.0,Detroit Lions,Levi's Stadium,68500,USA,Outdoor,Santa Clara,Grass
2018-09-16,2018,2,Tampa Bay Buccaneers,27.0,21.0,Philadelphia Eagles,Raymond James Stadium,69218,USA,Outdoor,Tampa Bay,Grass
2018-09-16,2018,2,Tennessee Titans,20.0,17.0,Houston Texans,Nissan Stadium,69143,USA,Outdoor,Nashville,Grass
2018-09-16,2018,2,Washington Commanders,9.0,21.0,Indianapolis Colts,FedEx Field,62000,USA,Outdoor,Landover,Grass
2018-09-17,2018,2,Chicago Bears,24.0,17.0,Seattle Seahawks,Soldier Field,61500,USA,Outdoor,Chicago,Grass
2018-09-20,2018,3,Cleveland Browns,21.0,17.0,New York Jets,FirstEnergy Stadium,67431,USA,Outdoor,Cleveland,Grass
2018-09-23,2018,3,Arizona Cardinals,14.0,16.0,Chicago Bears,University of Phoenix Stadium,63400,USA,RetractableDome,Glendale,Grass
2018-09-23,2018,3,Atlanta Falcons,37.0,43.0,New Orleans Saints,Mercedes-Benz Stadium,71000,USA,RetractableDome,Atlanta,Artificial
2018-09-23,2018,3,Baltimore Ravens,27.0,14.0,Denver Broncos,M&T Bank Stadium,71008,USA,Outdoor,Baltimore,Grass
2018-09-23,2018,3,Carolina Panthers,31.0,21.0,Cincinnati Bengals,Bank of America Stadium,74867,USA,Outdoor,Charlotte,Artificial
2018-09-23,2018,3,Detroit Lions,26.0,10.0,New England Patriots,Ford Field,65000,USA,Dome,Detroit,Artificial
2018-09-23,2018,3,Houston Texans,22.0,27.0,New York Giants,NRG Stadium,72220,USA,RetractableDome,Houston,Artificial
2018-09-23,2018,3,Jacksonville Jaguars,6.0,9.0,Tennessee Titans,TIAA Bank Field,67814,USA,Outdoor,Jacksonville,Grass
2018-09-23,2018,3,Kansas City Chiefs,38.0,27.0,San Francisco 49ers,Arrowhead Stadium,76416,USA,Outdoor,Kansas City,Grass
2018-09-23,2018,3,Los Angeles Rams,35.0,23.0,Los Angeles Chargers,Los Angeles Memorial Coliseum,70240,USA,Dome,Inglewood,Artificial
2018-09-23,2018,3,Miami Dolphins,28.0,20.0,Las Vegas Raiders,Hard Rock Stadium,64767,USA,Outdoor,Miami Gardens,Grass
2018-09-23,2018,3,Minnesota Vikings,6.0,27.0,Buffalo Bills,U.S. Bank Stadium,66655,USA,Dome,Minneapolis,Artificial
2018-09-23,2018,3,Philadelphia Eagles,20.0,16.0,Indianapolis Colts,Lincoln Financial Field,67594,USA,Outdoor,Philadelphia,Grass
2018-09-23,2018,3,Seattle Seahawks,24.0,13.0,Dallas Cowboys,CenturyLink Field,68740,USA,Outdoor,Seattle,Artificial
2018-09-23,2018,3,Washington Commanders,31.0,17.0,Green Bay Packers,FedEx Field,62000,USA,Outdoor,Landover,Grass
2018-09-24,2018,3,Tampa Bay Buccaneers,27.0,30.0,Pittsburgh Steelers,Raymond James Stadium,69218,USA,Outdoor,Tampa Bay,Grass
2018-09-27,2018,4,Los Angeles Rams,38.0,31.0,Minnesota Vikings,Los Angeles Memorial Coliseum,70240,USA,Dome,Inglewood,Artificial
2018-09-30,2018,4,Arizona Cardinals,17.0,20.0,Seattle Seahawks,University of Phoenix Stadium,63400,USA,RetractableDome,Glendale,Grass
2018-09-30,2018,4,Atlanta Falcons,36.0,37.0,Cincinnati Bengals,Mercedes-Benz Stadium,71000,USA,RetractableDome,Atlanta,Artificial
2018-09-30,2018,4,Chicago Bears,48.0,10.0,Tampa Bay Buccaneers,Soldier Field,61500,USA,Outdoor,Chicago,Grass
2018-09-30,2018,4,Dallas Cowboys,26.0,24.0,Detroit Lions,AT&T Stadium,80000,USA,RetractableDome,Arlington,Artificial
2018-09-30,2018,4,Green Bay Packers,22.0,0.0,Buffalo Bills,Lambeau Field,81441,USA,Outdoor,Green Bay,Grass
2018-09-30,2018,4,Indianapolis Colts,34.0,37.0,Houston Texans,Lucas Oil Stadium,67000,USA,RetractableDome,Indianapolis,Artificial
2018-09-30,2018,4,Jacksonville Jaguars,31.0,12.0,New York Jets,TIAA Bank Field,67814,USA,Outdoor,Jacksonville,Grass
2018-09-30,2018,4,Los Angeles Chargers,29.0,27.0,San Francisco 49ers,StubHub Center,47252,Brazil,Outdoor,Sao Paulo,Grass
2018-09-30,2018,4,New England Patriots,38.0,7.0,Miami Dolphins,Gillette Stadium,64628,USA,Outdoor,Foxborough,Artificial
2018-09-30,2018,4,New York Giants,18.0,33.0,New Orleans Saints,MetLife Stadium,82500,USA,Outdoor,East Rutherford,Artificial
2018-09-30,2018,4,Las Vegas Raiders,45.0,42.0,Cleveland Browns,Oakland Coliseum,65000,USA,Dome,Las Vegas,Grass
2018-09-30,2018,4,Pittsburgh Steelers,14.0,26.0,Baltimore Ravens,Heinz Field,68400,USA,Outdoor,Pittsburgh,Grass
2018-09-30,2018,4,Tennessee Titans,26.0,23.0,Philadelphia Eagles,Nissan Stadium,69143,USA,Outdoor,Nashville,Grass
2018-10-01,2018,4,Denver Broncos,23.0,27.0,Kansas City Chiefs,Sports Authority Field at Mile High,76125,USA,Outdoor,Denver,Grass
2018-10-04,2018,5,New England Patriots,38.0,24.0,Indianapolis Colts,Gillette Stadium,64628,USA,Outdoor,Foxborough,Artificial
2018-10-07,2018,5,Buffalo Bills,13.0,12.0,Tennessee Titans,New Era Field,71608,USA,Outdoor,Orchard Park,Artificial
2018-10-07,2018,5,Carolina Panthers,33.0,31.0,New York Giants,Bank of America Stadium,74867,USA,Outdoor,Charlotte,Artificial
2018-10-07,2018,5,Cincinnati Bengals,27.0,17.0,Miami Dolphins,Paul Brown Stadium,65515,USA,Outdoor,Cincinnati,Artificial
2018-10-07,2018,5,Cleveland Browns,12.0,9.0,Baltimore Ravens,FirstEnergy Stadium,67431,USA,Outdoor,Cleveland,Grass
2018-10-07,2018,5,Detroit Lions,31.0,23.0,Green Bay Packers,Ford Field,65000,USA,Dome,Detroit,Artificial
2018-10-07,2018,5,Houston Texans,19.0,16.0,Dallas Cowboys,NRG Stadium,72220,USA,RetractableDome,Houston,Artificial
2018-10-07,2018,5,Kansas City Chiefs,30.0,14.0,Jacksonville Jaguars,Arrowhead Stadium,76416,USA,Outdoor,Kansas City,Grass
2018-10-07,2018,5,Los Angeles Chargers,26.0,10.0,Las Vegas Raiders,StubHub Center,47252,Brazil,Outdoor,Sao Paulo,Grass
2018-10-07,2018,5,New York Jets,34.0,16.0,Denver Broncos,MetLife Stadium,82500,USA,Outdoor,East Rutherford,Artificial
2018-10-07,2018,5,Philadelphia Eagles,21.0,23.0,Minnesota Vikings,Lincoln Financial Field,67594,USA,Outdoor,Philadelphia,Grass
2018-10-07,2018,5,Pittsburgh Steelers,41.0,17.0,Atlanta Falcons,Heinz Field,68400,USA,Outdoor,Pittsburgh,Grass
2018-10-07,2018,5,San Francisco 49ers,18.0,28.0,Arizona Cardinals,Levi's Stadium,68500,USA,Outdoor,Santa Clara,Grass
2018-10-07,2018,5,Seattle Seahawks,31.0,33.0,Los Angeles Rams,CenturyLink Field,68740,USA,Outdoor,Seattle,Artificial
2018-10-08,2018,5,New Orleans Saints,43.0,19.0,Washington Commanders,Mercedes-Benz Superdome,73208,USA,Dome,New Orleans,Artificial
2018-10-11,2018,6,New York Giants,13.0,34.0,Philadelphia Eagles,MetLife Stadium,82500,USA,Outdoor,East Rutherford,Artificial
2018-10-14,2018,6,Atlanta Falcons,34.0,29.0,Tampa Bay Buccaneers,Mercedes-Benz Stadium,71000,USA,RetractableDome,Atlanta,Artificial
2018-10-14,2018,6,Cincinnati Bengals,21.0,28.0,Pittsburgh Steelers,Paul Brown Stadium,65515,USA,Outdoor,Cincinnati,Artificial
2018-10-14,2018,6,Cleveland Browns,14.0,38.0,Los Angeles Chargers,FirstEnergy Stadium,67431,USA,Outdoor,Cleveland,Grass
2018-10-14,2018,6,Dallas Cowboys,40.0,7.0,Jacksonville Jaguars,AT&T Stadium,80000,USA,RetractableDome,Arlington,Artificial
2018-10-14,2018,6,Denver Broncos,20.0,23.0,Los Angeles Rams,Sports Authority Field at Mile High,76125,USA,Outdoor,Denver,Grass
2018-10-14,2018,6,Houston Texans,20.0,13.0,Buffalo Bills,NRG Stadium,72220,USA,RetractableDome,Houston,Artificial
2018-10-14,2018,6,Miami Dolphins,31.0,28.0,Chicago Bears,Hard Rock Stadium,64767,USA,Outdoor,Miami Gardens,Grass
2018-10-14,2018,6,Minnesota Vikings,27.0,17.0,Arizona Cardinals,U.S. Bank Stadium,66655,USA,Dome,Minneapolis,Artificial
2018-10-14,2018,6,New England Patriots,43.0,40.0,Kansas City Chiefs,Gillette Stadium,64628,USA,Outdoor,Foxborough,Artificial
2018-10-14,2018,6,New York Jets,42.0,34.0,Indianapolis Colts,MetLife Stadium,82500,USA,Outdoor,East Rutherford,Artificial
2018-10-14,2018,6,Las Vegas Raiders,3.0,27.0,Seattle Seahawks,Tottenham Hotspur Stadium,65000,USA,Dome,Las Vegas,Grass
2018-10-14,2018,6,Tennessee Titans,0.0,21.0,Baltimore Ravens,Nissan Stadium,69143,USA,Outdoor,Nashville,Grass
2018-10-14,2018,6,Washington Commanders,23.0,17.0,Carolina Panthers,FedEx Field,62000,USA,Outdoor,Landover,Grass
2018-10-15,2018,6,Green Bay Packers,33.0,30.0,San Francisco 49ers,Lambeau Field,81441,USA,Outdoor,Green Bay,Grass
2018-10-18,2018,7,Arizona Cardinals,10.0,45.0,Denver Broncos,University of Phoenix Stadium,63400,USA,RetractableDome,Glendale,Grass
2018-10-21,2018,7,Baltimore Ravens,23.0,24.0,New Orleans Saints,M&T Bank Stadium,71008,USA,Outdoor,Baltimore,Grass
2018-10-21,2018,7,Chicago Bears,31.0,38.0,New England Patriots,Soldier Field,61500,USA,Outdoor,Chicago,Grass
2018-10-21,2018,7,Indianapolis Colts,37.0,5.0,Buffalo Bills,Lucas Oil Stadium,67000,USA,RetractableDome,Indianapolis,Artificial
2018-10-21,2018,7,Jacksonville Jaguars,7.0,20.0,Houston Texans,TIAA Bank Field,67814,USA,Outdoor,Jacksonville,Grass
2018-10-21,2018,7,Kansas City Chiefs,45.0,10.0,Cincinnati Bengals,Arrowhead Stadium,76416,USA,Outdoor,Kansas City,Grass
2018-10-21,2018,7,Los Angeles Chargers,20.0,19.0,Tennessee Titans,Wembley Stadium,47252,Brazil,Outdoor,Sao Paulo,Grass
2018-10-21,2018,7,Miami Dolphins,21.0,32.0,Detroit Lions,Hard Rock Stadium,64767,USA,Outdoor,Miami Gardens,Grass
2018-10-21,2018,7,New York Jets,17.0,37.0,Minnesota Vikings,MetLife Stadium,82500,USA,Outdoor,East Rutherford,Artificial
2018-10-21,2018,7,Philadelphia Eagles,17.0,21.0,Carolina Panthers,Lincoln Financial Field,67594,USA,Outdoor,Philadelphia,Grass
2018-10-21,2018,7,San Francisco 49ers,10.0,39.0,Los Angeles Rams,Levi's Stadium,68500,USA,Outdoor,Santa Clara,Grass
2018-10-21,2018,7,Tampa Bay Buccaneers,26.0,23.0,Cleveland Browns,Raymond James Stadium,69218,USA,Outdoor,Tampa Bay,Grass
2018-10-21,2018,7,Washington Commanders,20.0,17.0,Dallas Cowboys,FedEx Field,62000,USA,Outdoor,Landover,Grass
2018-10-22,2018,7,Atlanta Falcons,23.0,20.0,New York Giants,Mercedes-Benz Stadium,71000,USA,RetractableDome,Atlanta,Artificial
2018-10-25,2018,8,Houston Texans,42.0,23.0,Miami Dolphins,NRG Stadium,72220,USA,RetractableDome,Houston,Artificial
2018-10-28,2018,8,Arizona Cardinals,18.0,15.0,San Francisco 49ers,University of Phoenix Stadium,63400,USA,RetractableDome,Glendale,Grass
2018-10-28,2018,8,Carolina Panthers,36.0,21.0,Baltimore Ravens,Bank of America Stadium,74867,USA,Outdoor,Charlotte,Artificial
2018-10-28,2018,8,Chicago Bears,24.0,10.0,New York Jets,Soldier Field,61500,USA,Outdoor,Chicago,Grass
2018-10-28,2018,8,Cincinnati Bengals,37.0,34.0,Tampa Bay Buccaneers,Paul Brown Stadium,65515,USA,Outdoor,Cincinnati,Artificial
2018-10-28,2018,8,Detroit Lions,14.0,28.0,Seattle Seahawks,Ford Field,65000,USA,Dome,Detroit,Artificial
2018-10-28,2018,8,Jacksonville Jaguars,18.0,24.0,Philadelphia Eagles,Wembley Stadium,67814,USA,Outdoor,Jacksonville,Grass
2018-10-28,2018,8,Kansas City Chiefs,30.0,23.0,Denver Broncos,Arrowhead Stadium,76416,USA,Outdoor,Kansas City,Grass
2018-10-28,2018,8,Los Angeles Rams,29.0,27.0,Green Bay Packers,Los Angeles Memorial Coliseum,70240,USA,Dome,Inglewood,Artificial
2018-10-28,2018,8,Minnesota Vikings,20.0,30.0,New Orleans Saints,U.S. Bank Stadium,66655,USA,Dome,Minneapolis,Artificial
2018-10-28,2018,8,New York Giants,13.0,20.0,Washington Commanders,MetLife Stadium,82500,USA,Outdoor,East Rutherford,Artificial
2018-10-28,2018,8,Las Vegas Raiders,28.0,42.0,Indianapolis Colts,Oakland Coliseum,65000,USA,Dome,Las Vegas,Grass
2018-10-28,2018,8,Pittsburgh Steelers,33.0,18.0,Cleveland Browns,Heinz Field,68400,USA,Outdoor,Pittsburgh,Grass
2018-10-29,2018,8,Buffalo Bills,6.0,25.0,New England Patriots,New Era Field,71608,USA,Outdoor,Orchard Park,Artificial
2018-11-01,2018,9,San Francisco 49ers,34.0,3.0,Las Vegas Raiders,Levi's Stadium,68500,USA,Outdoor,Santa Clara,Grass
2018-11-04,2018,9,Baltimore Ravens,16.0,23.0,Pittsburgh Steelers,M&T Bank Stadium,71008,USA,Outdoor,Baltimore,Grass
2018-11-04,2018,9,Buffalo Bills,9.0,41.0,Chicago Bears,New Era Field,71608,USA,Outdoor,Orchard Park,Artificial
2018-11-04,2018,9,Carolina Panthers,42.0,28.0,Tampa Bay Buccaneers,Bank of America Stadium,74867,USA,Outdoor,Charlotte,Artificial
2018-11-04,2018,9,Cleveland Browns,21.0,37.0,Kansas City Chiefs,FirstEnergy Stadium,67431,USA,Outdoor,Cleveland,Grass
2018-11-04,2018,9,Denver Broncos,17.0,19.0,Houston Texans,Sports Authority Field at Mile High,76125,USA,Outdoor,Denver,Grass
2018-11-04,2018,9,Miami Dolphins,13.0,6.0,New York Jets,Hard Rock Stadium,64767,USA,Outdoor,Miami Gardens,Grass
2018-11-04,2018,9,Minnesota Vikings,24.0,9.0,Detroit Lions,U.S. Bank Stadium,66655,USA,Dome,Minneapolis,Artificial
2018-11-04,2018,9,New England Patriots,31.0,17.0,Green Bay Packers,Gillette Stadium,64628,USA,Outdoor,Foxborough,Artificial
2018-11-04,2018,9,New Orleans Saints,45.0,35.0,Los Angeles Rams,Mercedes-Benz Superdome,73208,USA,Dome,New Orleans,Artificial
2018-11-04,2018,9,Seattle Seahawks,17.0,25.0,Los Angeles Chargers,CenturyLink Field,68740,USA,Outdoor,Seattle,Artificial
2018-11-04,2018,9,Washington Commanders,14.0,38.0,Atlanta Falcons,FedEx Field,62000,USA,Outdoor,Landover,Grass
2018-11-05,2018,9,Dallas Cowboys,14.0,28.0,Tennessee Titans,AT&T Stadium,80000,USA,RetractableDome,Arlington,Artificial
2018-11-08,2018,10,Pittsburgh Steelers,52.0,21.0,Carolina Panthers,Heinz Field,68400,USA,Outdoor,Pittsburgh,Grass
2018-11-11,2018,10,Chicago Bears,34.0,22.0,Detroit Lions,Soldier Field,61500,USA,Outdoor,Chicago,Grass
2018-11-11,2018,10,Cincinnati Bengals,14.0,51.0,New Orleans Saints,Paul Brown Stadium,65515,USA,Outdoor,Cincinnati,Artificial
2018-11-11,2018,10,Cleveland Browns,28.0,16.0,Atlanta Falcons,FirstEnergy Stadium,67431,USA,Outdoor,Cleveland,Grass
2018-11-11,2018,10,Green Bay Packers,31.0,12.0,Miami Dolphins,Lambeau Field,81441,USA,Outdoor,Green Bay,Grass
2018-11-11,2018,10,Indianapolis Colts,29.0,26.0,Jacksonville Jaguars,Lucas Oil Stadium,67000,USA,RetractableDome,Indianapolis,Artificial
2018-11-11,2018,10,Kansas City Chiefs,26.0,14.0,Arizona Cardinals,Arrowhead Stadium,76416,USA,Outdoor,Kansas City,Grass
2018-11-11,2018,10,Los Angeles Rams,36.0,31.0,Seattle Seahawks,Los Angeles Memorial Coliseum,70240,USA,Dome,Inglewood,Artificial
2018-11-11,2018,10,New York Jets,10.0,41.0,Buffalo Bills,MetLife Stadium,82500,USA,Outdoor,East Rutherford,Artificial
2018-11-11,2018,10,Las Vegas Raiders,6.0,20.0,Los Angeles Chargers,Oakland Coliseum,65000,USA,Dome,Las Vegas,Grass
2018-11-11,2018,10,Philadelphia Eagles,20.0,27.0,Dallas Cowboys,Lincoln Financial Field,67594,USA,Outdoor,Philadelphia,Grass
2018-11-11,2018,10,Tampa Bay Buccaneers,3.0,16.0,Washington Commanders,Raymond James Stadium,69218,USA,Outdoor,Tampa Bay,Grass
2018-11-11,2018,10,Tennessee Titans,34.0,10.0,New England Patriots,Nissan Stadium,69143,USA,Outdoor,Nashville,Grass
2018-11-12,2018,10,San Francisco 49ers,23.0,27.0,New York Giants,Levi's Stadium,68500,USA,Outdoor,Santa Clara,Grass
2018-11-15,2018,11,Seattle Seahawks,27.0,24.0,Green Bay Packers,CenturyLink Field,68740,USA,Outdoor,Seattle,Artificial
2018-11-18,2018,11,Arizona Cardinals,21.0,23.0,Las Vegas Raiders,University of Phoenix Stadium,63400,USA,RetractableDome,Glendale,Grass
2018-11-18,2018,11,Atlanta Falcons,19.0,22.0,Dallas Cowboys,Mercedes-Benz Stadium,71000,USA,RetractableDome,Atlanta,Artificial
2018-11-18,2018,11,Baltimore Ravens,24.0,21.0,Cincinnati Bengals,M&T Bank Stadium,71008,USA,Outdoor,Baltimore,Grass
2018-11-18,2018,11,Chicago Bears,25.0,20.0,Minnesota Vikings,Soldier Field,61500,USA,Outdoor,Chicago,Grass
2018-11-18,2018,11,Detroit Lions,20.0,19.0,Carolina Panthers,Ford Field,65000,USA,Dome,Detroit,Artificial
2018-11-18,2018,11,Indianapolis Colts,38.0,10.0,Tennessee Titans,Lucas Oil Stadium,67000,USA,RetractableDome,Indianapolis,Artificial
2018-11-18,2018,11,Jacksonville Jaguars,16.0,20.0,Pittsburgh Steelers,TIAA Bank Field,67814,USA,Outdoor,Jacksonville,Grass
2018-11-18,2018,11,Los Angeles Chargers,22.0,23.0,Denver Broncos,StubHub Center,47252,Brazil,Outdoor,Sao Paulo,Grass
2018-11-18,2018,11,New Orleans Saints,48.0,7.0,Philadelphia Eagles,Mercedes-Benz Superdome,73208,USA,Dome,New Orleans,Artificial
2018-11-18,2018,11,New York Giants,38.0,35.0,Tampa Bay Buccaneers,MetLife Stadium,82500,USA,Outdoor,East Rutherford,Artificial
2018-11-18,2018,11,Washington Commanders,21.0,23.0,Houston Texans,FedEx Field,62000,USA,Outdoor,Landover,Grass
2018-11-19,2018,11,Los Angeles Rams,54.0,51.0,Kansas City Chiefs,Los Angeles Memorial Coliseum,70240,USA,Dome,Inglewood,Artificial
2018-11-22,2018,12,Dallas Cowboys,31.0,23.0,Washington Commanders,AT&T Stadium,80000,USA,RetractableDome,Arlington,Artificial
2018-11-22,2018,12,Detroit Lions,16.0,23.0,Chicago Bears,Ford Field,65000,USA,Dome,Detroit,Artificial
2018-11-22,2018,12,New Orleans Saints,31.0,17.0,Atlanta Falcons,Mercedes-Benz Superdome,73208,USA,Dome,New Orleans,Artificial
2018-11-25,2018,12,Baltimore Ravens,34.0,17.0,Las Vegas Raiders,M&T Bank Stadium,71008,USA,Outdoor,Baltimore,Grass
2018-11-25,2018,12,Buffalo Bills,24.0,21.0,Jacksonville Jaguars,New Era Field,71608,USA,Outdoor,Orchard Park,Artificial
2018-11-25,2018,12,Carolina Panthers,27.0,30.0,Seattle Seahawks,Bank of America Stadium,74867,USA,Outdoor,Charlotte,Artificial
2018-11-25,2018,12,Cincinnati Bengals,20.0,35.0,Cleveland Browns,Paul Brown Stadium,65515,USA,Outdoor,Cincinnati,Artificial
2018-11-25,2018,12,Denver Broncos,24.0,17.0,Pittsburgh Steelers,Sports Authority Field at Mile High,76125,USA,Outdoor,Denver,Grass
2018-11-25,2018,12,Indianapolis Colts,27.0,24.0,Miami Dolphins,Lucas Oil Stadium,67000,USA,RetractableDome,Indianapolis,Artificial
2018-11-25,2018,12,Los Angeles Chargers,45.0,10.0,Arizona Cardinals,StubHub Center,47252,Brazil,Outdoor,Sao Paulo,Grass
2018-11-25,2018,12,Minnesota Vikings,24.0,17.0,Green Bay Packers,U.S. Bank Stadium,66655,USA,Dome,Minneapolis,Artificial
2018-11-25,2018,12,New York Jets,13.0,27.0,New England Patriots,MetLife Stadium,82500,USA,Outdoor,East Rutherford,Artificial
2018-11-25,2018,12,Philadelphia Eagles,25.0,22.0,New York Giants,Lincoln Financial Field,67594,USA,Outdoor,Philadelphia,Grass
2018-11-25,2018,12,Tampa Bay Buccaneers,27.0,9.0,San Francisco 49ers,Raymond James Stadium,69218,USA,Outdoor,Tampa Bay,Grass
2018-11-26,2018,12,Houston Texans,34.0,17.0,Tennessee Titans,NRG Stadium,72220,USA,RetractableDome,Houston,Artificial
2018-11-29,2018,13,Dallas Cowboys,13.0,10.0,New Orleans Saints,AT&T Stadium,80000,USA,RetractableDome,Arlington,Artificial
2018-12-02,2018,13,Atlanta Falcons,16.0,26.0,Baltimore Ravens,Mercedes-Benz Stadium,71000,USA,RetractableDome,Atlanta,Artificial
2018-12-02,2018,13,Cincinnati Bengals,10.0,24.0,Denver Broncos,Paul Brown Stadium,65515,USA,Outdoor,Cincinnati,Artificial
2018-12-02,2018,13,Detroit Lions,16.0,30.0,Los Angeles Rams,Ford Field,65000,USA,Dome,Detroit,Artificial
2018-12-02,2018,13,Green Bay Packers,17.0,20.0,Arizona Cardinals,Lambeau Field,81441,USA,Outdoor,Green Bay,Grass
2018-12-02,2018,13,Houston Texans,29.0,13.0,Cleveland Browns,NRG Stadium,72220,USA,RetractableDome,Houston,Artificial
2018-12-02,2018,13,Jacksonville Jaguars,6.0,0.0,Indianapolis Colts,TIAA Bank Field,67814,USA,Outdoor,Jacksonville,Grass
2018-12-02,2018,13,Miami Dolphins,21.0,17.0,Buffalo Bills,Hard Rock Stadium,64767,USA,Outdoor,Miami Gardens,Grass
2018-12-02,2018,13,New England Patriots,24.0,10.0,Minnesota Vikings,Gillette Stadium,64628,USA,Outdoor,Foxborough,Artificial
2018-12-02,2018,13,New York Giants,30.0,27.0,Chicago Bears,MetLife Stadium,82500,USA,Outdoor,East Rutherford,Artificial
2018-12-02,2018,13,Las Vegas Raiders,33.0,40.0,Kansas City Chiefs,Oakland Coliseum,65000,USA,Dome,Las Vegas,Grass
2018-12-02,2018,13,Pittsburgh Steelers,30.0,33.0,Los Angeles Chargers,Heinz Field,68400,USA,Outdoor,Pittsburgh,Grass
2018-12-02,2018,13,Seattle Seahawks,43.0,16.0,San Francisco 49ers,CenturyLink Field,68740,USA,Outdoor,Seattle,Artificial
2018-12-02,2018,13,Tampa Bay Buccaneers,24.0,17.0,Carolina Panthers,Raymond James Stadium,69218,USA,Outdoor,Tampa Bay,Grass
2018-12-02,2018,13,Tennessee Titans,26.0,22.0,New York Jets,Nissan Stadium,69143,USA,Outdoor,Nashville,Grass
2018-12-03,2018,13,Philadelphia Eagles,28.0,13.0,Washington Commanders,Lincoln Financial Field,67594,USA,Outdoor,Philadelphia,Grass
2018-12-06,2018,14,Tennessee Titans,30.0,9.0,Jacksonville Jaguars,Nissan Stadium,69143,USA,Outdoor,Nashville,Grass
2018-12-09,2018,14,Arizona Cardinals,3.0,17.0,Detroit Lions,University of Phoenix Stadium,63400,USA,RetractableDome,Glendale,Grass
2018-12-09,2018,14,Buffalo Bills,23.0,27.0,New York Jets,New Era Field,71608,USA,Outdoor,Orchard Park,Artificial
2018-12-09,2018,14,Chicago Bears,15.0,6.0,Los Angeles Rams,Soldier Field,61500,USA,Outdoor,Chicago,Grass
2018-12-09,2018,14,Cleveland Browns,26.0,20.0,Carolina Panthers,FirstEnergy Stadium,67431,USA,Outdoor,Cleveland,Grass
2018-12-09,2018,14,Dallas Cowboys,29.0,23.0,Philadelphia Eagles,AT&T Stadium,80000,USA,RetractableDome,Arlington,Artificial
2018-12-09,2018,14,Green Bay Packers,34.0,20.0,Atlanta Falcons,Lambeau Field,81441,USA,Outdoor,Green Bay,Grass
2018-12-09,2018,14,Houston Texans,21.0,24.0,Indianapolis Colts,NRG Stadium,72220,USA,RetractableDome,Houston,Artificial
2018-12-09,2018,14,Kansas City Chiefs,27.0,24.0,Baltimore Ravens,Arrowhead Stadium,76416,USA,Outdoor,Kansas City,Grass
2018-12-09,2018,14,Los Angeles Chargers,26.0,21.0,Cincinnati Bengals,StubHub Center,47252,Brazil,Outdoor,Sao Paulo,Grass
2018-12-09,2018,14,Miami Dolphins,34.0,33.0,New England Patriots,Hard Rock Stadium,64767,USA,Outdoor,Miami Gardens,Grass
2018-12-09,2018,14,Las Vegas Raiders,24.0,21.0,Pittsburgh Steelers,Oakland Coliseum,65000,USA,Dome,Las Vegas,Grass
2018-12-09,2018,14,San Francisco 49ers,20.0,14.0,Denver Broncos,Levi's Stadium,68500,USA,Outdoor,Santa Clara,Grass
2018-12-09,2018,14,Tampa Bay Buccaneers,14.0,28.0,New Orleans Saints,Raymond James Stadium,69218,USA,Outdoor,Tampa Bay,Grass
2018-12-09,2018,14,Washington Commanders,16.0,40.0,New York Giants,FedEx Field,62000,USA,Outdoor,Landover,Grass
2018-12-10,2018,14,Seattle Seahawks,21.0,7.0,Minnesota Vikings,CenturyLink Field,68740,USA,Outdoor,Seattle,Artificial
2018-12-13,2018,15,Kansas City Chiefs,28.0,29.0,Los Angeles Chargers,Arrowhead Stadium,76416,USA,Outdoor,Kansas City,Grass
2018-12-15,2018,15,Denver Broncos,16.0,17.0,Cleveland Browns,Sports Authority Field at Mile High,76125,USA,Outdoor,Denver,Grass
2018-12-15,2018,15,New York Jets,22.0,29.0,Houston Texans,MetLife Stadium,82500,USA,Outdoor,East Rutherford,Artificial
2018-12-16,2018,15,Atlanta Falcons,40.0,14.0,Arizona Cardinals,Mercedes-Benz Stadium,71000,USA,RetractableDome,Atlanta,Artificial
2018-12-16,2018,15,Baltimore Ravens,20.0,12.0,Tampa Bay Buccaneers,M&T Bank Stadium,71008,USA,Outdoor,Baltimore,Grass
2018-12-16,2018,15,Buffalo Bills,14.0,13.0,Detroit Lions,New Era Field,71608,USA,Outdoor,Orchard Park,Artificial
2018-12-16,2018,15,Chicago Bears,24.0,17.0,Green Bay Packers,Soldier Field,61500,USA,Outdoor,Chicago,Grass
2018-12-16,2018,15,Cincinnati Bengals,30.0,16.0,Las Vegas Raiders,Paul Brown Stadium,65515,USA,Outdoor,Cincinnati,Artificial
2018-12-16,2018,15,Indianapolis Colts,23.0,0.0,Dallas Cowboys,Lucas Oil Stadium,67000,USA,RetractableDome,Indianapolis,Artificial
2018-12-16,2018,15,Jacksonville Jaguars,13.0,16.0,Washington Commanders,TIAA Bank Field,67814,USA,Outdoor,Jacksonville,Grass
2018-12-16,2018,15,Los Angeles Rams,23.0,30.0,Philadelphia Eagles,Los Angeles Memorial Coliseum,70240,USA,Dome,Inglewood,Artificial
2018-12-16,2018,15,Minnesota Vikings,41.0,17.0,Miami Dolphins,U.S. Bank Stadium,66655,USA,Dome,Minneapolis,Artificial
2018-12-16,2018,15,New York Giants,0.0,17.0,Tennessee Titans,MetLife Stadium,82500,USA,Outdoor,East Rutherford,Artificial
2018-12-16,2018,15,Pittsburgh Steelers,17.0,10.0,New England Patriots,Heinz Field,68400,USA,Outdoor,Pittsburgh,Grass
2018-12-16,2018,15,San Francisco 49ers,26.0,23.0,Seattle Seahawks,Levi's Stadium,68500,USA,Outdoor,Santa Clara,Grass
2018-12-17,2018,15,Carolina Panthers,9.0,12.0,New Orleans Saints,Bank of America Stadium,74867,USA,Outdoor,Charlotte,Artificial
2018-12-22,2018,16,Los Angeles Chargers,10.0,22.0,Baltimore Ravens,StubHub Center,47252,Brazil,Outdoor,Sao Paulo,Grass
2018-12-22,2018,16,Tennessee Titans,25.0,16.0,Washington Commanders,Nissan Stadium,69143,USA,Outdoor,Nashville,Grass
2018-12-23,2018,16,Arizona Cardinals,9.0,31.0,Los Angeles Rams,University of Phoenix Stadium,63400,USA,RetractableDome,Glendale,Grass
2018-12-23,2018,16,Carolina Panthers,10.0,24.0,Atlanta Falcons,Bank of America Stadium,74867,USA,Outdoor,Charlotte,Artificial
2018-12-23,2018,16,Cleveland Browns,26.0,18.0,Cincinnati Bengals,FirstEnergy Stadium,67431,USA,Outdoor,Cleveland,Grass
2018-12-23,2018,16,Dallas Cowboys,27.0,20.0,Tampa Bay Buccaneers,AT&T Stadium,80000,USA,RetractableDome,Arlington,Artificial
2018-12-23,2018,16,Detroit Lions,9.0,27.0,Minnesota Vikings,Ford Field,65000,USA,Dome,Detroit,Artificial
2018-12-23,2018,16,Indianapolis Colts,28.0,27.0,New York Giants,Lucas Oil Stadium,67000,USA,RetractableDome,Indianapolis,Artificial
2018-12-23,2018,16,Miami Dolphins,7.0,17.0,Jacksonville Jaguars,Hard Rock Stadium,64767,USA,Outdoor,Miami Gardens,Grass
2018-12-23,2018,16,New England Patriots,24.0,12.0,Buffalo Bills,Gillette Stadium,64628,USA,Outdoor,Foxborough,Artificial
2018-12-23,2018,16,New Orleans Saints,31.0,28.0,Pittsburgh Steelers,Mercedes-Benz Superdome,73208,USA,Dome,New Orleans,Artificial
2018-12-23,2018,16,New York Jets,38.0,44.0,Green Bay Packers,MetLife Stadium,82500,USA,Outdoor,East Rutherford,Artificial
2018-12-23,2018,16,Philadelphia Eagles,32.0,30.0,Houston Texans,Lincoln Financial Field,67594,USA,Outdoor,Philadelphia,Grass
2018-12-23,2018,16,San Francisco 49ers,9.0,14.0,Chicago Bears,Levi's Stadium,68500,USA,Outdoor,Santa Clara,Grass
2018-12-23,2018,16,Seattle Seahawks,38.0,31.0,Kansas City Chiefs,CenturyLink Field,68740,USA,Outdoor,Seattle,Artificial
2018-12-24,2018,16,Las Vegas Raiders,27.0,14.0,Denver Broncos,Oakland Coliseum,65000,USA,Dome,Las Vegas,Grass
2018-12-30,2018,17,Baltimore Ravens,26.0,24.0,Cleveland Browns,M&T Bank Stadium,71008,USA,Outdoor,Baltimore,Grass
2018-12-30,2018,17,Buffalo Bills,42.0,17.0,Miami Dolphins,New Era Field,71608,USA,Outdoor,Orchard Park,Artificial
2018-12-30,2018,17,Denver Broncos,9.0,23.0,Los Angeles Chargers,Sports Authority Field at Mile High,76125,USA,Outdoor,Denver,Grass
2018-12-30,2018,17,Green Bay Packers,0.0,31.0,Detroit Lions,Lambeau Field,81441,USA,Outdoor,Green Bay,Grass
2018-12-30,2018,17,Houston Texans,20.0,3.0,Jacksonville Jaguars,NRG Stadium,72220,USA,RetractableDome,Houston,Artificial
2018-12-30,2018,17,Kansas City Chiefs,35.0,3.0,Las Vegas Raiders,Arrowhead Stadium,76416,USA,Outdoor,Kansas City,Grass
2018-12-30,2018,17,Los Angeles Rams,48.0,32.0,San Francisco 49ers,Los Angeles Memorial Coliseum,70240,USA,Dome,Inglewood,Artificial
2018-12-30,2018,17,Minnesota Vikings,10.0,24.0,Chicago Bears,U.S. Bank Stadium,66655,USA,Dome,Minneapolis,Artificial
2018-12-30,2018,17,New England Patriots,38.0,3.0,New York Jets,Gillette Stadium,64628,USA,Outdoor,Foxborough,Artificial
2018-12-30,2018,17,New Orleans Saints,14.0,33.0,Carolina Panthers,Mercedes-Benz Superdome,73208,USA,Dome,New Orleans,Artificial
2018-12-30,2018,17,New York Giants,35.0,36.0,Dallas Cowboys,MetLife Stadium,82500,USA,Outdoor,East Rutherford,Artificial
2018-12-30,2018,17,Pittsburgh Steelers,16.0,13.0,Cincinnati Bengals,Heinz Field,68400,USA,Outdoor,Pittsburgh,Grass
2018-12-30,2018,17,Seattle Seahawks,27.0,24.0,Arizona Cardinals,CenturyLink Field,68740,USA,Outdoor,Seattle,Artificial
2018-12-30,2018,17,Tampa Bay Buccaneers,32.0,34.0,Atlanta Falcons,Raymond James Stadium,69218,USA,Outdoor,Tampa Bay,Grass
2018-12-30,2018,17,Tennessee Titans,17.0,33.0,Indianapolis Colts,Nissan Stadium,69143,USA,Outdoor,Nashville,Grass
2018-12-30,2018,17,Washington Commanders,0.0,24.0,Philadelphia Eagles,FedEx Field,62000,USA,Outdoor,Landover,Grass
2019-09-05,2019,1,Chicago Bears,3.0,10.0,Green Bay Packers,Soldier Field,61500,USA,Outdoor,Chicago,Grass
2019-09-08,2019,1,Arizona Cardinals,27.0,27.0,Detroit Lions,University of Phoenix Stadium,63400,USA,RetractableDome,Glendale,Grass
2019-09-08,2019,1,Carolina Panthers,27.0,30.0,Los Angeles Rams,Bank of America Stadium,74867,USA,Outdoor,Charlotte,Artificial
2019-09-08,2019,1,Cleveland Browns,13.0,43.0,Tennessee Titans,FirstEnergy Stadium,67431,USA,Outdoor,Cleveland,Grass
2019-09-08,2019,1,Dallas Cowboys,35.0,17.0,New York Giants,AT&T Stadium,80000,USA,RetractableDome,Arlington,Artificial
2019-09-08,2019,1,Jacksonville Jaguars,26.0,40.0,Kansas City Chiefs,TIAA Bank Field,67814,USA,Outdoor,Jacksonville,Grass
2019-09-08,2019,1,Los Angeles Chargers,30.0,24.0,Indianapolis Colts,Dignity Health Sports Park,47252,Brazil,Outdoor,Sao Paulo,Grass
2019-09-08,2019,1,Miami Dolphins,10.0,59.0,Baltimore Ravens,Hard Rock Stadium,64767,USA,Outdoor,Miami Gardens,Grass
2019-09-08,2019,1,Minnesota Vikings,28.0,12.0,Atlanta Falcons,U.S. Bank Stadium,66655,USA,Dome,Minneapolis,Artificial
2019-09-08,2019,1,New England Patriots,33.0,3.0,Pittsburgh Steelers,Gillette Stadium,64628,USA,Outdoor,Foxborough,Artificial
2019-09-08,2019,1,New York Jets,16.0,17.0,Buffalo Bills,MetLife Stadium,82500,USA,Outdoor,East Rutherford,Artificial
2019-09-08,2019,1,Philadelphia Eagles,32.0,27.0,Washington Commanders,Lincoln Financial Field,67594,USA,Outdoor,Philadelphia,Grass
2019-09-08,2019,1,Seattle Seahawks,21.0,20.0,Cincinnati Bengals,CenturyLink Field,68740,USA,Outdoor,Seattle,Artificial
2019-09-08,2019,1,Tampa Bay Buccaneers,17.0,31.0,San Francisco 49ers,Raymond James Stadium,69218,USA,Outdoor,Tampa Bay,Grass
2019-09-09,2019,1,New Orleans Saints,30.0,28.0,Houston Texans,Mercedes-Benz Superdome,73208,USA,Dome,New Orleans,Artificial
2019-09-09,2019,1,Las Vegas Raiders,24.0,16.0,Denver Broncos,Oakland Coliseum,65000,USA,Dome,Las Vegas,Grass
2019-09-12,2019,2,Carolina Panthers,14.0,20.0,Tampa Bay Buccaneers,Bank of America Stadium,74867,USA,Outdoor,Charlotte,Artificial
2019-09-15,2019,2,Atlanta Falcons,24.0,20.0,Philadelphia Eagles,Mercedes-Benz Stadium,71000,USA,RetractableDome,Atlanta,Artificial
2019-09-15,2019,2,Baltimore Ravens,23.0,17.0,Arizona Cardinals,M&T Bank Stadium,71008,USA,Outdoor,Baltimore,Grass
2019-09-15,2019,2,Cincinnati Bengals,17.0,41.0,San Francisco 49ers,Paul Brown Stadium,65515,USA,Outdoor,Cincinnati,Artificial
2019-09-15,2019,2,Denver Broncos,14.0,16.0,Chicago Bears,Sports Authority Field at Mile High,76125,USA,Outdoor,Denver,Grass
2019-09-15,2019,2,Detroit Lions,13.0,10.0,Los Angeles Chargers,Ford Field,65000,USA,Dome,Detroit,Artificial
2019-09-15,2019,2,Green Bay Packers,21.0,16.0,Minnesota Vikings,Lambeau Field,81441,USA,Outdoor,Green Bay,Grass
2019-09-15,2019,2,Houston Texans,13.0,12.0,Jacksonville Jaguars,NRG Stadium,72220,USA,RetractableDome,Houston,Artificial
2019-09-15,2019,2,Los Angeles Rams,27.0,9.0,New Orleans Saints,Los Angeles Memorial Coliseum,70240,USA,Dome,Inglewood,Artificial
2019-09-15,2019,2,Miami Dolphins,0.0,43.0,New England Patriots,Hard Rock Stadium,64767,USA,Outdoor,Miami Gardens,Grass
2019-09-15,2019,2,New York Giants,14.0,28.0,Buffalo Bills,MetLife Stadium,82500,USA,Outdoor,East Rutherford,Artificial
2019-09-15,2019,2,Las Vegas Raiders,10.0,28.0,Kansas City Chiefs,Oakland Coliseum,65000,USA,Dome,Las Vegas,Grass
2019-09-15,2019,2,Pittsburgh Steelers,26.0,28.0,Seattle Seahawks,Heinz Field,68400,USA,Outdoor,Pittsburgh,Grass
2019-09-15,2019,2,Tennessee Titans,17.0,19.0,Indianapolis Colts,Nissan Stadium,69143,USA,Outdoor,Nashville,Grass
2019-09-15,2019,2,Washington Commanders,21.0,31.0,Dallas Cowboys,FedEx Field,62000,USA,Outdoor,Landover,Grass
2019-09-16,2019,2,New York Jets,3.0,23.0,Cleveland Browns,MetLife Stadium,82500,USA,Outdoor,East Rutherford,Artificial
2019-09-19,2019,3,Jacksonville Jaguars,20.0,7.0,Tennessee Titans,TIAA Bank Field,67814,USA,Outdoor,Jacksonville,Grass
2019-09-22,2019,3,Arizona Cardinals,20.0,38.0,Carolina Panthers,University of Phoenix Stadium,63400,USA,RetractableDome,Glendale,Grass
2019-09-22,2019,3,Buffalo Bills,21.0,17.0,Cincinnati Bengals,New Era Field,71608,USA,Outdoor,Orchard Park,Artificial
2019-09-22,2019,3,Cleveland Browns,13.0,20.0,Los Angeles Rams,FirstEnergy Stadium,67431,USA,Outdoor,Cleveland,Grass
2019-09-22,2019,3,Dallas Cowboys,31.0,6.0,Miami Dolphins,AT&T Stadium,80000,USA,RetractableDome,Arlington,Artificial
2019-09-22,2019,3,Green Bay Packers,27.0,16.0,Denver Broncos,Lambeau Field,81441,USA,Outdoor,Green Bay,Grass
2019-09-22,2019,3,Indianapolis Colts,27.0,24.0,Atlanta Falcons,Lucas Oil Stadium,67000,USA,RetractableDome,Indianapolis,Artificial
2019-09-22,2019,3,Kansas City Chiefs,33.0,28.0,Baltimore Ravens,Arrowhead Stadium,76416,USA,Outdoor,Kansas City,Grass
2019-09-22,2019,3,Los Angeles Chargers,20.0,27.0,Houston Texans,Dignity Health Sports Park,47252,Brazil,Outdoor,Sao Paulo,Grass
2019-09-22,2019,3,Minnesota Vikings,34.0,14.0,Las Vegas Raiders,U.S. Bank Stadium,66655,USA,Dome,Minneapolis,Artificial
2019-09-22,2019,3,New England Patriots,30.0,14.0,New York Jets,Gillette Stadium,64628,USA,Outdoor,Foxborough,Artificial
2019-09-22,2019,3,Philadelphia Eagles,24.0,27.0,Detroit Lions,Lincoln Financial Field,67594,USA,Outdoor,Philadelphia,Grass
2019-09-22,2019,3,San Francisco 49ers,24.0,20.0,Pittsburgh Steelers,Levi's Stadium,68500,USA,Outdoor,Santa Clara,Grass
2019-09-22,2019,3,Seattle Seahawks,27.0,33.0,New Orleans Saints,CenturyLink Field,68740,USA,Outdoor,Seattle,Artificial
2019-09-22,2019,3,Tampa Bay Buccaneers,31.0,32.0,New York Giants,Raymond James Stadium,69218,USA,Outdoor,Tampa Bay,Grass
2019-09-23,2019,3,Washington Commanders,15.0,31.0,Chicago Bears,FedEx Field,62000,USA,Outdoor,Landover,Grass
2019-09-26,2019,4,Green Bay Packers,27.0,34.0,Philadelphia Eagles,Lambeau Field,81441,USA,Outdoor,Green Bay,Grass
2019-09-29,2019,4,Arizona Cardinals,10.0,27.0,Seattle Seahawks,University of Phoenix Stadium,63400,USA,RetractableDome,Glendale,Grass
2019-09-29,2019,4,Atlanta Falcons,10.0,24.0,Tennessee Titans,Mercedes-Benz Stadium,71000,USA,RetractableDome,Atlanta,Artificial
2019-09-29,2019,4,Baltimore Ravens,25.0,40.0,Cleveland Browns,M&T Bank Stadium,71008,USA,Outdoor,Baltimore,Grass
2019-09-29,2019,4,Buffalo Bills,10.0,16.0,New England Patriots,New Era Field,71608,USA,Outdoor,Orchard Park,Artificial
2019-09-29,2019,4,Chicago Bears,16.0,6.0,Minnesota Vikings,Soldier Field,61500,USA,Outdoor,Chicago,Grass
2019-09-29,2019,4,Denver Broncos,24.0,26.0,Jacksonville Jaguars,Sports Authority Field at Mile High,76125,USA,Outdoor,Denver,Grass
2019-09-29,2019,4,Detroit Lions,30.0,34.0,Kansas City Chiefs,Ford Field,65000,USA,Dome,Detroit,Artificial
2019-09-29,2019,4,Houston Texans,10.0,16.0,Carolina Panthers,NRG Stadium,72220,USA,RetractableDome,Houston,Artificial
2019-09-29,2019,4,Indianapolis Colts,24.0,31.0,Las Vegas Raiders,Lucas Oil Stadium,67000,USA,RetractableDome,Indianapolis,Artificial
2019-09-29,2019,4,Los Angeles Rams,40.0,55.0,Tampa Bay Buccaneers,Los Angeles Memorial Coliseum,70240,USA,Dome,Inglewood,Artificial
2019-09-29,2019,4,Miami Dolphins,10.0,30.0,Los Angeles Chargers,Hard Rock Stadium,64767,USA,Outdoor,Miami Gardens,Grass
2019-09-29,2019,4,New Orleans Saints,12.0,10.0,Dallas Cowboys,Mercedes-Benz Superdome,73208,USA,Dome,New Orleans,Artificial
2019-09-29,2019,4,New York Giants,24.0,3.0,Washington Commanders,MetLife Stadium,82500,USA,Outdoor,East Rutherford,Artificial
2019-09-30,2019,4,Pittsburgh Steelers,27.0,3.0,Cincinnati Bengals,Heinz Field,68400,USA,Outdoor,Pittsburgh,Grass
2019-10-03,2019,5,Seattle Seahawks,30.0,29.0,Los Angeles Rams,CenturyLink Field,68740,USA,Outdoor,Seattle,Artificial
2019-10-06,2019,5,Carolina Panthers,34.0,27.0,Jacksonville Jaguars,Bank of America Stadium,74867,USA,Outdoor,Charlotte,Artificial
2019-10-06,2019,5,Cincinnati Bengals,23.0,26.0,Arizona Cardinals,Paul Brown Stadium,65515,USA,Outdoor,Cincinnati,Artificial
2019-10-06,2019,5,Dallas Cowboys,24.0,34.0,Green Bay Packers,AT&T Stadium,80000,USA,RetractableDome,Arlington,Artificial
2019-10-06,2019,5,Houston Texans,53.0,32.0,Atlanta Falcons,NRG Stadium,72220,USA,RetractableDome,Houston,Artificial
2019-10-06,2019,5,Kansas City Chiefs,13.0,19.0,Indianapolis Colts,Arrowhead Stadium,76416,USA,Outdoor,Kansas City,Grass
2019-10-06,2019,5,Los Angeles Chargers,13.0,20.0,Denver Broncos,Dignity Health Sports Park,47252,Brazil,Outdoor,Sao Paulo,Grass
2019-10-06,2019,5,New Orleans Saints,31.0,24.0,Tampa Bay Buccaneers,Mercedes-Benz Superdome,73208,USA,Dome,New Orleans,Artificial
2019-10-06,2019,5,New York Giants,10.0,28.0,Minnesota Vikings,MetLife Stadium,82500,USA,Outdoor,East Rutherford,Artificial
2019-10-06,2019,5,Las Vegas Raiders,24.0,21.0,Chicago Bears,Tottenham Hotspur Stadium,65000,USA,Dome,Las Vegas,Grass
2019-10-06,2019,5,Philadelphia Eagles,31.0,6.0,New York Jets,Lincoln Financial Field,67594,USA,Outdoor,Philadelphia,Grass
2019-10-06,2019,5,Pittsburgh Steelers,23.0,26.0,Baltimore Ravens,Heinz Field,68400,USA,Outdoor,Pittsburgh,Grass
2019-10-06,2019,5,Tennessee Titans,7.0,14.0,Buffalo Bills,Nissan Stadium,69143,USA,Outdoor,Nashville,Grass
2019-10-06,2019,5,Washington Commanders,7.0,33.0,New England Patriots,FedEx Field,62000,USA,Outdoor,Landover,Grass
2019-10-07,2019,5,San Francisco 49ers,31.0,3.0,Cleveland Browns,Levi's Stadium,68500,USA,Outdoor,Santa Clara,Grass
2019-10-10,2019,6,New England Patriots,35.0,14.0,New York Giants,Gillette Stadium,64628,USA,Outdoor,Foxborough,Artificial
2019-10-13,2019,6,Arizona Cardinals,34.0,33.0,Atlanta Falcons,University of Phoenix Stadium,63400,USA,RetractableDome,Glendale,Grass
2019-10-13,2019,6,Baltimore Ravens,23.0,17.0,Cincinnati Bengals,M&T Bank Stadium,71008,USA,Outdoor,Baltimore,Grass
2019-10-13,2019,6,Cleveland Browns,28.0,32.0,Seattle Seahawks,FirstEnergy Stadium,67431,USA,Outdoor,Cleveland,Grass
2019-10-13,2019,6,Denver Broncos,16.0,0.0,Tennessee Titans,Sports Authority Field at Mile High,76125,USA,Outdoor,Denver,Grass
2019-10-13,2019,6,Jacksonville Jaguars,6.0,13.0,New Orleans Saints,TIAA Bank Field,67814,USA,Outdoor,Jacksonville,Grass
2019-10-13,2019,6,Kansas City Chiefs,24.0,31.0,Houston Texans,Arrowhead Stadium,76416,USA,Outdoor,Kansas City,Grass
2019-10-13,2019,6,Los Angeles Chargers,17.0,24.0,Pittsburgh Steelers,Dignity Health Sports Park,47252,Brazil,Outdoor,Sao Paulo,Grass
2019-10-13,2019,6,Los Angeles Rams,7.0,20.0,San Francisco 49ers,Los Angeles Memorial Coliseum,70240,USA,Dome,Inglewood,Artificial
2019-10-13,2019,6,Miami Dolphins,16.0,17.0,Washington Commanders,Hard Rock Stadium,64767,USA,Outdoor,Miami Gardens,Grass
2019-10-13,2019,6,Minnesota Vikings,38.0,20.0,Philadelphia Eagles,U.S. Bank Stadium,66655,USA,Dome,Minneapolis,Artificial
2019-10-13,2019,6,New York Jets,24.0,22.0,Dallas Cowboys,MetLife Stadium,82500,USA,Outdoor,East Rutherford,Artificial
2019-10-13,2019,6,Tampa Bay Buccaneers,26.0,37.0,Carolina Panthers,Tottenham Hotspur Stadium,69218,USA,Outdoor,Tampa Bay,Grass
2019-10-14,2019,6,Green Bay Packers,23.0,22.0,Detroit Lions,Lambeau Field,81441,USA,Outdoor,Green Bay,Grass
2019-10-17,2019,7,Denver Broncos,6.0,30.0,Kansas City Chiefs,Sports Authority Field at Mile High,76125,USA,Outdoor,Denver,Grass
2019-10-20,2019,7,Atlanta Falcons,10.0,37.0,Los Angeles Rams,Mercedes-Benz Stadium,71000,USA,RetractableDome,Atlanta,Artificial
2019-10-20,2019,7,Buffalo Bills,31.0,21.0,Miami Dolphins,New Era Field,71608,USA,Outdoor,Orchard Park,Artificial
2019-10-20,2019,7,Chicago Bears,25.0,36.0,New Orleans Saints,Soldier Field,61500,USA,Outdoor,Chicago,Grass
2019-10-20,2019,7,Cincinnati Bengals,17.0,27.0,Jacksonville Jaguars,Paul Brown Stadium,65515,USA,Outdoor,Cincinnati,Artificial
2019-10-20,2019,7,Dallas Cowboys,37.0,10.0,Philadelphia Eagles,AT&T Stadium,80000,USA,RetractableDome,Arlington,Artificial
2019-10-20,2019,7,Detroit Lions,30.0,42.0,Minnesota Vikings,Ford Field,65000,USA,Dome,Detroit,Artificial
2019-10-20,2019,7,Green Bay Packers,42.0,24.0,Las Vegas Raiders,Lambeau Field,81441,USA,Outdoor,Green Bay,Grass
2019-10-20,2019,7,Indianapolis Colts,30.0,23.0,Houston Texans,Lucas Oil Stadium,67000,USA,RetractableDome,Indianapolis,Artificial
2019-10-20,2019,7,New York Giants,21.0,27.0,Arizona Cardinals,MetLife Stadium,82500,USA,Outdoor,East Rutherford,Artificial
2019-10-20,2019,7,Seattle Seahawks,16.0,30.0,Baltimore Ravens,CenturyLink Field,68740,USA,Outdoor,Seattle,Artificial
2019-10-20,2019,7,Tennessee Titans,23.0,20.0,Los Angeles Chargers,Nissan Stadium,69143,USA,Outdoor,Nashville,Grass
2019-10-20,2019,7,Washington Commanders,0.0,9.0,San Francisco 49ers,FedEx Field,62000,USA,Outdoor,Landover,Grass
2019-10-21,2019,7,New York Jets,0.0,33.0,New England Patriots,MetLife Stadium,82500,USA,Outdoor,East Rutherford,Artificial
2019-10-24,2019,8,Minnesota Vikings,19.0,9.0,Washington Commanders,U.S. Bank Stadium,66655,USA,Dome,Minneapolis,Artificial
2019-10-27,2019,8,Atlanta Falcons,20.0,27.0,Seattle Seahawks,Mercedes-Benz Stadium,71000,USA,RetractableDome,Atlanta,Artificial
2019-10-27,2019,8,Buffalo Bills,13.0,31.0,Philadelphia Eagles,New Era Field,71608,USA,Outdoor,Orchard Park,Artificial
2019-10-27,2019,8,Chicago Bears,16.0,17.0,Los Angeles Chargers,Soldier Field,61500,USA,Outdoor,Chicago,Grass
2019-10-27,2019,8,Detroit Lions,31.0,26.0,New York Giants,Ford Field,65000,USA,Dome,Detroit,Artificial
2019-10-27,2019,8,Houston Texans,27.0,24.0,Las Vegas Raiders,NRG Stadium,72220,USA,RetractableDome,Houston,Artificial
2019-10-27,2019,8,Indianapolis Colts,15.0,13.0,Denver Broncos,Lucas Oil Stadium,67000,USA,RetractableDome,Indianapolis,Artificial
2019-10-27,2019,8,Jacksonville Jaguars,29.0,15.0,New York Jets,TIAA Bank Field,67814,USA,Outdoor,Jacksonville,Grass
2019-10-27,2019,8,Kansas City Chiefs,24.0,31.0,Green Bay Packers,Arrowhead Stadium,76416,USA,Outdoor,Kansas City,Grass
2019-10-27,2019,8,Los Angeles Rams,24.0,10.0,Cincinnati Bengals,Wembley Stadium,70240,USA,Dome,Inglewood,Artificial
2019-10-27,2019,8,New England Patriots,27.0,13.0,Cleveland Browns,Gillette Stadium,64628,USA,Outdoor,Foxborough,Artificial
2019-10-27,2019,8,New Orleans Saints,31.0,9.0,Arizona Cardinals,Mercedes-Benz Superdome,73208,USA,Dome,New Orleans,Artificial
2019-10-27,2019,8,San Francisco 49ers,51.0,13.0,Carolina Panthers,Levi's Stadium,68500,USA,Outdoor,Santa Clara,Grass
2019-10-27,2019,8,Tennessee Titans,27.0,23.0,Tampa Bay Buccaneers,Nissan Stadium,69143,USA,Outdoor,Nashville,Grass
2019-10-28,2019,8,Pittsburgh Steelers,27.0,14.0,Miami Dolphins,Heinz Field,68400,USA,Outdoor,Pittsburgh,Grass
2019-10-31,2019,9,Arizona Cardinals,25.0,28.0,San Francisco 49ers,University of Phoenix Stadium,63400,USA,RetractableDome,Glendale,Grass
2019-11-03,2019,9,Baltimore Ravens,37.0,20.0,New England Patriots,M&T Bank Stadium,71008,USA,Outdoor,Baltimore,Grass
2019-11-03,2019,9,Buffalo Bills,24.0,9.0,Washington Commanders,New Era Field,71608,USA,Outdoor,Orchard Park,Artificial
2019-11-03,2019,9,Carolina Panthers,30.0,20.0,Tennessee Titans,Bank of America Stadium,74867,USA,Outdoor,Charlotte,Artificial
2019-11-03,2019,9,Denver Broncos,24.0,19.0,Cleveland Browns,Sports Authority Field at Mile High,76125,USA,Outdoor,Denver,Grass
2019-11-03,2019,9,Jacksonville Jaguars,3.0,26.0,Houston Texans,Wembley Stadium,67814,USA,Outdoor,Jacksonville,Grass
2019-11-03,2019,9,Kansas City Chiefs,26.0,23.0,Minnesota Vikings,Arrowhead Stadium,76416,USA,Outdoor,Kansas City,Grass
2019-11-03,2019,9,Los Angeles Chargers,26.0,11.0,Green Bay Packers,Dignity Health Sports Park,47252,Brazil,Outdoor,Sao Paulo,Grass
2019-11-03,2019,9,Miami Dolphins,26.0,18.0,New York Jets,Hard Rock Stadium,64767,USA,Outdoor,Miami Gardens,Grass
2019-11-03,2019,9,Las Vegas Raiders,31.0,24.0,Detroit Lions,Oakland Coliseum,65000,USA,Dome,Las Vegas,Grass
2019-11-03,2019,9,Philadelphia Eagles,22.0,14.0,Chicago Bears,Lincoln Financial Field,67594,USA,Outdoor,Philadelphia,Grass
2019-11-03,2019,9,Pittsburgh Steelers,26.0,24.0,Indianapolis Colts,Heinz Field,68400,USA,Outdoor,Pittsburgh,Grass
2019-11-03,2019,9,Seattle Seahawks,40.0,34.0,Tampa Bay Buccaneers,CenturyLink Field,68740,USA,Outdoor,Seattle,Artificial
2019-11-04,2019,9,New York Giants,18.0,37.0,Dallas Cowboys,MetLife Stadium,82500,USA,Outdoor,East Rutherford,Artificial
2019-11-07,2019,10,Las Vegas Raiders,26.0,24.0,Los Angeles Chargers,Oakland Coliseum,65000,USA,Dome,Las Vegas,Grass
2019-11-10,2019,10,Chicago Bears,20.0,13.0,Detroit Lions,Soldier Field,61500,USA,Outdoor,Chicago,Grass
2019-11-10,2019,10,Cincinnati Bengals,13.0,49.0,Baltimore Ravens,Paul Brown Stadium,65515,USA,Outdoor,Cincinnati,Artificial
2019-11-10,2019,10,Cleveland Browns,19.0,16.0,Buffalo Bills,FirstEnergy Stadium,67431,USA,Outdoor,Cleveland,Grass
2019-11-10,2019,10,Dallas Cowboys,24.0,28.0,Minnesota Vikings,AT&T Stadium,80000,USA,RetractableDome,Arlington,Artificial
2019-11-10,2019,10,Green Bay Packers,24.0,16.0,Carolina Panthers,Lambeau Field,81441,USA,Outdoor,Green Bay,Grass
2019-11-10,2019,10,Indianapolis Colts,12.0,16.0,Miami Dolphins,Lucas Oil Stadium,67000,USA,RetractableDome,Indianapolis,Artificial
2019-11-10,2019,10,New Orleans Saints,9.0,26.0,Atlanta Falcons,Mercedes-Benz Superdome,73208,USA,Dome,New Orleans,Artificial
2019-11-10,2019,10,New York Jets,34.0,27.0,New York Giants,MetLife Stadium,82500,USA,Outdoor,East Rutherford,Artificial
2019-11-10,2019,10,Pittsburgh Steelers,17.0,12.0,Los Angeles Rams,Heinz Field,68400,USA,Outdoor,Pittsburgh,Grass
2019-11-10,2019,10,Tampa Bay Buccaneers,30.0,27.0,Arizona Cardinals,Raymond James Stadium,69218,USA,Outdoor,Tampa Bay,Grass
2019-11-10,2019,10,Tennessee Titans,35.0,32.0,Kansas City Chiefs,Nissan Stadium,69143,USA,Outdoor,Nashville,Grass
2019-11-11,2019,10,San Francisco 49ers,24.0,27.0,Seattle Seahawks,Levi's Stadium,68500,USA,Outdoor,Santa Clara,Grass
2019-11-14,2019,11,Cleveland Browns,21.0,7.0,Pittsburgh Steelers,FirstEnergy Stadium,67431,USA,Outdoor,Cleveland,Grass
2019-11-17,2019,11,Baltimore Ravens,41.0,7.0,Houston Texans,M&T Bank Stadium,71008,USA,Outdoor,Baltimore,Grass
2019-11-17,2019,11,Carolina Panthers,3.0,29.0,Atlanta Falcons,Bank of America Stadium,74867,USA,Outdoor,Charlotte,Artificial
2019-11-17,2019,11,Detroit Lions,27.0,35.0,Dallas Cowboys,Ford Field,65000,USA,Dome,Detroit,Artificial
2019-11-17,2019,11,Indianapolis Colts,33.0,13.0,Jacksonville Jaguars,Lucas Oil Stadium,67000,USA,RetractableDome,Indianapolis,Artificial
2019-11-17,2019,11,Los Angeles Rams,17.0,7.0,Chicago Bears,Los Angeles Memorial Coliseum,70240,USA,Dome,Inglewood,Artificial
2019-11-17,2019,11,Miami Dolphins,20.0,37.0,Buffalo Bills,Hard Rock Stadium,64767,USA,Outdoor,Miami Gardens,Grass
2019-11-17,2019,11,Minnesota Vikings,27.0,23.0,Denver Broncos,U.S. Bank Stadium,66655,USA,Dome,Minneapolis,Artificial
2019-11-17,2019,11,Las Vegas Raiders,17.0,10.0,Cincinnati Bengals,Oakland Coliseum,65000,USA,Dome,Las Vegas,Grass
2019-11-17,2019,11,Philadelphia Eagles,10.0,17.0,New England Patriots,Lincoln Financial Field,67594,USA,Outdoor,Philadelphia,Grass
2019-11-17,2019,11,San Francisco 49ers,36.0,26.0,Arizona Cardinals,Levi's Stadium,68500,USA,Outdoor,Santa Clara,Grass
2019-11-17,2019,11,Tampa Bay Buccaneers,17.0,34.0,New Orleans Saints,Raymond James Stadium,69218,USA,Outdoor,Tampa Bay,Grass
2019-11-17,2019,11,Washington Commanders,17.0,34.0,New York Jets,FedEx Field,62000,USA,Outdoor,Landover,Grass
2019-11-18,2019,11,Los Angeles Chargers,17.0,24.0,Kansas City Chiefs,Estadio Azteca,47252,Brazil,Outdoor,Sao Paulo,Grass
2019-11-21,2019,12,Houston Texans,20.0,17.0,Indianapolis Colts,NRG Stadium,72220,USA,RetractableDome,Houston,Artificial
2019-11-24,2019,12,Atlanta Falcons,22.0,35.0,Tampa Bay Buccaneers,Mercedes-Benz Stadium,71000,USA,RetractableDome,Atlanta,Artificial
2019-11-24,2019,12,Buffalo Bills,20.0,3.0,Denver Broncos,New Era Field,71608,USA,Outdoor,Orchard Park,Artificial
2019-11-24,2019,12,Chicago Bears,19.0,14.0,New York Giants,Soldier Field,61500,USA,Outdoor,Chicago,Grass
2019-11-24,2019,12,Cincinnati Bengals,10.0,16.0,Pittsburgh Steelers,Paul Brown Stadium,65515,USA,Outdoor,Cincinnati,Artificial
2019-11-24,2019,12,Cleveland Browns,41.0,24.0,Miami Dolphins,FirstEnergy Stadium,67431,USA,Outdoor,Cleveland,Grass
2019-11-24,2019,12,New England Patriots,13.0,9.0,Dallas Cowboys,Gillette Stadium,64628,USA,Outdoor,Foxborough,Artificial
2019-11-24,2019,12,New Orleans Saints,34.0,31.0,Carolina Panthers,Mercedes-Benz Superdome,73208,USA,Dome,New Orleans,Artificial
2019-11-24,2019,12,New York Jets,34.0,3.0,Las Vegas Raiders,MetLife Stadium,82500,USA,Outdoor,East Rutherford,Artificial
2019-11-24,2019,12,Philadelphia Eagles,9.0,17.0,Seattle Seahawks,Lincoln Financial Field,67594,USA,Outdoor,Philadelphia,Grass
2019-11-24,2019,12,San Francisco 49ers,37.0,8.0,Green Bay Packers,Levi's Stadium,68500,USA,Outdoor,Santa Clara,Grass
2019-11-24,2019,12,Tennessee Titans,42.0,20.0,Jacksonville Jaguars,Nissan Stadium,69143,USA,Outdoor,Nashville,Grass
2019-11-24,2019,12,Washington Commanders,19.0,16.0,Detroit Lions,FedEx Field,62000,USA,Outdoor,Landover,Grass
2019-11-25,2019,12,Los Angeles Rams,6.0,45.0,Baltimore Ravens,Los Angeles Memorial Coliseum,70240,USA,Dome,Inglewood,Artificial
2019-11-28,2019,13,Atlanta Falcons,18.0,26.0,New Orleans Saints,Mercedes-Benz Stadium,71000,USA,RetractableDome,Atlanta,Artificial
2019-11-28,2019,13,Dallas Cowboys,15.0,26.0,Buffalo Bills,AT&T Stadium,80000,USA,RetractableDome,Arlington,Artificial
2019-11-28,2019,13,Detroit Lions,20.0,24.0,Chicago Bears,Ford Field,65000,USA,Dome,Detroit,Artificial
2019-12-01,2019,13,Arizona Cardinals,7.0,34.0,Los Angeles Rams,University of Phoenix Stadium,63400,USA,RetractableDome,Glendale,Grass
2019-12-01,2019,13,Baltimore Ravens,20.0,17.0,San Francisco 49ers,M&T Bank Stadium,71008,USA,Outdoor,Baltimore,Grass
2019-12-01,2019,13,Carolina Panthers,21.0,29.0,Washington Commanders,Bank of America Stadium,74867,USA,Outdoor,Charlotte,Artificial
2019-12-01,2019,13,Cincinnati Bengals,22.0,6.0,New York Jets,Paul Brown Stadium,65515,USA,Outdoor,Cincinnati,Artificial
2019-12-01,2019,13,Denver Broncos,23.0,20.0,Los Angeles Chargers,Sports Authority Field at Mile High,76125,USA,Outdoor,Denver,Grass
2019-12-01,2019,13,Houston Texans,28.0,22.0,New England Patriots,NRG Stadium,72220,USA,RetractableDome,Houston,Artificial
2019-12-01,2019,13,Indianapolis Colts,17.0,31.0,Tennessee Titans,Lucas Oil Stadium,67000,USA,RetractableDome,Indianapolis,Artificial
2019-12-01,2019,13,Jacksonville Jaguars,11.0,28.0,Tampa Bay Buccaneers,TIAA Bank Field,67814,USA,Outdoor,Jacksonville,Grass
2019-12-01,2019,13,Kansas City Chiefs,40.0,9.0,Las Vegas Raiders,Arrowhead Stadium,76416,USA,Outdoor,Kansas City,Grass
2019-12-01,2019,13,Miami Dolphins,37.0,31.0,Philadelphia Eagles,Hard Rock Stadium,64767,USA,Outdoor,Miami Gardens,Grass
2019-12-01,2019,13,New York Giants,13.0,31.0,Green Bay Packers,MetLife Stadium,82500,USA,Outdoor,East Rutherford,Artificial
2019-12-01,2019,13,Pittsburgh Steelers,20.0,13.0,Cleveland Browns,Heinz Field,68400,USA,Outdoor,Pittsburgh,Grass
2019-12-02,2019,13,Seattle Seahawks,37.0,30.0,Minnesota Vikings,CenturyLink Field,68740,USA,Outdoor,Seattle,Artificial
2019-12-05,2019,14,Chicago Bears,31.0,24.0,Dallas Cowboys,Soldier Field,61500,USA,Outdoor,Chicago,Grass
2019-12-08,2019,14,Arizona Cardinals,17.0,23.0,Pittsburgh Steelers,University of Phoenix Stadium,63400,USA,RetractableDome,Glendale,Grass
2019-12-08,2019,14,Atlanta Falcons,40.0,20.0,Carolina Panthers,Mercedes-Benz Stadium,71000,USA,RetractableDome,Atlanta,Artificial
2019-12-08,2019,14,Buffalo Bills,17.0,24.0,Baltimore Ravens,New Era Field,71608,USA,Outdoor,Orchard Park,Artificial
2019-12-08,2019,14,Cleveland Browns,27.0,19.0,Cincinnati Bengals,FirstEnergy Stadium,67431,USA,Outdoor,Cleveland,Grass
2019-12-08,2019,14,Green Bay Packers,20.0,15.0,Washington Commanders,Lambeau Field,81441,USA,Outdoor,Green Bay,Grass
2019-12-08,2019,14,Houston Texans,24.0,38.0,Denver Broncos,NRG Stadium,72220,USA,RetractableDome,Houston,Artificial
2019-12-08,2019,14,Jacksonville Jaguars,10.0,45.0,Los Angeles Chargers,TIAA Bank Field,67814,USA,Outdoor,Jacksonville,Grass
2019-12-08,2019,14,Los Angeles Rams,28.0,12.0,Seattle Seahawks,Los Angeles Memorial Coliseum,70240,USA,Dome,Inglewood,Artificial
2019-12-08,2019,14,Minnesota Vikings,20.0,7.0,Detroit Lions,U.S. Bank Stadium,66655,USA,Dome,Minneapolis,Artificial
2019-12-08,2019,14,New England Patriots,16.0,23.0,Kansas City Chiefs,Gillette Stadium,64628,USA,Outdoor,Foxborough,Artificial
2019-12-08,2019,14,New Orleans Saints,46.0,48.0,San Francisco 49ers,Mercedes-Benz Superdome,73208,USA,Dome,New Orleans,Artificial
2019-12-08,2019,14,New York Jets,22.0,21.0,Miami Dolphins,MetLife Stadium,82500,USA,Outdoor,East Rutherford,Artificial
2019-12-08,2019,14,Las Vegas Raiders,21.0,42.0,Tennessee Titans,Oakland Coliseum,65000,USA,Dome,Las Vegas,Grass
2019-12-08,2019,14,Tampa Bay Buccaneers,38.0,35.0,Indianapolis Colts,Raymond James Stadium,69218,USA,Outdoor,Tampa Bay,Grass
2019-12-09,2019,14,Philadelphia Eagles,23.0,17.0,New York Giants,Lincoln Financial Field,67594,USA,Outdoor,Philadelphia,Grass
2019-12-12,2019,15,Baltimore Ravens,42.0,21.0,New York Jets,M&T Bank Stadium,71008,USA,Outdoor,Baltimore,Grass
2019-12-15,2019,15,Arizona Cardinals,38.0,24.0,Cleveland Browns,University of Phoenix Stadium,63400,USA,RetractableDome,Glendale,Grass
2019-12-15,2019,15,Carolina Panthers,24.0,30.0,Seattle Seahawks,Bank of America Stadium,74867,USA,Outdoor,Charlotte,Artificial
2019-12-15,2019,15,Cincinnati Bengals,13.0,34.0,New England Patriots,Paul Brown Stadium,65515,USA,Outdoor,Cincinnati,Artificial
2019-12-15,2019,15,Dallas Cowboys,44.0,21.0,Los Angeles Rams,AT&T Stadium,80000,USA,RetractableDome,Arlington,Artificial
2019-12-15,2019,15,Detroit Lions,17.0,38.0,Tampa Bay Buccaneers,Ford Field,65000,USA,Dome,Detroit,Artificial
2019-12-15,2019,15,Green Bay Packers,21.0,13.0,Chicago Bears,Lambeau Field,81441,USA,Outdoor,Green Bay,Grass
2019-12-15,2019,15,Kansas City Chiefs,23.0,3.0,Denver Broncos,Arrowhead Stadium,76416,USA,Outdoor,Kansas City,Grass
2019-12-15,2019,15,Los Angeles Chargers,10.0,39.0,Minnesota Vikings,Dignity Health Sports Park,47252,Brazil,Outdoor,Sao Paulo,Grass
2019-12-15,2019,15,New York Giants,36.0,20.0,Miami Dolphins,MetLife Stadium,82500,USA,Outdoor,East Rutherford,Artificial
2019-12-15,2019,15,Las Vegas Raiders,16.0,20.0,Jacksonville Jaguars,Oakland Coliseum,65000,USA,Dome,Las Vegas,Grass
2019-12-15,2019,15,Pittsburgh Steelers,10.0,17.0,Buffalo Bills,Heinz Field,68400,USA,Outdoor,Pittsburgh,Grass
2019-12-15,2019,15,San Francisco 49ers,22.0,29.0,Atlanta Falcons,Levi's Stadium,68500,USA,Outdoor,Santa Clara,Grass
2019-12-15,2019,15,Tennessee Titans,21.0,24.0,Houston Texans,Nissan Stadium,69143,USA,Outdoor,Nashville,Grass
2019-12-15,2019,15,Washington Commanders,27.0,37.0,Philadelphia Eagles,FedEx Field,62000,USA,Outdoor,Landover,Grass
2019-12-16,2019,15,New Orleans Saints,34.0,7.0,Indianapolis Colts,Mercedes-Benz Superdome,73208,USA,Dome,New Orleans,Artificial
2019-12-21,2019,16,New England Patriots,24.0,17.0,Buffalo Bills,Gillette Stadium,64628,USA,Outdoor,Foxborough,Artificial
2019-12-21,2019,16,San Francisco 49ers,34.0,31.0,Los Angeles Rams,Levi's Stadium,68500,USA,Outdoor,Santa Clara,Grass
2019-12-21,2019,16,Tampa Bay Buccaneers,20.0,23.0,Houston Texans,Raymond James Stadium,69218,USA,Outdoor,Tampa Bay,Grass
2019-12-22,2019,16,Atlanta Falcons,24.0,12.0,Jacksonville Jaguars,Mercedes-Benz Stadium,71000,USA,RetractableDome,Atlanta,Artificial
2019-12-22,2019,16,Chicago Bears,3.0,26.0,Kansas City Chiefs,Soldier Field,61500,USA,Outdoor,Chicago,Grass
2019-12-22,2019,16,Cleveland Browns,15.0,31.0,Baltimore Ravens,FirstEnergy Stadium,67431,USA,Outdoor,Cleveland,Grass
2019-12-22,2019,16,Denver Broncos,27.0,17.0,Detroit Lions,Sports Authority Field at Mile High,76125,USA,Outdoor,Denver,Grass
2019-12-22,2019,16,Indianapolis Colts,38.0,6.0,Carolina Panthers,Lucas Oil Stadium,67000,USA,RetractableDome,Indianapolis,Artificial
2019-12-22,2019,16,Los Angeles Chargers,17.0,24.0,Las Vegas Raiders,Dignity Health Sports Park,47252,Brazil,Outdoor,Sao Paulo,Grass
2019-12-22,2019,16,Miami Dolphins,38.0,35.0,Cincinnati Bengals,Hard Rock Stadium,64767,USA,Outdoor,Miami Gardens,Grass
2019-12-22,2019,16,New York Jets,16.0,10.0,Pittsburgh Steelers,MetLife Stadium,82500,USA,Outdoor,East Rutherford,Artificial
2019-12-22,2019,16,Philadelphia Eagles,17.0,9.0,Dallas Cowboys,Lincoln Financial Field,67594,USA,Outdoor,Philadelphia,Grass
2019-12-22,2019,16,Seattle Seahawks,13.0,27.0,Arizona Cardinals,CenturyLink Field,68740,USA,Outdoor,Seattle,Artificial
2019-12-22,2019,16,Tennessee Titans,28.0,38.0,New Orleans Saints,Nissan Stadium,69143,USA,Outdoor,Nashville,Grass
2019-12-22,2019,16,Washington Commanders,35.0,41.0,New York Giants,FedEx Field,62000,USA,Outdoor,Landover,Grass
2019-12-23,2019,16,Minnesota Vikings,10.0,23.0,Green Bay Packers,U.S. Bank Stadium,66655,USA,Dome,Minneapolis,Artificial
2019-12-29,2019,17,Baltimore Ravens,28.0,10.0,Pittsburgh Steelers,M&T Bank Stadium,71008,USA,Outdoor,Baltimore,Grass
2019-12-29,2019,17,Buffalo Bills,6.0,13.0,New York Jets,New Era Field,71608,USA,Outdoor,Orchard Park,Artificial
2019-12-29,2019,17,Carolina Panthers,10.0,42.0,New Orleans Saints,Bank of America Stadium,74867,USA,Outdoor,Charlotte,Artificial
2019-12-29,2019,17,Cincinnati Bengals,33.0,23.0,Cleveland Browns,Paul Brown Stadium,65515,USA,Outdoor,Cincinnati,Artificial
2019-12-29,2019,17,Dallas Cowboys,47.0,16.0,Washington Commanders,AT&T Stadium,80000,USA,RetractableDome,Arlington,Artificial
2019-12-29,2019,17,Denver Broncos,16.0,15.0,Las Vegas Raiders,Sports Authority Field at Mile High,76125,USA,Outdoor,Denver,Grass
2019-12-29,2019,17,Detroit Lions,20.0,23.0,Green Bay Packers,Ford Field,65000,USA,Dome,Detroit,Artificial
2019-12-29,2019,17,Houston Texans,14.0,35.0,Tennessee Titans,NRG Stadium,72220,USA,RetractableDome,Houston,Artificial
2019-12-29,2019,17,Jacksonville Jaguars,38.0,20.0,Indianapolis Colts,TIAA Bank Field,67814,USA,Outdoor,Jacksonville,Grass
2019-12-29,2019,17,Kansas City Chiefs,31.0,21.0,Los Angeles Chargers,Arrowhead Stadium,76416,USA,Outdoor,Kansas City,Grass
2019-12-29,2019,17,Los Angeles Rams,31.0,24.0,Arizona Cardinals,Los Angeles Memorial Coliseum,70240,USA,Dome,Inglewood,Artificial
2019-12-29,2019,17,Minnesota Vikings,19.0,21.0,Chicago Bears,U.S. Bank Stadium,66655,USA,Dome,Minneapolis,Artificial
2019-12-29,2019,17,New England Patriots,24.0,27.0,Miami Dolphins,Gillette Stadium,64628,USA,Outdoor,Foxborough,Artificial
2019-12-29,2019,17,New York Giants,17.0,34.0,Philadelphia Eagles,MetLife Stadium,82500,USA,Outdoor,East Rutherford,Artificial
2019-12-29,2019,17,Seattle Seahawks,21.0,26.0,San Francisco 49ers,CenturyLink Field,68740,USA,Outdoor,Seattle,Artificial
2019-12-29,2019,17,Tampa Bay Buccaneers,22.0,28.0,Atlanta Falcons,Raymond James Stadium,69218,USA,Outdoor,Tampa Bay,Grass
2020-09-10,2020,1,Kansas City Chiefs,34.0,20.0,Houston Texans,Arrowhead Stadium,76416,USA,Outdoor,Kansas City,Grass
2020-09-13,2020,1,Atlanta Falcons,25.0,38.0,Seattle Seahawks,Mercedes-Benz Stadium,71000,USA,RetractableDome,Atlanta,Artificial
2020-09-13,2020,1,Baltimore Ravens,38.0,6.0,Cleveland Browns,M&T Bank Stadium,71008,USA,Outdoor,Baltimore,Grass
2020-09-13,2020,1,Buffalo Bills,27.0,17.0,New York Jets,New Era Field,71608,USA,Outdoor,Orchard Park,Artificial
2020-09-13,2020,1,Carolina Panthers,30.0,34.0,Las Vegas Raiders,Bank of America Stadium,74867,USA,Outdoor,Charlotte,Artificial
2020-09-13,2020,1,Cincinnati Bengals,13.0,16.0,Los Angeles Chargers,Paul Brown Stadium,65515,USA,Outdoor,Cincinnati,Artificial
2020-09-13,2020,1,Detroit Lions,23.0,27.0,Chicago Bears,Ford Field,65000,USA,Dome,Detroit,Artificial
2020-09-13,2020,1,Jacksonville Jaguars,27.0,20.0,Indianapolis Colts,TIAA Bank Field,67814,USA,Outdoor,Jacksonville,Grass
2020-09-13,2020,1,Los Angeles Rams,20.0,17.0,Dallas Cowboys,SoFi Stadium,70240,USA,Dome,Inglewood,Artificial
2020-09-13,2020,1,Minnesota Vikings,34.0,43.0,Green Bay Packers,U.S. Bank Stadium,66655,USA,Dome,Minneapolis,Artificial
2020-09-13,2020,1,New England Patriots,21.0,11.0,Miami Dolphins,Gillette Stadium,64628,USA,Outdoor,Foxborough,Artificial
2020-09-13,2020,1,New Orleans Saints,34.0,23.0,Tampa Bay Buccaneers,Mercedes-Benz Superdome,73208,USA,Dome,New Orleans,Artificial
2020-09-13,2020,1,San Francisco 49ers,20.0,24.0,Arizona Cardinals,Levi's Stadium,68500,USA,Outdoor,Santa Clara,Grass
2020-09-13,2020,1,Washington Commanders,27.0,17.0,Philadelphia Eagles,FedEx Field,62000,USA,Outdoor,Landover,Grass
2020-09-14,2020,1,Denver Broncos,14.0,16.0,Tennessee Titans,Sports Authority Field at Mile High,76125,USA,Outdoor,Denver,Grass
2020-09-14,2020,1,New York Giants,16.0,26.0,Pittsburgh Steelers,MetLife Stadium,82500,USA,Outdoor,East Rutherford,Artificial
2020-09-17,2020,2,Cleveland Browns,35.0,30.0,Cincinnati Bengals,FirstEnergy Stadium,67431,USA,Outdoor,Cleveland,Grass
2020-09-20,2020,2,Arizona Cardinals,30.0,15.0,Washington Commanders,University of Phoenix Stadium,63400,USA,RetractableDome,Glendale,Grass
2020-09-20,2020,2,Chicago Bears,17.0,13.0,New York Giants,Soldier Field,61500,USA,Outdoor,Chicago,Grass
2020-09-20,2020,2,Dallas Cowboys,40.0,39.0,Atlanta Falcons,AT&T Stadium,80000,USA,RetractableDome,Arlington,Artificial
2020-09-20,2020,2,Green Bay Packers,42.0,21.0,Detroit Lions,Lambeau Field,81441,USA,Outdoor,Green Bay,Grass
2020-09-20,2020,2,Houston Texans,16.0,33.0,Baltimore Ravens,NRG Stadium,72220,USA,RetractableDome,Houston,Artificial
2020-09-20,2020,2,Indianapolis Colts,28.0,11.0,Minnesota Vikings,Lucas Oil Stadium,67000,USA,RetractableDome,Indianapolis,Artificial
2020-09-20,2020,2,Los Angeles Chargers,20.0,23.0,Kansas City Chiefs,SoFi Stadium,47252,Brazil,Outdoor,Sao Paulo,Grass
2020-09-20,2020,2,Miami Dolphins,28.0,31.0,Buffalo Bills,Hard Rock Stadium,64767,USA,Outdoor,Miami Gardens,Grass
2020-09-20,2020,2,New York Jets,13.0,31.0,San Francisco 49ers,MetLife Stadium,82500,USA,Outdoor,East Rutherford,Artificial
2020-09-20,2020,2,Philadelphia Eagles,19.0,37.0,Los Angeles Rams,Lincoln Financial Field,67594,USA,Outdoor,Philadelphia,Grass
2020-09-20,2020,2,Pittsburgh Steelers,26.0,21.0,Denver Broncos,Heinz Field,68400,USA,Outdoor,Pittsburgh,Grass
2020-09-20,2020,2,Seattle Seahawks,35.0,30.0,New England Patriots,CenturyLink Field,68740,USA,Outdoor,Seattle,Artificial
2020-09-20,2020,2,Tampa Bay Buccaneers,31.0,17.0,Carolina Panthers,Raymond James Stadium,69218,USA,Outdoor,Tampa Bay,Grass
2020-09-20,2020,2,Tennessee Titans,33.0,30.0,Jacksonville Jaguars,Nissan Stadium,69143,USA,Outdoor,Nashville,Grass
2020-09-21,2020,2,Las Vegas Raiders,34.0,24.0,New Orleans Saints,Allegiant Stadium,65000,USA,Dome,Las Vegas,Grass
2020-09-24,2020,3,Jacksonville Jaguars,13.0,31.0,Miami Dolphins,TIAA Bank Field,67814,USA,Outdoor,Jacksonville,Grass
2020-09-27,2020,3,Arizona Cardinals,23.0,26.0,Detroit Lions,University of Phoenix Stadium,63400,USA,RetractableDome,Glendale,Grass
2020-09-27,2020,3,Atlanta Falcons,26.0,30.0,Chicago Bears,Mercedes-Benz Stadium,71000,USA,RetractableDome,Atlanta,Artificial
2020-09-27,2020,3,Buffalo Bills,35.0,32.0,Los Angeles Rams,New Era Field,71608,USA,Outdoor,Orchard Park,Artificial
2020-09-27,2020,3,Cleveland Browns,34.0,20.0,Washington Commanders,FirstEnergy Stadium,67431,USA,Outdoor,Cleveland,Grass
2020-09-27,2020,3,Denver Broncos,10.0,28.0,Tampa Bay Buccaneers,Sports Authority Field at Mile High,76125,USA,Outdoor,Denver,Grass
2020-09-27,2020,3,Indianapolis Colts,36.0,7.0,New York Jets,Lucas Oil Stadium,67000,USA,RetractableDome,Indianapolis,Artificial
2020-09-27,2020,3,Los Angeles Chargers,16.0,21.0,Carolina Panthers,SoFi Stadium,47252,Brazil,Outdoor,Sao Paulo,Grass
2020-09-27,2020,3,Minnesota Vikings,30.0,31.0,Tennessee Titans,U.S. Bank Stadium,66655,USA,Dome,Minneapolis,Artificial
2020-09-27,2020,3,New England Patriots,36.0,20.0,Las Vegas Raiders,Gillette Stadium,64628,USA,Outdoor,Foxborough,Artificial
2020-09-27,2020,3,New Orleans Saints,30.0,37.0,Green Bay Packers,Mercedes-Benz Superdome,73208,USA,Dome,New Orleans,Artificial
2020-09-27,2020,3,New York Giants,9.0,36.0,San Francisco 49ers,MetLife Stadium,82500,USA,Outdoor,East Rutherford,Artificial
2020-09-27,2020,3,Philadelphia Eagles,23.0,23.0,Cincinnati Bengals,Lincoln Financial Field,67594,USA,Outdoor,Philadelphia,Grass
2020-09-27,2020,3,Pittsburgh Steelers,28.0,21.0,Houston Texans,Heinz Field,68400,USA,Outdoor,Pittsburgh,Grass
2020-09-27,2020,3,Seattle Seahawks,38.0,31.0,Dallas Cowboys,CenturyLink Field,68740,USA,Outdoor,Seattle,Artificial
2020-09-28,2020,3,Baltimore Ravens,20.0,34.0,Kansas City Chiefs,M&T Bank Stadium,71008,USA,Outdoor,Baltimore,Grass
2020-10-01,2020,4,New York Jets,28.0,37.0,Denver Broncos,MetLife Stadium,82500,USA,Outdoor,East Rutherford,Artificial
2020-10-04,2020,4,Carolina Panthers,31.0,21.0,Arizona Cardinals,Bank of America Stadium,74867,USA,Outdoor,Charlotte,Artificial
2020-10-04,2020,4,Chicago Bears,11.0,19.0,Indianapolis Colts,Soldier Field,61500,USA,Outdoor,Chicago,Grass
2020-10-04,2020,4,Cincinnati Bengals,33.0,25.0,Jacksonville Jaguars,Paul Brown Stadium,65515,USA,Outdoor,Cincinnati,Artificial
2020-10-04,2020,4,Dallas Cowboys,38.0,49.0,Cleveland Browns,AT&T Stadium,80000,USA,RetractableDome,Arlington,Artificial
2020-10-04,2020,4,Detroit Lions,29.0,35.0,New Orleans Saints,Ford Field,65000,USA,Dome,Detroit,Artificial
2020-10-04,2020,4,Houston Texans,23.0,31.0,Minnesota Vikings,NRG Stadium,72220,USA,RetractableDome,Houston,Artificial
2020-10-04,2020,4,Las Vegas Raiders,23.0,30.0,Buffalo Bills,Allegiant Stadium,65000,USA,Dome,Las Vegas,Grass
2020-10-04,2020,4,Los Angeles Rams,17.0,9.0,New York Giants,SoFi Stadium,70240,USA,Dome,Inglewood,Artificial
2020-10-04,2020,4,Miami Dolphins,23.0,31.0,Seattle Seahawks,Hard Rock Stadium,64767,USA,Outdoor,Miami Gardens,Grass
2020-10-04,2020,4,San Francisco 49ers,20.0,25.0,Philadelphia Eagles,Levi's Stadium,68500,USA,Outdoor,Santa Clara,Grass
2020-10-04,2020,4,Tampa Bay Buccaneers,38.0,31.0,Los Angeles Chargers,Raymond James Stadium,69218,USA,Outdoor,Tampa Bay,Grass
2020-10-04,2020,4,Washington Commanders,17.0,31.0,Baltimore Ravens,FedEx Field,62000,USA,Outdoor,Landover,Grass
2020-10-05,2020,4,Green Bay Packers,30.0,16.0,Atlanta Falcons,Lambeau Field,81441,USA,Outdoor,Green Bay,Grass
2020-10-05,2020,4,Kansas City Chiefs,26.0,10.0,New England Patriots,Arrowhead Stadium,76416,USA,Outdoor,Kansas City,Grass
2020-10-08,2020,5,Chicago Bears,20.0,19.0,Tampa Bay Buccaneers,Soldier Field,61500,USA,Outdoor,Chicago,Grass
2020-10-11,2020,5,Atlanta Falcons,16.0,23.0,Carolina Panthers,Mercedes-Benz Stadium,71000,USA,RetractableDome,Atlanta,Artificial
2020-10-11,2020,5,Baltimore Ravens,27.0,3.0,Cincinnati Bengals,M&T Bank Stadium,71008,USA,Outdoor,Baltimore,Grass
2020-10-11,2020,5,Cleveland Browns,32.0,23.0,Indianapolis Colts,FirstEnergy Stadium,67431,USA,Outdoor,Cleveland,Grass
2020-10-11,2020,5,Dallas Cowboys,37.0,34.0,New York Giants,AT&T Stadium,80000,USA,RetractableDome,Arlington,Artificial
2020-10-11,2020,5,Houston Texans,30.0,14.0,Jacksonville Jaguars,NRG Stadium,72220,USA,RetractableDome,Houston,Artificial
2020-10-11,2020,5,Kansas City Chiefs,32.0,40.0,Las Vegas Raiders,Arrowhead Stadium,76416,USA,Outdoor,Kansas City,Grass
2020-10-11,2020,5,New York Jets,10.0,30.0,Arizona Cardinals,MetLife Stadium,82500,USA,Outdoor,East Rutherford,Artificial
2020-10-11,2020,5,Pittsburgh Steelers,38.0,29.0,Philadelphia Eagles,Heinz Field,68400,USA,Outdoor,Pittsburgh,Grass
2020-10-11,2020,5,San Francisco 49ers,17.0,43.0,Miami Dolphins,Levi's Stadium,68500,USA,Outdoor,Santa Clara,Grass
2020-10-11,2020,5,Seattle Seahawks,27.0,26.0,Minnesota Vikings,CenturyLink Field,68740,USA,Outdoor,Seattle,Artificial
2020-10-11,2020,5,Washington Commanders,10.0,30.0,Los Angeles Rams,FedEx Field,62000,USA,Outdoor,Landover,Grass
2020-10-12,2020,5,New Orleans Saints,30.0,27.0,Los Angeles Chargers,Mercedes-Benz Superdome,73208,USA,Dome,New Orleans,Artificial
2020-10-13,2020,5,Tennessee Titans,42.0,16.0,Buffalo Bills,Nissan Stadium,69143,USA,Outdoor,Nashville,Grass
2020-10-18,2020,6,Carolina Panthers,16.0,23.0,Chicago Bears,Bank of America Stadium,74867,USA,Outdoor,Charlotte,Artificial
2020-10-18,2020,6,Indianapolis Colts,31.0,27.0,Cincinnati Bengals,Lucas Oil Stadium,67000,USA,RetractableDome,Indianapolis,Artificial
2020-10-18,2020,6,Jacksonville Jaguars,16.0,34.0,Detroit Lions,TIAA Bank Field,67814,USA,Outdoor,Jacksonville,Grass
2020-10-18,2020,6,Miami Dolphins,24.0,0.0,New York Jets,Hard Rock Stadium,64767,USA,Outdoor,Miami Gardens,Grass
2020-10-18,2020,6,Minnesota Vikings,23.0,40.0,Atlanta Falcons,U.S. Bank Stadium,66655,USA,Dome,Minneapolis,Artificial
2020-10-18,2020,6,New England Patriots,12.0,18.0,Denver Broncos,Gillette Stadium,64628,USA,Outdoor,Foxborough,Artificial
2020-10-18,2020,6,New York Giants,20.0,19.0,Washington Commanders,MetLife Stadium,82500,USA,Outdoor,East Rutherford,Artificial
2020-10-18,2020,6,Philadelphia Eagles,28.0,30.0,Baltimore Ravens,Lincoln Financial Field,67594,USA,Outdoor,Philadelphia,Grass
2020-10-18,2020,6,Pittsburgh Steelers,38.0,7.0,Cleveland Browns,Heinz Field,68400,USA,Outdoor,Pittsburgh,Grass
2020-10-18,2020,6,San Francisco 49ers,24.0,16.0,Los Angeles Rams,Levi's Stadium,68500,USA,Outdoor,Santa Clara,Grass
2020-10-18,2020,6,Tampa Bay Buccaneers,38.0,10.0,Green Bay Packers,Raymond James Stadium,69218,USA,Outdoor,Tampa Bay,Grass
2020-10-18,2020,6,Tennessee Titans,42.0,36.0,Houston Texans,Nissan Stadium,69143,USA,Outdoor,Nashville,Grass
2020-10-19,2020,6,Buffalo Bills,17.0,26.0,Kansas City Chiefs,New Era Field,71608,USA,Outdoor,Orchard Park,Artificial
2020-10-19,2020,6,Dallas Cowboys,10.0,38.0,Arizona Cardinals,AT&T Stadium,80000,USA,RetractableDome,Arlington,Artificial
2020-10-22,2020,7,Philadelphia Eagles,22.0,21.0,New York Giants,Lincoln Financial Field,67594,USA,Outdoor,Philadelphia,Grass
2020-10-25,2020,7,Arizona Cardinals,37.0,34.0,Seattle Seahawks,University of Phoenix Stadium,63400,USA,RetractableDome,Glendale,Grass
2020-10-25,2020,7,Atlanta Falcons,22.0,23.0,Detroit Lions,Mercedes-Benz Stadium,71000,USA,RetractableDome,Atlanta,Artificial
2020-10-25,2020,7,Cincinnati Bengals,34.0,37.0,Cleveland Browns,Paul Brown Stadium,65515,USA,Outdoor,Cincinnati,Artificial
2020-10-25,2020,7,Denver Broncos,16.0,43.0,Kansas City Chiefs,Sports Authority Field at Mile High,76125,USA,Outdoor,Denver,Grass
2020-10-25,2020,7,Houston Texans,20.0,35.0,Green Bay Packers,NRG Stadium,72220,USA,RetractableDome,Houston,Artificial
2020-10-25,2020,7,Las Vegas Raiders,20.0,45.0,Tampa Bay Buccaneers,Allegiant Stadium,65000,USA,Dome,Las Vegas,Grass
2020-10-25,2020,7,Los Angeles Chargers,39.0,29.0,Jacksonville Jaguars,SoFi Stadium,47252,Brazil,Outdoor,Sao Paulo,Grass
2020-10-25,2020,7,New England Patriots,6.0,33.0,San Francisco 49ers,Gillette Stadium,64628,USA,Outdoor,Foxborough,Artificial
2020-10-25,2020,7,New Orleans Saints,27.0,24.0,Carolina Panthers,Mercedes-Benz Superdome,73208,USA,Dome,New Orleans,Artificial
2020-10-25,2020,7,New York Jets,10.0,18.0,Buffalo Bills,MetLife Stadium,82500,USA,Outdoor,East Rutherford,Artificial
2020-10-25,2020,7,Tennessee Titans,24.0,27.0,Pittsburgh Steelers,Nissan Stadium,69143,USA,Outdoor,Nashville,Grass
2020-10-25,2020,7,Washington Commanders,25.0,3.0,Dallas Cowboys,FedEx Field,62000,USA,Outdoor,Landover,Grass
2020-10-26,2020,7,Los Angeles Rams,24.0,10.0,Chicago Bears,SoFi Stadium,70240,USA,Dome,Inglewood,Artificial
2020-10-29,2020,8,Carolina Panthers,17.0,25.0,Atlanta Falcons,Bank of America Stadium,74867,USA,Outdoor,Charlotte,Artificial
2020-11-01,2020,8,Baltimore Ravens,24.0,28.0,Pittsburgh Steelers,M&T Bank Stadium,71008,USA,Outdoor,Baltimore,Grass
2020-11-01,2020,8,Buffalo Bills,24.0,21.0,New England Patriots,New Era Field,71608,USA,Outdoor,Orchard Park,Artificial
2020-11-01,2020,8,Chicago Bears,23.0,26.0,New Orleans Saints,Soldier Field,61500,USA,Outdoor,Chicago,Grass
2020-11-01,2020,8,Cincinnati Bengals,31.0,20.0,Tennessee Titans,Paul Brown Stadium,65515,USA,Outdoor,Cincinnati,Artificial
2020-11-01,2020,8,Cleveland Browns,6.0,16.0,Las Vegas Raiders,FirstEnergy Stadium,67431,USA,Outdoor,Cleveland,Grass
2020-11-01,2020,8,Denver Broncos,31.0,30.0,Los Angeles Chargers,Sports Authority Field at Mile High,76125,USA,Outdoor,Denver,Grass
2020-11-01,2020,8,Detroit Lions,21.0,41.0,Indianapolis Colts,Ford Field,65000,USA,Dome,Detroit,Artificial
2020-11-01,2020,8,Green Bay Packers,22.0,28.0,Minnesota Vikings,Lambeau Field,81441,USA,Outdoor,Green Bay,Grass
2020-11-01,2020,8,Kansas City Chiefs,35.0,9.0,New York Jets,Arrowhead Stadium,76416,USA,Outdoor,Kansas City,Grass
2020-11-01,2020,8,Miami Dolphins,28.0,17.0,Los Angeles Rams,Hard Rock Stadium,64767,USA,Outdoor,Miami Gardens,Grass
2020-11-01,2020,8,Philadelphia Eagles,23.0,9.0,Dallas Cowboys,Lincoln Financial Field,67594,USA,Outdoor,Philadelphia,Grass
2020-11-01,2020,8,Seattle Seahawks,37.0,27.0,San Francisco 49ers,CenturyLink Field,68740,USA,Outdoor,Seattle,Artificial
2020-11-02,2020,8,New York Giants,23.0,25.0,Tampa Bay Buccaneers,MetLife Stadium,82500,USA,Outdoor,East Rutherford,Artificial
2020-11-05,2020,9,San Francisco 49ers,17.0,34.0,Green Bay Packers,Levi's Stadium,68500,USA,Outdoor,Santa Clara,Grass
2020-11-08,2020,9,Arizona Cardinals,31.0,34.0,Miami Dolphins,University of Phoenix Stadium,63400,USA,RetractableDome,Glendale,Grass
2020-11-08,2020,9,Atlanta Falcons,34.0,27.0,Denver Broncos,Mercedes-Benz Stadium,71000,USA,RetractableDome,Atlanta,Artificial
2020-11-08,2020,9,Buffalo Bills,44.0,34.0,Seattle Seahawks,New Era Field,71608,USA,Outdoor,Orchard Park,Artificial
2020-11-08,2020,9,Dallas Cowboys,19.0,24.0,Pittsburgh Steelers,AT&T Stadium,80000,USA,RetractableDome,Arlington,Artificial
2020-11-08,2020,9,Indianapolis Colts,10.0,24.0,Baltimore Ravens,Lucas Oil Stadium,67000,USA,RetractableDome,Indianapolis,Artificial
2020-11-08,2020,9,Jacksonville Jaguars,25.0,27.0,Houston Texans,TIAA Bank Field,67814,USA,Outdoor,Jacksonville,Grass
2020-11-08,2020,9,Kansas City Chiefs,33.0,31.0,Carolina Panthers,Arrowhead Stadium,76416,USA,Outdoor,Kansas City,Grass
2020-11-08,2020,9,Los Angeles Chargers,26.0,31.0,Las Vegas Raiders,SoFi Stadium,47252,Brazil,Outdoor,Sao Paulo,Grass
2020-11-08,2020,9,Minnesota Vikings,34.0,20.0,Detroit Lions,U.S. Bank Stadium,66655,USA,Dome,Minneapolis,Artificial
2020-11-08,2020,9,Tampa Bay Buccaneers,3.0,38.0,New Orleans Saints,Raymond James Stadium,69218,USA,Outdoor,Tampa Bay,Grass
2020-11-08,2020,9,Tennessee Titans,24.0,17.0,Chicago Bears,Nissan Stadium,69143,USA,Outdoor,Nashville,Grass
2020-11-08,2020,9,Washington Commanders,20.0,23.0,New York Giants,FedEx Field,62000,USA,Outdoor,Landover,Grass
2020-11-09,2020,9,New York Jets,27.0,30.0,New England Patriots,MetLife Stadium,82500,USA,Outdoor,East Rutherford,Artificial
2020-11-12,2020,10,Tennessee Titans,17.0,34.0,Indianapolis Colts,Nissan Stadium,69143,USA,Outdoor,Nashville,Grass
2020-11-15,2020,10,Arizona Cardinals,32.0,30.0,Buffalo Bills,University of Phoenix Stadium,63400,USA,RetractableDome,Glendale,Grass
2020-11-15,2020,10,Carolina Panthers,23.0,46.0,Tampa Bay Buccaneers,Bank of America Stadium,74867,USA,Outdoor,Charlotte,Artificial
2020-11-15,2020,10,Cleveland Browns,10.0,7.0,Houston Texans,FirstEnergy Stadium,67431,USA,Outdoor,Cleveland,Grass
2020-11-15,2020,10,Detroit Lions,30.0,27.0,Washington Commanders,Ford Field,65000,USA,Dome,Detroit,Artificial
2020-11-15,2020,10,Green Bay Packers,24.0,20.0,Jacksonville Jaguars,Lambeau Field,81441,USA,Outdoor,Green Bay,Grass
2020-11-15,2020,10,Las Vegas Raiders,37.0,12.0,Denver Broncos,Allegiant Stadium,65000,USA,Dome,Las Vegas,Grass
2020-11-15,2020,10,Los Angeles Rams,23.0,16.0,Seattle Seahawks,SoFi Stadium,70240,USA,Dome,Inglewood,Artificial
2020-11-15,2020,10,Miami Dolphins,29.0,21.0,Los Angeles Chargers,Hard Rock Stadium,64767,USA,Outdoor,Miami Gardens,Grass
2020-11-15,2020,10,New England Patriots,23.0,17.0,Baltimore Ravens,Gillette Stadium,64628,USA,Outdoor,Foxborough,Artificial
2020-11-15,2020,10,New Orleans Saints,27.0,13.0,San Francisco 49ers,Mercedes-Benz Superdome,73208,USA,Dome,New Orleans,Artificial
2020-11-15,2020,10,New York Giants,27.0,17.0,Philadelphia Eagles,MetLife Stadium,82500,USA,Outdoor,East Rutherford,Artificial
2020-11-15,2020,10,Pittsburgh Steelers,36.0,10.0,Cincinnati Bengals,Heinz Field,68400,USA,Outdoor,Pittsburgh,Grass
2020-11-16,2020,10,Chicago Bears,13.0,19.0,Minnesota Vikings,Soldier Field,61500,USA,Outdoor,Chicago,Grass
2020-11-19,2020,11,Seattle Seahawks,28.0,21.0,Arizona Cardinals,CenturyLink Field,68740,USA,Outdoor,Seattle,Artificial
2020-11-22,2020,11,Baltimore Ravens,24.0,30.0,Tennessee Titans,M&T Bank Stadium,71008,USA,Outdoor,Baltimore,Grass
2020-11-22,2020,11,Carolina Panthers,20.0,0.0,Detroit Lions,Bank of America Stadium,74867,USA,Outdoor,Charlotte,Artificial
2020-11-22,2020,11,Cleveland Browns,22.0,17.0,Philadelphia Eagles,FirstEnergy Stadium,67431,USA,Outdoor,Cleveland,Grass
2020-11-22,2020,11,Denver Broncos,20.0,13.0,Miami Dolphins,Sports Authority Field at Mile High,76125,USA,Outdoor,Denver,Grass
2020-11-22,2020,11,Houston Texans,27.0,20.0,New England Patriots,NRG Stadium,72220,USA,RetractableDome,Houston,Artificial
2020-11-22,2020,11,Indianapolis Colts,34.0,31.0,Green Bay Packers,Lucas Oil Stadium,67000,USA,RetractableDome,Indianapolis,Artificial
2020-11-22,2020,11,Jacksonville Jaguars,3.0,27.0,Pittsburgh Steelers,TIAA Bank Field,67814,USA,Outdoor,Jacksonville,Grass
2020-11-22,2020,11,Las Vegas Raiders,31.0,35.0,Kansas City Chiefs,Allegiant Stadium,65000,USA,Dome,Las Vegas,Grass
2020-11-22,2020,11,Los Angeles Chargers,34.0,28.0,New York Jets,SoFi Stadium,47252,Brazil,Outdoor,Sao Paulo,Grass
2020-11-22,2020,11,Minnesota Vikings,28.0,31.0,Dallas Cowboys,U.S. Bank Stadium,66655,USA,Dome,Minneapolis,Artificial
2020-11-22,2020,11,New Orleans Saints,24.0,9.0,Atlanta Falcons,Mercedes-Benz Superdome,73208,USA,Dome,New Orleans,Artificial
2020-11-22,2020,11,Washington Commanders,20.0,9.0,Cincinnati Bengals,FedEx Field,62000,USA,Outdoor,Landover,Grass
2020-11-23,2020,11,Tampa Bay Buccaneers,24.0,27.0,Los Angeles Rams,Raymond James Stadium,69218,USA,Outdoor,Tampa Bay,Grass
2020-11-26,2020,12,Dallas Cowboys,16.0,41.0,Washington Commanders,AT&T Stadium,80000,USA,RetractableDome,Arlington,Artificial
2020-11-26,2020,12,Detroit Lions,25.0,41.0,Houston Texans,Ford Field,65000,USA,Dome,Detroit,Artificial
2020-11-29,2020,12,Atlanta Falcons,43.0,6.0,Las Vegas Raiders,Mercedes-Benz Stadium,71000,USA,RetractableDome,Atlanta,Artificial
2020-11-29,2020,12,Buffalo Bills,27.0,17.0,Los Angeles Chargers,New Era Field,71608,USA,Outdoor,Orchard Park,Artificial
2020-11-29,2020,12,Cincinnati Bengals,17.0,19.0,New York Giants,Paul Brown Stadium,65515,USA,Outdoor,Cincinnati,Artificial
2020-11-29,2020,12,Denver Broncos,3.0,31.0,New Orleans Saints,Sports Authority Field at Mile High,76125,USA,Outdoor,Denver,Grass
2020-11-29,2020,12,Green Bay Packers,41.0,25.0,Chicago Bears,Lambeau Field,81441,USA,Outdoor,Green Bay,Grass
2020-11-29,2020,12,Indianapolis Colts,26.0,45.0,Tennessee Titans,Lucas Oil Stadium,67000,USA,RetractableDome,Indianapolis,Artificial
2020-11-29,2020,12,Jacksonville Jaguars,25.0,27.0,Cleveland Browns,TIAA Bank Field,67814,USA,Outdoor,Jacksonville,Grass
2020-11-29,2020,12,Los Angeles Rams,20.0,23.0,San Francisco 49ers,SoFi Stadium,70240,USA,Dome,Inglewood,Artificial
2020-11-29,2020,12,Minnesota Vikings,28.0,27.0,Carolina Panthers,U.S. Bank Stadium,66655,USA,Dome,Minneapolis,Artificial
2020-11-29,2020,12,New England Patriots,20.0,17.0,Arizona Cardinals,Gillette Stadium,64628,USA,Outdoor,Foxborough,Artificial
2020-11-29,2020,12,New York Jets,3.0,20.0,Miami Dolphins,MetLife Stadium,82500,USA,Outdoor,East Rutherford,Artificial
2020-11-29,2020,12,Tampa Bay Buccaneers,24.0,27.0,Kansas City Chiefs,Raymond James Stadium,69218,USA,Outdoor,Tampa Bay,Grass
2020-11-30,2020,12,Philadelphia Eagles,17.0,23.0,Seattle Seahawks,Lincoln Financial Field,67594,USA,Outdoor,Philadelphia,Grass
2020-12-02,2020,12,Pittsburgh Steelers,19.0,14.0,Baltimore Ravens,Heinz Field,68400,USA,Outdoor,Pittsburgh,Grass
2020-12-06,2020,13,Arizona Cardinals,28.0,38.0,Los Angeles Rams,University of Phoenix Stadium,63400,USA,RetractableDome,Glendale,Grass
2020-12-06,2020,13,Atlanta Falcons,16.0,21.0,New Orleans Saints,Mercedes-Benz Stadium,71000,USA,RetractableDome,Atlanta,Artificial
2020-12-06,2020,13,Chicago Bears,30.0,34.0,Detroit Lions,Soldier Field,61500,USA,Outdoor,Chicago,Grass
2020-12-06,2020,13,Green Bay Packers,30.0,16.0,Philadelphia Eagles,Lambeau Field,81441,USA,Outdoor,Green Bay,Grass
2020-12-06,2020,13,Houston Texans,20.0,26.0,Indianapolis Colts,NRG Stadium,72220,USA,RetractableDome,Houston,Artificial
2020-12-06,2020,13,Kansas City Chiefs,22.0,16.0,Denver Broncos,Arrowhead Stadium,76416,USA,Outdoor,Kansas City,Grass
2020-12-06,2020,13,Los Angeles Chargers,0.0,45.0,New England Patriots,SoFi Stadium,47252,Brazil,Outdoor,Sao Paulo,Grass
2020-12-06,2020,13,Miami Dolphins,19.0,7.0,Cincinnati Bengals,Hard Rock Stadium,64767,USA,Outdoor,Miami Gardens,Grass
2020-12-06,2020,13,Minnesota Vikings,27.0,24.0,Jacksonville Jaguars,U.S. Bank Stadium,66655,USA,Dome,Minneapolis,Artificial
2020-12-06,2020,13,New York Jets,28.0,31.0,Las Vegas Raiders,MetLife Stadium,82500,USA,Outdoor,East Rutherford,Artificial
2020-12-06,2020,13,Seattle Seahawks,12.0,17.0,New York Giants,CenturyLink Field,68740,USA,Outdoor,Seattle,Artificial
2020-12-06,2020,13,Tennessee Titans,35.0,41.0,Cleveland Browns,Nissan Stadium,69143,USA,Outdoor,Nashville,Grass
2020-12-07,2020,13,Pittsburgh Steelers,17.0,23.0,Washington Commanders,Heinz Field,68400,USA,Outdoor,Pittsburgh,Grass
2020-12-07,2020,13,San Francisco 49ers,24.0,34.0,Buffalo Bills,State Farm Stadium,68500,USA,Outdoor,Santa Clara,Grass
2020-12-08,2020,13,Baltimore Ravens,34.0,17.0,Dallas Cowboys,M&T Bank Stadium,71008,USA,Outdoor,Baltimore,Grass
2020-12-10,2020,14,Los Angeles Rams,24.0,3.0,New England Patriots,SoFi Stadium,70240,USA,Dome,Inglewood,Artificial
2020-12-13,2020,14,Buffalo Bills,26.0,15.0,Pittsburgh Steelers,New Era Field,71608,USA,Outdoor,Orchard Park,Artificial
2020-12-13,2020,14,Carolina Panthers,27.0,32.0,Denver Broncos,Bank of America Stadium,74867,USA,Outdoor,Charlotte,Artificial
2020-12-13,2020,14,Chicago Bears,36.0,7.0,Houston Texans,Soldier Field,61500,USA,Outdoor,Chicago,Grass
2020-12-13,2020,14,Cincinnati Bengals,7.0,30.0,Dallas Cowboys,Paul Brown Stadium,65515,USA,Outdoor,Cincinnati,Artificial
2020-12-13,2020,14,Detroit Lions,24.0,31.0,Green Bay Packers,Ford Field,65000,USA,Dome,Detroit,Artificial
2020-12-13,2020,14,Jacksonville Jaguars,10.0,31.0,Tennessee Titans,TIAA Bank Field,67814,USA,Outdoor,Jacksonville,Grass
2020-12-13,2020,14,Las Vegas Raiders,27.0,44.0,Indianapolis Colts,Allegiant Stadium,65000,USA,Dome,Las Vegas,Grass
2020-12-13,2020,14,Los Angeles Chargers,20.0,17.0,Atlanta Falcons,SoFi Stadium,47252,Brazil,Outdoor,Sao Paulo,Grass
2020-12-13,2020,14,Miami Dolphins,27.0,33.0,Kansas City Chiefs,Hard Rock Stadium,64767,USA,Outdoor,Miami Gardens,Grass
2020-12-13,2020,14,New York Giants,7.0,26.0,Arizona Cardinals,MetLife Stadium,82500,USA,Outdoor,East Rutherford,Artificial
2020-12-13,2020,14,Philadelphia Eagles,24.0,21.0,New Orleans Saints,Lincoln Financial Field,67594,USA,Outdoor,Philadelphia,Grass
2020-12-13,2020,14,San Francisco 49ers,15.0,23.0,Washington Commanders,Levi's Stadium,68500,USA,Outdoor,Santa Clara,Grass
2020-12-13,2020,14,Seattle Seahawks,40.0,3.0,New York Jets,CenturyLink Field,68740,USA,Outdoor,Seattle,Artificial
2020-12-13,2020,14,Tampa Bay Buccaneers,26.0,14.0,Minnesota Vikings,Raymond James Stadium,69218,USA,Outdoor,Tampa Bay,Grass
2020-12-14,2020,14,Cleveland Browns,42.0,47.0,Baltimore Ravens,FirstEnergy Stadium,67431,USA,Outdoor,Cleveland,Grass
2020-12-17,2020,15,Las Vegas Raiders,27.0,30.0,Los Angeles Chargers,Allegiant Stadium,65000,USA,Dome,Las Vegas,Grass
2020-12-19,2020,15,Denver Broncos,19.0,48.0,Buffalo Bills,Sports Authority Field at Mile High,76125,USA,Outdoor,Denver,Grass
2020-12-19,2020,15,Green Bay Packers,24.0,16.0,Carolina Panthers,Lambeau Field,81441,USA,Outdoor,Green Bay,Grass
2020-12-20,2020,15,Arizona Cardinals,33.0,26.0,Philadelphia Eagles,University of Phoenix Stadium,63400,USA,RetractableDome,Glendale,Grass
2020-12-20,2020,15,Atlanta Falcons,27.0,31.0,Tampa Bay Buccaneers,Mercedes-Benz Stadium,71000,USA,RetractableDome,Atlanta,Artificial
2020-12-20,2020,15,Baltimore Ravens,40.0,14.0,Jacksonville Jaguars,M&T Bank Stadium,71008,USA,Outdoor,Baltimore,Grass
2020-12-20,2020,15,Dallas Cowboys,41.0,33.0,San Francisco 49ers,AT&T Stadium,80000,USA,RetractableDome,Arlington,Artificial
2020-12-20,2020,15,Indianapolis Colts,27.0,20.0,Houston Texans,Lucas Oil Stadium,67000,USA,RetractableDome,Indianapolis,Artificial
2020-12-20,2020,15,Los Angeles Rams,20.0,23.0,New York Jets,SoFi Stadium,70240,USA,Dome,Inglewood,Artificial
2020-12-20,2020,15,Miami Dolphins,22.0,12.0,New England Patriots,Hard Rock Stadium,64767,USA,Outdoor,Miami Gardens,Grass
2020-12-20,2020,15,Minnesota Vikings,27.0,33.0,Chicago Bears,U.S. Bank Stadium,66655,USA,Dome,Minneapolis,Artificial
2020-12-20,2020,15,New Orleans Saints,29.0,32.0,Kansas City Chiefs,Mercedes-Benz Superdome,73208,USA,Dome,New Orleans,Artificial
2020-12-20,2020,15,New York Giants,6.0,20.0,Cleveland Browns,MetLife Stadium,82500,USA,Outdoor,East Rutherford,Artificial
2020-12-20,2020,15,Tennessee Titans,46.0,25.0,Detroit Lions,Nissan Stadium,69143,USA,Outdoor,Nashville,Grass
2020-12-20,2020,15,Washington Commanders,15.0,20.0,Seattle Seahawks,FedEx Field,62000,USA,Outdoor,Landover,Grass
2020-12-21,2020,15,Cincinnati Bengals,27.0,17.0,Pittsburgh Steelers,Paul Brown Stadium,65515,USA,Outdoor,Cincinnati,Artificial
2020-12-25,2020,16,New Orleans Saints,52.0,33.0,Minnesota Vikings,Mercedes-Benz Superdome,73208,USA,Dome,New Orleans,Artificial
2020-12-26,2020,16,Arizona Cardinals,12.0,20.0,San Francisco 49ers,University of Phoenix Stadium,63400,USA,RetractableDome,Glendale,Grass
2020-12-26,2020,16,Detroit Lions,7.0,47.0,Tampa Bay Buccaneers,Ford Field,65000,USA,Dome,Detroit,Artificial
2020-12-26,2020,16,Las Vegas Raiders,25.0,26.0,Miami Dolphins,Allegiant Stadium,65000,USA,Dome,Las Vegas,Grass
2020-12-27,2020,16,Baltimore Ravens,27.0,13.0,New York Giants,M&T Bank Stadium,71008,USA,Outdoor,Baltimore,Grass
2020-12-27,2020,16,Dallas Cowboys,37.0,17.0,Philadelphia Eagles,AT&T Stadium,80000,USA,RetractableDome,Arlington,Artificial
2020-12-27,2020,16,Green Bay Packers,40.0,14.0,Tennessee Titans,Lambeau Field,81441,USA,Outdoor,Green Bay,Grass
2020-12-27,2020,16,Houston Texans,31.0,37.0,Cincinnati Bengals,NRG Stadium,72220,USA,RetractableDome,Houston,Artificial
2020-12-27,2020,16,Jacksonville Jaguars,17.0,41.0,Chicago Bears,TIAA Bank Field,67814,USA,Outdoor,Jacksonville,Grass
2020-12-27,2020,16,Kansas City Chiefs,17.0,14.0,Atlanta Falcons,Arrowhead Stadium,76416,USA,Outdoor,Kansas City,Grass
2020-12-27,2020,16,Los Angeles Chargers,19.0,16.0,Denver Broncos,SoFi Stadium,47252,Brazil,Outdoor,Sao Paulo,Grass
2020-12-27,2020,16,New York Jets,23.0,16.0,Cleveland Browns,MetLife Stadium,82500,USA,Outdoor,East Rutherford,Artificial
2020-12-27,2020,16,Pittsburgh Steelers,28.0,24.0,Indianapolis Colts,Heinz Field,68400,USA,Outdoor,Pittsburgh,Grass
2020-12-27,2020,16,Seattle Seahawks,20.0,9.0,Los Angeles Rams,CenturyLink Field,68740,USA,Outdoor,Seattle,Artificial
2020-12-27,2020,16,Washington Commanders,13.0,20.0,Carolina Panthers,FedEx Field,62000,USA,Outdoor,Landover,Grass
2020-12-28,2020,16,New England Patriots,9.0,38.0,Buffalo Bills,Gillette Stadium,64628,USA,Outdoor,Foxborough,Artificial
2021-01-03,2020,17,Buffalo Bills,56.0,26.0,Miami Dolphins,New Era Field,71608,USA,Outdoor,Orchard Park,Artificial
2021-01-03,2020,17,Carolina Panthers,7.0,33.0,New Orleans Saints,Bank of America Stadium,74867,USA,Outdoor,Charlotte,Artificial
2021-01-03,2020,17,Chicago Bears,16.0,35.0,Green Bay Packers,Soldier Field,61500,USA,Outdoor,Chicago,Grass
2021-01-03,2020,17,Cincinnati Bengals,3.0,38.0,Baltimore Ravens,Paul Brown Stadium,65515,USA,Outdoor,Cincinnati,Artificial
2021-01-03,2020,17,Cleveland Browns,24.0,22.0,Pittsburgh Steelers,FirstEnergy Stadium,67431,USA,Outdoor,Cleveland,Grass
2021-01-03,2020,17,Denver Broncos,31.0,32.0,Las Vegas Raiders,Sports Authority Field at Mile High,76125,USA,Outdoor,Denver,Grass
2021-01-03,2020,17,Detroit Lions,35.0,37.0,Minnesota Vikings,Ford Field,65000,USA,Dome,Detroit,Artificial
2021-01-03,2020,17,Houston Texans,38.0,41.0,Tennessee Titans,NRG Stadium,72220,USA,RetractableDome,Houston,Artificial
2021-01-03,2020,17,Indianapolis Colts,28.0,14.0,Jacksonville Jaguars,Lucas Oil Stadium,67000,USA,RetractableDome,Indianapolis,Artificial
2021-01-03,2020,17,Kansas City Chiefs,21.0,38.0,Los Angeles Chargers,Arrowhead Stadium,76416,USA,Outdoor,Kansas City,Grass
2021-01-03,2020,17,Los Angeles Rams,18.0,7.0,Arizona Cardinals,SoFi Stadium,70240,USA,Dome,Inglewood,Artificial
2021-01-03,2020,17,New England Patriots,28.0,14.0,New York Jets,Gillette Stadium,64628,USA,Outdoor,Foxborough,Artificial
2021-01-03,2020,17,New York Giants,23.0,19.0,Dallas Cowboys,MetLife Stadium,82500,USA,Outdoor,East Rutherford,Artificial
2021-01-03,2020,17,Philadelphia Eagles,14.0,20.0,Washington Commanders,Lincoln Financial Field,67594,USA,Outdoor,Philadelphia,Grass
2021-01-03,2020,17,San Francisco 49ers,23.0,26.0,Seattle Seahawks,Levi's Stadium,68500,USA,Outdoor,Santa Clara,Grass
2021-01-03,2020,17,Tampa Bay Buccaneers,44.0,27.0,Atlanta Falcons,Raymond James Stadium,69218,USA,Outdoor,Tampa Bay,Grass
2021-09-09,2021,1,Tampa Bay Buccaneers,31.0,29.0,Dallas Cowboys,Raymond James Stadium,69218,USA,Outdoor,Tampa Bay,Grass
2021-09-12,2021,1,Atlanta Falcons,6.0,32.0,Philadelphia Eagles,Mercedes-Benz Stadium,71000,USA,RetractableDome,Atlanta,Artificial
2021-09-12,2021,1,Buffalo Bills,16.0,23.0,Pittsburgh Steelers,Highmark Stadium,71608,USA,Outdoor,Orchard Park,Artificial
2021-09-12,2021,1,Carolina Panthers,19.0,14.0,New York Jets,Bank of America Stadium,74867,USA,Outdoor,Charlotte,Artificial
2021-09-12,2021,1,Cincinnati Bengals,27.0,24.0,Minnesota Vikings,Paul Brown Stadium,65515,USA,Outdoor,Cincinnati,Artificial
2021-09-12,2021,1,Detroit Lions,33.0,41.0,San Francisco 49ers,Ford Field,65000,USA,Dome,Detroit,Artificial
2021-09-12,2021,1,Houston Texans,37.0,21.0,Jacksonville Jaguars,NRG Stadium,72220,USA,RetractableDome,Houston,Artificial
2021-09-12,2021,1,Indianapolis Colts,16.0,28.0,Seattle Seahawks,Lucas Oil Stadium,67000,USA,RetractableDome,Indianapolis,Artificial
2021-09-12,2021,1,Kansas City Chiefs,33.0,29.0,Cleveland Browns,Arrowhead Stadium,76416,USA,Outdoor,Kansas City,Grass
2021-09-12,2021,1,Los Angeles Rams,34.0,14.0,Chicago Bears,SoFi Stadium,70240,USA,Dome,Inglewood,Artificial
2021-09-12,2021,1,New England Patriots,16.0,17.0,Miami Dolphins,Gillette Stadium,64628,USA,Outdoor,Foxborough,Artificial
2021-09-12,2021,1,New Orleans Saints,38.0,3.0,Green Bay Packers,TIAA Bank Field,73208,USA,Dome,New Orleans,Artificial
2021-09-12,2021,1,New York Giants,13.0,27.0,Denver Broncos,MetLife Stadium,82500,USA,Outdoor,East Rutherford,Artificial
2021-09-12,2021,1,Tennessee Titans,13.0,38.0,Arizona Cardinals,Nissan Stadium,69143,USA,Outdoor,Nashville,Grass
2021-09-12,2021,1,Washington Commanders,16.0,20.0,Los Angeles Chargers,FedEx Field,62000,USA,Outdoor,Landover,Grass
2021-09-13,2021,1,Las Vegas Raiders,33.0,27.0,Baltimore Ravens,Allegiant Stadium,65000,USA,Dome,Las Vegas,Grass
2021-09-16,2021,2,Washington Commanders,30.0,29.0,New York Giants,FedEx Field,62000,USA,Outdoor,Landover,Grass
2021-09-19,2021,2,Arizona Cardinals,34.0,33.0,Minnesota Vikings,University of Phoenix Stadium,63400,USA,RetractableDome,Glendale,Grass
2021-09-19,2021,2,Baltimore Ravens,36.0,35.0,Kansas City Chiefs,M&T Bank Stadium,71008,USA,Outdoor,Baltimore,Grass
2021-09-19,2021,2,Carolina Panthers,26.0,7.0,New Orleans Saints,Bank of America Stadium,74867,USA,Outdoor,Charlotte,Artificial
2021-09-19,2021,2,Chicago Bears,20.0,17.0,Cincinnati Bengals,Soldier Field,61500,USA,Outdoor,Chicago,Grass
2021-09-19,2021,2,Cleveland Browns,31.0,21.0,Houston Texans,FirstEnergy Stadium,67431,USA,Outdoor,Cleveland,Grass
2021-09-19,2021,2,Indianapolis Colts,24.0,27.0,Los Angeles Rams,Lucas Oil Stadium,67000,USA,RetractableDome,Indianapolis,Artificial
2021-09-19,2021,2,Jacksonville Jaguars,13.0,23.0,Denver Broncos,TIAA Bank Field,67814,USA,Outdoor,Jacksonville,Grass
2021-09-19,2021,2,Los Angeles Chargers,17.0,20.0,Dallas Cowboys,SoFi Stadium,47252,Brazil,Outdoor,Sao Paulo,Grass
2021-09-19,2021,2,Miami Dolphins,0.0,35.0,Buffalo Bills,Hard Rock Stadium,64767,USA,Outdoor,Miami Gardens,Grass
2021-09-19,2021,2,New York Jets,6.0,25.0,New England Patriots,MetLife Stadium,82500,USA,Outdoor,East Rutherford,Artificial
2021-09-19,2021,2,Philadelphia Eagles,11.0,17.0,San Francisco 49ers,Lincoln Financial Field,67594,USA,Outdoor,Philadelphia,Grass
2021-09-19,2021,2,Pittsburgh Steelers,17.0,26.0,Las Vegas Raiders,Heinz Field,68400,USA,Outdoor,Pittsburgh,Grass
2021-09-19,2021,2,Seattle Seahawks,30.0,33.0,Tennessee Titans,Lumen Field,68740,USA,Outdoor,Seattle,Artificial
2021-09-19,2021,2,Tampa Bay Buccaneers,48.0,25.0,Atlanta Falcons,Raymond James Stadium,69218,USA,Outdoor,Tampa Bay,Grass
2021-09-20,2021,2,Green Bay Packers,35.0,17.0,Detroit Lions,Lambeau Field,81441,USA,Outdoor,Green Bay,Grass
2021-09-23,2021,3,Houston Texans,9.0,24.0,Carolina Panthers,NRG Stadium,72220,USA,RetractableDome,Houston,Artificial
2021-09-26,2021,3,Buffalo Bills,43.0,21.0,Washington Commanders,Highmark Stadium,71608,USA,Outdoor,Orchard Park,Artificial
2021-09-26,2021,3,Cleveland Browns,26.0,6.0,Chicago Bears,FirstEnergy Stadium,67431,USA,Outdoor,Cleveland,Grass
2021-09-26,2021,3,Denver Broncos,26.0,0.0,New York Jets,Empower Field at Mile High,76125,USA,Outdoor,Denver,Grass
2021-09-26,2021,3,Detroit Lions,17.0,19.0,Baltimore Ravens,Ford Field,65000,USA,Dome,Detroit,Artificial
2021-09-26,2021,3,Jacksonville Jaguars,19.0,31.0,Arizona Cardinals,TIAA Bank Field,67814,USA,Outdoor,Jacksonville,Grass
2021-09-26,2021,3,Kansas City Chiefs,24.0,30.0,Los Angeles Chargers,Arrowhead Stadium,76416,USA,Outdoor,Kansas City,Grass
2021-09-26,2021,3,Las Vegas Raiders,31.0,28.0,Miami Dolphins,Allegiant Stadium,65000,USA,Dome,Las Vegas,Grass
2021-09-26,2021,3,Los Angeles Rams,34.0,24.0,Tampa Bay Buccaneers,SoFi Stadium,70240,USA,Dome,Inglewood,Artificial
2021-09-26,2021,3,Minnesota Vikings,30.0,17.0,Seattle Seahawks,U.S. Bank Stadium,66655,USA,Dome,Minneapolis,Artificial
2021-09-26,2021,3,New England Patriots,13.0,28.0,New Orleans Saints,Gillette Stadium,64628,USA,Outdoor,Foxborough,Artificial
2021-09-26,2021,3,New York Giants,14.0,17.0,Atlanta Falcons,MetLife Stadium,82500,USA,Outdoor,East Rutherford,Artificial
2021-09-26,2021,3,Pittsburgh Steelers,10.0,24.0,Cincinnati Bengals,Heinz Field,68400,USA,Outdoor,Pittsburgh,Grass
2021-09-26,2021,3,San Francisco 49ers,28.0,30.0,Green Bay Packers,Levi's Stadium,68500,USA,Outdoor,Santa Clara,Grass
2021-09-26,2021,3,Tennessee Titans,25.0,16.0,Indianapolis Colts,Nissan Stadium,69143,USA,Outdoor,Nashville,Grass
2021-09-27,2021,3,Dallas Cowboys,41.0,21.0,Philadelphia Eagles,AT&T Stadium,80000,USA,RetractableDome,Arlington,Artificial
2021-09-30,2021,4,Cincinnati Bengals,24.0,21.0,Jacksonville Jaguars,Paul Brown Stadium,65515,USA,Outdoor,Cincinnati,Artificial
2021-10-03,2021,4,Atlanta Falcons,30.0,34.0,Washington Commanders,Mercedes-Benz Stadium,71000,USA,RetractableDome,Atlanta,Artificial
2021-10-03,2021,4,Buffalo Bills,40.0,0.0,Houston Texans,Highmark Stadium,71608,USA,Outdoor,Orchard Park,Artificial
2021-10-03,2021,4,Chicago Bears,24.0,14.0,Detroit Lions,Soldier Field,61500,USA,Outdoor,Chicago,Grass
2021-10-03,2021,4,Dallas Cowboys,36.0,28.0,Carolina Panthers,AT&T Stadium,80000,USA,RetractableDome,Arlington,Artificial
2021-10-03,2021,4,Denver Broncos,7.0,23.0,Baltimore Ravens,Empower Field at Mile High,76125,USA,Outdoor,Denver,Grass
2021-10-03,2021,4,Green Bay Packers,27.0,17.0,Pittsburgh Steelers,Lambeau Field,81441,USA,Outdoor,Green Bay,Grass
2021-10-03,2021,4,Los Angeles Rams,20.0,37.0,Arizona Cardinals,SoFi Stadium,70240,USA,Dome,Inglewood,Artificial
2021-10-03,2021,4,Miami Dolphins,17.0,27.0,Indianapolis Colts,Hard Rock Stadium,64767,USA,Outdoor,Miami Gardens,Grass
2021-10-03,2021,4,Minnesota Vikings,7.0,14.0,Cleveland Browns,U.S. Bank Stadium,66655,USA,Dome,Minneapolis,Artificial
2021-10-03,2021,4,New England Patriots,17.0,19.0,Tampa Bay Buccaneers,Gillette Stadium,64628,USA,Outdoor,Foxborough,Artificial
2021-10-03,2021,4,New Orleans Saints,21.0,27.0,New York Giants,Caesars Superdome,73208,USA,Dome,New Orleans,Artificial
2021-10-03,2021,4,New York Jets,27.0,24.0,Tennessee Titans,MetLife Stadium,82500,USA,Outdoor,East Rutherford,Artificial
2021-10-03,2021,4,Philadelphia Eagles,30.0,42.0,Kansas City Chiefs,Lincoln Financial Field,67594,USA,Outdoor,Philadelphia,Grass
2021-10-03,2021,4,San Francisco 49ers,21.0,28.0,Seattle Seahawks,Levi's Stadium,68500,USA,Outdoor,Santa Clara,Grass
2021-10-04,2021,4,Los Angeles Chargers,28.0,14.0,Las Vegas Raiders,SoFi Stadium,47252,Brazil,Outdoor,Sao Paulo,Grass
2021-10-07,2021,5,Seattle Seahawks,17.0,26.0,Los Angeles Rams,Lumen Field,68740,USA,Outdoor,Seattle,Artificial
2021-10-10,2021,5,Arizona Cardinals,17.0,10.0,San Francisco 49ers,State Farm Stadium,63400,USA,RetractableDome,Glendale,Grass
2021-10-10,2021,5,Atlanta Falcons,27.0,20.0,New York Jets,Tottenham Hotspur Stadium,71000,USA,RetractableDome,Atlanta,Artificial
2021-10-10,2021,5,Carolina Panthers,18.0,21.0,Philadelphia Eagles,Bank of America Stadium,74867,USA,Outdoor,Charlotte,Artificial
2021-10-10,2021,5,Cincinnati Bengals,22.0,25.0,Green Bay Packers,Paul Brown Stadium,65515,USA,Outdoor,Cincinnati,Artificial
2021-10-10,2021,5,Dallas Cowboys,44.0,20.0,New York Giants,AT&T Stadium,80000,USA,RetractableDome,Arlington,Artificial
2021-10-10,2021,5,Houston Texans,22.0,25.0,New England Patriots,NRG Stadium,72220,USA,RetractableDome,Houston,Artificial
2021-10-10,2021,5,Jacksonville Jaguars,19.0,37.0,Tennessee Titans,TIAA Bank Field,67814,USA,Outdoor,Jacksonville,Grass
2021-10-10,2021,5,Kansas City Chiefs,20.0,38.0,Buffalo Bills,Arrowhead Stadium,76416,USA,Outdoor,Kansas City,Grass
2021-10-10,2021,5,Las Vegas Raiders,9.0,20.0,Chicago Bears,Allegiant Stadium,65000,USA,Dome,Las Vegas,Grass
2021-10-10,2021,5,Los Angeles Chargers,47.0,42.0,Cleveland Browns,SoFi Stadium,47252,Brazil,Outdoor,Sao Paulo,Grass
2021-10-10,2021,5,Minnesota Vikings,19.0,17.0,Detroit Lions,U.S. Bank Stadium,66655,USA,Dome,Minneapolis,Artificial
2021-10-10,2021,5,Pittsburgh Steelers,27.0,19.0,Denver Broncos,Heinz Field,68400,USA,Outdoor,Pittsburgh,Grass
2021-10-10,2021,5,Tampa Bay Buccaneers,45.0,17.0,Miami Dolphins,Raymond James Stadium,69218,USA,Outdoor,Tampa Bay,Grass
2021-10-10,2021,5,Washington Commanders,22.0,33.0,New Orleans Saints,FedEx Field,62000,USA,Outdoor,Landover,Grass
2021-10-11,2021,5,Baltimore Ravens,31.0,25.0,Indianapolis Colts,M&T Bank Stadium,71008,USA,Outdoor,Baltimore,Grass
2021-10-14,2021,6,Philadelphia Eagles,22.0,28.0,Tampa Bay Buccaneers,Lincoln Financial Field,67594,USA,Outdoor,Philadelphia,Grass
2021-10-17,2021,6,Baltimore Ravens,34.0,6.0,Los Angeles Chargers,M&T Bank Stadium,71008,USA,Outdoor,Baltimore,Grass
2021-10-17,2021,6,Carolina Panthers,28.0,34.0,Minnesota Vikings,Bank of America Stadium,74867,USA,Outdoor,Charlotte,Artificial
2021-10-17,2021,6,Chicago Bears,14.0,24.0,Green Bay Packers,Soldier Field,61500,USA,Outdoor,Chicago,Grass
2021-10-17,2021,6,Cleveland Browns,14.0,37.0,Arizona Cardinals,FirstEnergy Stadium,67431,USA,Outdoor,Cleveland,Grass
2021-10-17,2021,6,Denver Broncos,24.0,34.0,Las Vegas Raiders,Empower Field at Mile High,76125,USA,Outdoor,Denver,Grass
2021-10-17,2021,6,Detroit Lions,11.0,34.0,Cincinnati Bengals,Ford Field,65000,USA,Dome,Detroit,Artificial
2021-10-17,2021,6,Indianapolis Colts,31.0,3.0,Houston Texans,Lucas Oil Stadium,67000,USA,RetractableDome,Indianapolis,Artificial
2021-10-17,2021,6,Jacksonville Jaguars,23.0,20.0,Miami Dolphins,Tottenham Hotspur Stadium,67814,USA,Outdoor,Jacksonville,Grass
2021-10-17,2021,6,New England Patriots,29.0,35.0,Dallas Cowboys,Gillette Stadium,64628,USA,Outdoor,Foxborough,Artificial
2021-10-17,2021,6,New York Giants,11.0,38.0,Los Angeles Rams,MetLife Stadium,82500,USA,Outdoor,East Rutherford,Artificial
2021-10-17,2021,6,Pittsburgh Steelers,23.0,20.0,Seattle Seahawks,Heinz Field,68400,USA,Outdoor,Pittsburgh,Grass
2021-10-17,2021,6,Washington Commanders,13.0,31.0,Kansas City Chiefs,FedEx Field,62000,USA,Outdoor,Landover,Grass
2021-10-18,2021,6,Tennessee Titans,34.0,31.0,Buffalo Bills,Nissan Stadium,69143,USA,Outdoor,Nashville,Grass
2021-10-21,2021,7,Cleveland Browns,17.0,14.0,Denver Broncos,FirstEnergy Stadium,67431,USA,Outdoor,Cleveland,Grass
2021-10-24,2021,7,Arizona Cardinals,31.0,5.0,Houston Texans,State Farm Stadium,63400,USA,RetractableDome,Glendale,Grass
2021-10-24,2021,7,Baltimore Ravens,17.0,41.0,Cincinnati Bengals,M&T Bank Stadium,71008,USA,Outdoor,Baltimore,Grass
2021-10-24,2021,7,Green Bay Packers,24.0,10.0,Washington Commanders,Lambeau Field,81441,USA,Outdoor,Green Bay,Grass
2021-10-24,2021,7,Las Vegas Raiders,33.0,22.0,Philadelphia Eagles,Allegiant Stadium,65000,USA,Dome,Las Vegas,Grass
2021-10-24,2021,7,Los Angeles Rams,28.0,19.0,Detroit Lions,SoFi Stadium,70240,USA,Dome,Inglewood,Artificial
2021-10-24,2021,7,Miami Dolphins,28.0,30.0,Atlanta Falcons,Hard Rock Stadium,64767,USA,Outdoor,Miami Gardens,Grass
2021-10-24,2021,7,New England Patriots,54.0,13.0,New York Jets,Gillette Stadium,64628,USA,Outdoor,Foxborough,Artificial
2021-10-24,2021,7,New York Giants,25.0,3.0,Carolina Panthers,MetLife Stadium,82500,USA,Outdoor,East Rutherford,Artificial
2021-10-24,2021,7,San Francisco 49ers,18.0,30.0,Indianapolis Colts,Levi's Stadium,68500,USA,Outdoor,Santa Clara,Grass
2021-10-24,2021,7,Tampa Bay Buccaneers,38.0,3.0,Chicago Bears,Raymond James Stadium,69218,USA,Outdoor,Tampa Bay,Grass
2021-10-24,2021,7,Tennessee Titans,27.0,3.0,Kansas City Chiefs,Nissan Stadium,69143,USA,Outdoor,Nashville,Grass
2021-10-25,2021,7,Seattle Seahawks,10.0,13.0,New Orleans Saints,Lumen Field,68740,USA,Outdoor,Seattle,Artificial
2021-10-28,2021,8,Arizona Cardinals,21.0,24.0,Green Bay Packers,State Farm Stadium,63400,USA,RetractableDome,Glendale,Grass
2021-10-31,2021,8,Atlanta Falcons,13.0,19.0,Carolina Panthers,Mercedes-Benz Stadium,71000,USA,RetractableDome,Atlanta,Artificial
2021-10-31,2021,8,Buffalo Bills,26.0,11.0,Miami Dolphins,Highmark Stadium,71608,USA,Outdoor,Orchard Park,Artificial
2021-10-31,2021,8,Chicago Bears,22.0,33.0,San Francisco 49ers,Soldier Field,61500,USA,Outdoor,Chicago,Grass
2021-10-31,2021,8,Cleveland Browns,10.0,15.0,Pittsburgh Steelers,FirstEnergy Stadium,67431,USA,Outdoor,Cleveland,Grass
2021-10-31,2021,8,Denver Broncos,17.0,10.0,Washington Commanders,Empower Field at Mile High,76125,USA,Outdoor,Denver,Grass
2021-10-31,2021,8,Detroit Lions,6.0,44.0,Philadelphia Eagles,Ford Field,65000,USA,Dome,Detroit,Artificial
2021-10-31,2021,8,Houston Texans,22.0,38.0,Los Angeles Rams,NRG Stadium,72220,USA,RetractableDome,Houston,Artificial
2021-10-31,2021,8,Indianapolis Colts,31.0,34.0,Tennessee Titans,Lucas Oil Stadium,67000,USA,RetractableDome,Indianapolis,Artificial
2021-10-31,2021,8,Los Angeles Chargers,24.0,27.0,New England Patriots,SoFi Stadium,47252,Brazil,Outdoor,Sao Paulo,Grass
2021-10-31,2021,8,Minnesota Vikings,16.0,20.0,Dallas Cowboys,U.S. Bank Stadium,66655,USA,Dome,Minneapolis,Artificial
2021-10-31,2021,8,New Orleans Saints,36.0,27.0,Tampa Bay Buccaneers,Caesars Superdome,73208,USA,Dome,New Orleans,Artificial
2021-10-31,2021,8,New York Jets,34.0,31.0,Cincinnati Bengals,MetLife Stadium,82500,USA,Outdoor,East Rutherford,Artificial
2021-10-31,2021,8,Seattle Seahawks,31.0,7.0,Jacksonville Jaguars,Lumen Field,68740,USA,Outdoor,Seattle,Artificial
2021-11-01,2021,8,Kansas City Chiefs,20.0,17.0,New York Giants,Arrowhead Stadium,76416,USA,Outdoor,Kansas City,Grass
2021-11-04,2021,9,Indianapolis Colts,45.0,30.0,New York Jets,Lucas Oil Stadium,67000,USA,RetractableDome,Indianapolis,Artificial
2021-11-07,2021,9,Baltimore Ravens,34.0,31.0,Minnesota Vikings,M&T Bank Stadium,71008,USA,Outdoor,Baltimore,Grass
2021-11-07,2021,9,Carolina Panthers,6.0,24.0,New England Patriots,Bank of America Stadium,74867,USA,Outdoor,Charlotte,Artificial
2021-11-07,2021,9,Cincinnati Bengals,16.0,41.0,Cleveland Browns,Paul Brown Stadium,65515,USA,Outdoor,Cincinnati,Artificial
2021-11-07,2021,9,Dallas Cowboys,16.0,30.0,Denver Broncos,AT&T Stadium,80000,USA,RetractableDome,Arlington,Artificial
2021-11-07,2021,9,Jacksonville Jaguars,9.0,6.0,Buffalo Bills,TIAA Bank Field,67814,USA,Outdoor,Jacksonville,Grass
2021-11-07,2021,9,Kansas City Chiefs,13.0,7.0,Green Bay Packers,Arrowhead Stadium,76416,USA,Outdoor,Kansas City,Grass
2021-11-07,2021,9,Los Angeles Rams,16.0,28.0,Tennessee Titans,SoFi Stadium,70240,USA,Dome,Inglewood,Artificial
2021-11-07,2021,9,Miami Dolphins,17.0,9.0,Houston Texans,Hard Rock Stadium,64767,USA,Outdoor,Miami Gardens,Grass
2021-11-07,2021,9,New Orleans Saints,25.0,27.0,Atlanta Falcons,Caesars Superdome,73208,USA,Dome,New Orleans,Artificial
2021-11-07,2021,9,New York Giants,23.0,16.0,Las Vegas Raiders,MetLife Stadium,82500,USA,Outdoor,East Rutherford,Artificial
2021-11-07,2021,9,Philadelphia Eagles,24.0,27.0,Los Angeles Chargers,Lincoln Financial Field,67594,USA,Outdoor,Philadelphia,Grass
2021-11-07,2021,9,San Francisco 49ers,17.0,31.0,Arizona Cardinals,Levi's Stadium,68500,USA,Outdoor,Santa Clara,Grass
2021-11-08,2021,9,Pittsburgh Steelers,29.0,27.0,Chicago Bears,Heinz Field,68400,USA,Outdoor,Pittsburgh,Grass
2021-11-11,2021,10,Miami Dolphins,22.0,10.0,Baltimore Ravens,Hard Rock Stadium,64767,USA,Outdoor,Miami Gardens,Grass
2021-11-14,2021,10,Arizona Cardinals,10.0,34.0,Carolina Panthers,State Farm Stadium,63400,USA,RetractableDome,Glendale,Grass
2021-11-14,2021,10,Dallas Cowboys,43.0,3.0,Atlanta Falcons,AT&T Stadium,80000,USA,RetractableDome,Arlington,Artificial
2021-11-14,2021,10,Denver Broncos,13.0,30.0,Philadelphia Eagles,Empower Field at Mile High,76125,USA,Outdoor,Denver,Grass
2021-11-14,2021,10,Green Bay Packers,17.0,0.0,Seattle Seahawks,Lambeau Field,81441,USA,Outdoor,Green Bay,Grass
2021-11-14,2021,10,Indianapolis Colts,23.0,17.0,Jacksonville Jaguars,Lucas Oil Stadium,67000,USA,RetractableDome,Indianapolis,Artificial
2021-11-14,2021,10,Las Vegas Raiders,14.0,41.0,Kansas City Chiefs,Allegiant Stadium,65000,USA,Dome,Las Vegas,Grass
2021-11-14,2021,10,Los Angeles Chargers,20.0,27.0,Minnesota Vikings,SoFi Stadium,47252,Brazil,Outdoor,Sao Paulo,Grass
2021-11-14,2021,10,New England Patriots,45.0,7.0,Cleveland Browns,Gillette Stadium,64628,USA,Outdoor,Foxborough,Artificial
2021-11-14,2021,10,New York Jets,17.0,45.0,Buffalo Bills,MetLife Stadium,82500,USA,Outdoor,East Rutherford,Artificial
2021-11-14,2021,10,Pittsburgh Steelers,16.0,16.0,Detroit Lions,Heinz Field,68400,USA,Outdoor,Pittsburgh,Grass
2021-11-14,2021,10,Tennessee Titans,23.0,21.0,New Orleans Saints,Nissan Stadium,69143,USA,Outdoor,Nashville,Grass
2021-11-14,2021,10,Washington Commanders,29.0,19.0,Tampa Bay Buccaneers,FedEx Field,62000,USA,Outdoor,Landover,Grass
2021-11-15,2021,10,San Francisco 49ers,31.0,10.0,Los Angeles Rams,Levi's Stadium,68500,USA,Outdoor,Santa Clara,Grass
2021-11-18,2021,11,Atlanta Falcons,0.0,25.0,New England Patriots,Mercedes-Benz Stadium,71000,USA,RetractableDome,Atlanta,Artificial
2021-11-21,2021,11,Buffalo Bills,15.0,41.0,Indianapolis Colts,Highmark Stadium,71608,USA,Outdoor,Orchard Park,Artificial
2021-11-21,2021,11,Carolina Panthers,21.0,27.0,Washington Commanders,Bank of America Stadium,74867,USA,Outdoor,Charlotte,Artificial
2021-11-21,2021,11,Chicago Bears,13.0,16.0,Baltimore Ravens,Soldier Field,61500,USA,Outdoor,Chicago,Grass
2021-11-21,2021,11,Cleveland Browns,13.0,10.0,Detroit Lions,FirstEnergy Stadium,67431,USA,Outdoor,Cleveland,Grass
2021-11-21,2021,11,Jacksonville Jaguars,10.0,30.0,San Francisco 49ers,TIAA Bank Field,67814,USA,Outdoor,Jacksonville,Grass
2021-11-21,2021,11,Kansas City Chiefs,19.0,9.0,Dallas Cowboys,Arrowhead Stadium,76416,USA,Outdoor,Kansas City,Grass
2021-11-21,2021,11,Las Vegas Raiders,13.0,32.0,Cincinnati Bengals,Allegiant Stadium,65000,USA,Dome,Las Vegas,Grass
2021-11-21,2021,11,Los Angeles Chargers,41.0,37.0,Pittsburgh Steelers,SoFi Stadium,47252,Brazil,Outdoor,Sao Paulo,Grass
2021-11-21,2021,11,Minnesota Vikings,34.0,31.0,Green Bay Packers,U.S. Bank Stadium,66655,USA,Dome,Minneapolis,Artificial
2021-11-21,2021,11,New York Jets,17.0,24.0,Miami Dolphins,MetLife Stadium,82500,USA,Outdoor,East Rutherford,Artificial
2021-11-21,2021,11,Philadelphia Eagles,40.0,29.0,New Orleans Saints,Lincoln Financial Field,67594,USA,Outdoor,Philadelphia,Grass
2021-11-21,2021,11,Seattle Seahawks,13.0,23.0,Arizona Cardinals,Lumen Field,68740,USA,Outdoor,Seattle,Artificial
2021-11-21,2021,11,Tennessee Titans,13.0,22.0,Houston Texans,Nissan Stadium,69143,USA,Outdoor,Nashville,Grass
2021-11-22,2021,11,Tampa Bay Buccaneers,30.0,10.0,New York Giants,Raymond James Stadium,69218,USA,Outdoor,Tampa Bay,Grass
2021-11-25,2021,12,Dallas Cowboys,33.0,36.0,Las Vegas Raiders,AT&T Stadium,80000,USA,RetractableDome,Arlington,Artificial
2021-11-25,2021,12,Detroit Lions,14.0,16.0,Chicago Bears,Ford Field,65000,USA,Dome,Detroit,Artificial
2021-11-25,2021,12,New Orleans Saints,6.0,31.0,Buffalo Bills,Caesars Superdome,73208,USA,Dome,New Orleans,Artificial
2021-11-28,2021,12,Baltimore Ravens,16.0,10.0,Cleveland Browns,M&T Bank Stadium,71008,USA,Outdoor,Baltimore,Grass
2021-11-28,2021,12,Cincinnati Bengals,41.0,10.0,Pittsburgh Steelers,Paul Brown Stadium,65515,USA,Outdoor,Cincinnati,Artificial
2021-11-28,2021,12,Denver Broncos,28.0,13.0,Los Angeles Chargers,Empower Field at Mile High,76125,USA,Outdoor,Denver,Grass
2021-11-28,2021,12,Green Bay Packers,36.0,28.0,Los Angeles Rams,Lambeau Field,81441,USA,Outdoor,Green Bay,Grass
2021-11-28,2021,12,Houston Texans,14.0,21.0,New York Jets,NRG Stadium,72220,USA,RetractableDome,Houston,Artificial
2021-11-28,2021,12,Indianapolis Colts,31.0,38.0,Tampa Bay Buccaneers,Lucas Oil Stadium,67000,USA,RetractableDome,Indianapolis,Artificial
2021-11-28,2021,12,Jacksonville Jaguars,14.0,21.0,Atlanta Falcons,TIAA Bank Field,67814,USA,Outdoor,Jacksonville,Grass
2021-11-28,2021,12,Miami Dolphins,33.0,10.0,Carolina Panthers,Hard Rock Stadium,64767,USA,Outdoor,Miami Gardens,Grass
2021-11-28,2021,12,New England Patriots,36.0,13.0,Tennessee Titans,Gillette Stadium,64628,USA,Outdoor,Foxborough,Artificial
2021-11-28,2021,12,New York Giants,13.0,7.0,Philadelphia Eagles,MetLife Stadium,82500,USA,Outdoor,East Rutherford,Artificial
2021-11-28,2021,12,San Francisco 49ers,34.0,26.0,Minnesota Vikings,Levi's Stadium,68500,USA,Outdoor,Santa Clara,Grass
2021-11-29,2021,12,Washington Commanders,17.0,15.0,Seattle Seahawks,FedEx Field,62000,USA,Outdoor,Landover,Grass
2021-12-02,2021,13,New Orleans Saints,17.0,27.0,Dallas Cowboys,Caesars Superdome,73208,USA,Dome,New Orleans,Artificial
2021-12-05,2021,13,Atlanta Falcons,17.0,30.0,Tampa Bay Buccaneers,Mercedes-Benz Stadium,71000,USA,RetractableDome,Atlanta,Artificial
2021-12-05,2021,13,Chicago Bears,22.0,33.0,Arizona Cardinals,Soldier Field,61500,USA,Outdoor,Chicago,Grass
2021-12-05,2021,13,Cincinnati Bengals,22.0,41.0,Los Angeles Chargers,Paul Brown Stadium,65515,USA,Outdoor,Cincinnati,Artificial
2021-12-05,2021,13,Detroit Lions,29.0,27.0,Minnesota Vikings,Ford Field,65000,USA,Dome,Detroit,Artificial
2021-12-05,2021,13,Houston Texans,0.0,31.0,Indianapolis Colts,NRG Stadium,72220,USA,RetractableDome,Houston,Artificial
2021-12-05,2021,13,Kansas City Chiefs,22.0,9.0,Denver Broncos,Arrowhead Stadium,76416,USA,Outdoor,Kansas City,Grass
2021-12-05,2021,13,Las Vegas Raiders,15.0,17.0,Washington Commanders,Allegiant Stadium,65000,USA,Dome,Las Vegas,Grass
2021-12-05,2021,13,Los Angeles Rams,37.0,7.0,Jacksonville Jaguars,SoFi Stadium,70240,USA,Dome,Inglewood,Artificial
2021-12-05,2021,13,Miami Dolphins,20.0,9.0,New York Giants,Hard Rock Stadium,64767,USA,Outdoor,Miami Gardens,Grass
2021-12-05,2021,13,New York Jets,18.0,33.0,Philadelphia Eagles,MetLife Stadium,82500,USA,Outdoor,East Rutherford,Artificial
2021-12-05,2021,13,Pittsburgh Steelers,20.0,19.0,Baltimore Ravens,Heinz Field,68400,USA,Outdoor,Pittsburgh,Grass
2021-12-05,2021,13,Seattle Seahawks,30.0,23.0,San Francisco 49ers,Lumen Field,68740,USA,Outdoor,Seattle,Artificial
2021-12-06,2021,13,Buffalo Bills,10.0,14.0,New England Patriots,Highmark Stadium,71608,USA,Outdoor,Orchard Park,Artificial
2021-12-09,2021,14,Minnesota Vikings,36.0,28.0,Pittsburgh Steelers,U.S. Bank Stadium,66655,USA,Dome,Minneapolis,Artificial
2021-12-12,2021,14,Carolina Panthers,21.0,29.0,Atlanta Falcons,Bank of America Stadium,74867,USA,Outdoor,Charlotte,Artificial
2021-12-12,2021,14,Cincinnati Bengals,23.0,26.0,San Francisco 49ers,Paul Brown Stadium,65515,USA,Outdoor,Cincinnati,Artificial
2021-12-12,2021,14,Cleveland Browns,24.0,22.0,Baltimore Ravens,FirstEnergy Stadium,67431,USA,Outdoor,Cleveland,Grass
2021-12-12,2021,14,Denver Broncos,38.0,10.0,Detroit Lions,Empower Field at Mile High,76125,USA,Outdoor,Denver,Grass
2021-12-12,2021,14,Green Bay Packers,45.0,30.0,Chicago Bears,Lambeau Field,81441,USA,Outdoor,Green Bay,Grass
2021-12-12,2021,14,Houston Texans,13.0,33.0,Seattle Seahawks,NRG Stadium,72220,USA,RetractableDome,Houston,Artificial
2021-12-12,2021,14,Kansas City Chiefs,48.0,9.0,Las Vegas Raiders,Arrowhead Stadium,76416,USA,Outdoor,Kansas City,Grass
2021-12-12,2021,14,Los Angeles Chargers,37.0,21.0,New York Giants,SoFi Stadium,47252,Brazil,Outdoor,Sao Paulo,Grass
2021-12-12,2021,14,New York Jets,9.0,30.0,New Orleans Saints,MetLife Stadium,82500,USA,Outdoor,East Rutherford,Artificial
2021-12-12,2021,14,Tampa Bay Buccaneers,33.0,27.0,Buffalo Bills,Raymond James Stadium,69218,USA,Outdoor,Tampa Bay,Grass
2021-12-12,2021,14,Tennessee Titans,20.0,0.0,Jacksonville Jaguars,Nissan Stadium,69143,USA,Outdoor,Nashville,Grass
2021-12-12,2021,14,Washington Commanders,20.0,27.0,Dallas Cowboys,FedEx Field,62000,USA,Outdoor,Landover,Grass
2021-12-13,2021,14,Arizona Cardinals,23.0,30.0,Los Angeles Rams,State Farm Stadium,63400,USA,RetractableDome,Glendale,Grass
2021-12-16,2021,15,Los Angeles Chargers,28.0,34.0,Kansas City Chiefs,SoFi Stadium,47252,Brazil,Outdoor,Sao Paulo,Grass
2021-12-18,2021,15,Indianapolis Colts,27.0,17.0,New England Patriots,Lucas Oil Stadium,67000,USA,RetractableDome,Indianapolis,Artificial
2021-12-19,2021,15,Baltimore Ravens,30.0,31.0,Green Bay Packers,M&T Bank Stadium,71008,USA,Outdoor,Baltimore,Grass
2021-12-19,2021,15,Buffalo Bills,31.0,14.0,Carolina Panthers,Highmark Stadium,71608,USA,Outdoor,Orchard Park,Artificial
2021-12-19,2021,15,Denver Broncos,10.0,15.0,Cincinnati Bengals,Empower Field at Mile High,76125,USA,Outdoor,Denver,Grass
2021-12-19,2021,15,Detroit Lions,30.0,12.0,Arizona Cardinals,Ford Field,65000,USA,Dome,Detroit,Artificial
2021-12-19,2021,15,Jacksonville Jaguars,16.0,30.0,Houston Texans,TIAA Bank Field,67814,USA,Outdoor,Jacksonville,Grass
2021-12-19,2021,15,Miami Dolphins,31.0,24.0,New York Jets,Hard Rock Stadium,64767,USA,Outdoor,Miami Gardens,Grass
2021-12-19,2021,15,New York Giants,6.0,21.0,Dallas Cowboys,MetLife Stadium,82500,USA,Outdoor,East Rutherford,Artificial
2021-12-19,2021,15,Pittsburgh Steelers,19.0,13.0,Tennessee Titans,Heinz Field,68400,USA,Outdoor,Pittsburgh,Grass
2021-12-19,2021,15,San Francisco 49ers,31.0,13.0,Atlanta Falcons,Levi's Stadium,68500,USA,Outdoor,Santa Clara,Grass
2021-12-19,2021,15,Tampa Bay Buccaneers,0.0,9.0,New Orleans Saints,Raymond James Stadium,69218,USA,Outdoor,Tampa Bay,Grass
2021-12-20,2021,15,Chicago Bears,9.0,17.0,Minnesota Vikings,Soldier Field,61500,USA,Outdoor,Chicago,Grass
2021-12-20,2021,15,Cleveland Browns,14.0,16.0,Las Vegas Raiders,FirstEnergy Stadium,67431,USA,Outdoor,Cleveland,Grass
2021-12-21,2021,15,Los Angeles Rams,20.0,10.0,Seattle Seahawks,SoFi Stadium,70240,USA,Dome,Inglewood,Artificial
2021-12-21,2021,15,Philadelphia Eagles,27.0,17.0,Washington Commanders,Lincoln Financial Field,67594,USA,Outdoor,Philadelphia,Grass
2021-12-23,2021,16,Tennessee Titans,20.0,17.0,San Francisco 49ers,Nissan Stadium,69143,USA,Outdoor,Nashville,Grass
2021-12-25,2021,16,Arizona Cardinals,16.0,22.0,Indianapolis Colts,State Farm Stadium,63400,USA,RetractableDome,Glendale,Grass
2021-12-25,2021,16,Green Bay Packers,24.0,22.0,Cleveland Browns,Lambeau Field,81441,USA,Outdoor,Green Bay,Grass
2021-12-26,2021,16,Atlanta Falcons,20.0,16.0,Detroit Lions,Mercedes-Benz Stadium,71000,USA,RetractableDome,Atlanta,Artificial
2021-12-26,2021,16,Carolina Panthers,6.0,32.0,Tampa Bay Buccaneers,Bank of America Stadium,74867,USA,Outdoor,Charlotte,Artificial
2021-12-26,2021,16,Cincinnati Bengals,41.0,21.0,Baltimore Ravens,Paul Brown Stadium,65515,USA,Outdoor,Cincinnati,Artificial
2021-12-26,2021,16,Dallas Cowboys,56.0,14.0,Washington Commanders,AT&T Stadium,80000,USA,RetractableDome,Arlington,Artificial
2021-12-26,2021,16,Houston Texans,41.0,29.0,Los Angeles Chargers,NRG Stadium,72220,USA,RetractableDome,Houston,Artificial
2021-12-26,2021,16,Kansas City Chiefs,36.0,10.0,Pittsburgh Steelers,Arrowhead Stadium,76416,USA,Outdoor,Kansas City,Grass
2021-12-26,2021,16,Las Vegas Raiders,17.0,13.0,Denver Broncos,Allegiant Stadium,65000,USA,Dome,Las Vegas,Grass
2021-12-26,2021,16,Minnesota Vikings,23.0,30.0,Los Angeles Rams,U.S. Bank Stadium,66655,USA,Dome,Minneapolis,Artificial
2021-12-26,2021,16,New England Patriots,21.0,33.0,Buffalo Bills,Gillette Stadium,64628,USA,Outdoor,Foxborough,Artificial
2021-12-26,2021,16,New York Jets,26.0,21.0,Jacksonville Jaguars,MetLife Stadium,82500,USA,Outdoor,East Rutherford,Artificial
2021-12-26,2021,16,Philadelphia Eagles,34.0,10.0,New York Giants,Lincoln Financial Field,67594,USA,Outdoor,Philadelphia,Grass
2021-12-26,2021,16,Seattle Seahawks,24.0,25.0,Chicago Bears,Lumen Field,68740,USA,Outdoor,Seattle,Artificial
2021-12-27,2021,16,New Orleans Saints,3.0,20.0,Miami Dolphins,Caesars Superdome,73208,USA,Dome,New Orleans,Artificial
2022-01-02,2021,17,Baltimore Ravens,19.0,20.0,Los Angeles Rams,M&T Bank Stadium,71008,USA,Outdoor,Baltimore,Grass
2022-01-02,2021,17,Buffalo Bills,29.0,15.0,Atlanta Falcons,Highmark Stadium,71608,USA,Outdoor,Orchard Park,Artificial
2022-01-02,2021,17,Chicago Bears,29.0,3.0,New York Giants,Soldier Field,61500,USA,Outdoor,Chicago,Grass
2022-01-02,2021,17,Cincinnati Bengals,34.0,31.0,Kansas City Chiefs,Paul Brown Stadium,65515,USA,Outdoor,Cincinnati,Artificial
2022-01-02,2021,17,Dallas Cowboys,22.0,25.0,Arizona Cardinals,AT&T Stadium,80000,USA,RetractableDome,Arlington,Artificial
2022-01-02,2021,17,Green Bay Packers,37.0,10.0,Minnesota Vikings,Lambeau Field,81441,USA,Outdoor,Green Bay,Grass
2022-01-02,2021,17,Indianapolis Colts,20.0,23.0,Las Vegas Raiders,Lucas Oil Stadium,67000,USA,RetractableDome,Indianapolis,Artificial
2022-01-02,2021,17,Los Angeles Chargers,34.0,13.0,Denver Broncos,SoFi Stadium,47252,Brazil,Outdoor,Sao Paulo,Grass
2022-01-02,2021,17,New England Patriots,50.0,10.0,Jacksonville Jaguars,Gillette Stadium,64628,USA,Outdoor,Foxborough,Artificial
2022-01-02,2021,17,New Orleans Saints,18.0,10.0,Carolina Panthers,Caesars Superdome,73208,USA,Dome,New Orleans,Artificial
2022-01-02,2021,17,New York Jets,24.0,28.0,Tampa Bay Buccaneers,MetLife Stadium,82500,USA,Outdoor,East Rutherford,Artificial
2022-01-02,2021,17,San Francisco 49ers,23.0,7.0,Houston Texans,Levi's Stadium,68500,USA,Outdoor,Santa Clara,Grass
2022-01-02,2021,17,Seattle Seahawks,51.0,29.0,Detroit Lions,Lumen Field,68740,USA,Outdoor,Seattle,Artificial
2022-01-02,2021,17,Tennessee Titans,34.0,3.0,Miami Dolphins,Nissan Stadium,69143,USA,Outdoor,Nashville,Grass
2022-01-02,2021,17,Washington Commanders,16.0,20.0,Philadelphia Eagles,FedEx Field,62000,USA,Outdoor,Landover,Grass
2022-01-03,2021,17,Pittsburgh Steelers,26.0,14.0,Cleveland Browns,Heinz Field,68400,USA,Outdoor,Pittsburgh,Grass
2022-01-08,2021,18,Denver Broncos,24.0,28.0,Kansas City Chiefs,Empower Field at Mile High,76125,USA,Outdoor,Denver,Grass
2022-01-08,2021,18,Philadelphia Eagles,26.0,51.0,Dallas Cowboys,Lincoln Financial Field,67594,USA,Outdoor,Philadelphia,Grass
2022-01-09,2021,18,Arizona Cardinals,30.0,38.0,Seattle Seahawks,State Farm Stadium,63400,USA,RetractableDome,Glendale,Grass
2022-01-09,2021,18,Atlanta Falcons,20.0,30.0,New Orleans Saints,Mercedes-Benz Stadium,71000,USA,RetractableDome,Atlanta,Artificial
2022-01-09,2021,18,Baltimore Ravens,13.0,16.0,Pittsburgh Steelers,M&T Bank Stadium,71008,USA,Outdoor,Baltimore,Grass
2022-01-09,2021,18,Buffalo Bills,27.0,10.0,New York Jets,Highmark Stadium,71608,USA,Outdoor,Orchard Park,Artificial
2022-01-09,2021,18,Cleveland Browns,21.0,16.0,Cincinnati Bengals,FirstEnergy Stadium,67431,USA,Outdoor,Cleveland,Grass
2022-01-09,2021,18,Detroit Lions,37.0,30.0,Green Bay Packers,Ford Field,65000,USA,Dome,Detroit,Artificial
2022-01-09,2021,18,Houston Texans,25.0,28.0,Tennessee Titans,NRG Stadium,72220,USA,RetractableDome,Houston,Artificial
2022-01-09,2021,18,Jacksonville Jaguars,26.0,11.0,Indianapolis Colts,TIAA Bank Field,67814,USA,Outdoor,Jacksonville,Grass
2022-01-09,2021,18,Las Vegas Raiders,35.0,32.0,Los Angeles Chargers,Allegiant Stadium,65000,USA,Dome,Las Vegas,Grass
2022-01-09,2021,18,Los Angeles Rams,24.0,27.0,San Francisco 49ers,SoFi Stadium,70240,USA,Dome,Inglewood,Artificial
2022-01-09,2021,18,Miami Dolphins,33.0,24.0,New England Patriots,Hard Rock Stadium,64767,USA,Outdoor,Miami Gardens,Grass
2022-01-09,2021,18,Minnesota Vikings,31.0,17.0,Chicago Bears,U.S. Bank Stadium,66655,USA,Dome,Minneapolis,Artificial
2022-01-09,2021,18,New York Giants,7.0,22.0,Washington Commanders,MetLife Stadium,82500,USA,Outdoor,East Rutherford,Artificial
2022-01-09,2021,18,Tampa Bay Buccaneers,41.0,17.0,Carolina Panthers,Raymond James Stadium,69218,USA,Outdoor,Tampa Bay,Grass
2022-09-08,2022,1,Los Angeles Rams,10.0,31.0,Buffalo Bills,SoFi Stadium,70240,USA,Dome,Inglewood,Artificial
2022-09-11,2022,1,Arizona Cardinals,21.0,44.0,Kansas City Chiefs,State Farm Stadium,63400,USA,RetractableDome,Glendale,Grass
2022-09-11,2022,1,Atlanta Falcons,26.0,27.0,New Orleans Saints,Mercedes-Benz Stadium,71000,USA,RetractableDome,Atlanta,Artificial
2022-09-11,2022,1,Carolina Panthers,24.0,26.0,Cleveland Browns,Bank of America Stadium,74867,USA,Outdoor,Charlotte,Artificial
2022-09-11,2022,1,Chicago Bears,19.0,10.0,San Francisco 49ers,Soldier Field,61500,USA,Outdoor,Chicago,Grass
2022-09-11,2022,1,Cincinnati Bengals,20.0,23.0,Pittsburgh Steelers,Paycor Stadium,65515,USA,Outdoor,Cincinnati,Artificial
2022-09-11,2022,1,Dallas Cowboys,3.0,19.0,Tampa Bay Buccaneers,AT&T Stadium,80000,USA,RetractableDome,Arlington,Artificial
2022-09-11,2022,1,Detroit Lions,35.0,38.0,Philadelphia Eagles,Ford Field,65000,USA,Dome,Detroit,Artificial
2022-09-11,2022,1,Houston Texans,20.0,20.0,Indianapolis Colts,NRG Stadium,72220,USA,RetractableDome,Houston,Artificial
2022-09-11,2022,1,Los Angeles Chargers,24.0,19.0,Las Vegas Raiders,SoFi Stadium,47252,Brazil,Outdoor,Sao Paulo,Grass
2022-09-11,2022,1,Miami Dolphins,20.0,7.0,New England Patriots,Hard Rock Stadium,64767,USA,Outdoor,Miami Gardens,Grass
2022-09-11,2022,1,Minnesota Vikings,23.0,7.0,Green Bay Packers,U.S. Bank Stadium,66655,USA,Dome,Minneapolis,Artificial
2022-09-11,2022,1,New York Jets,9.0,24.0,Baltimore Ravens,MetLife Stadium,82500,USA,Outdoor,East Rutherford,Artificial
2022-09-11,2022,1,Tennessee Titans,20.0,21.0,New York Giants,Nissan Stadium,69143,USA,Outdoor,Nashville,Grass
2022-09-11,2022,1,Washington Commanders,28.0,22.0,Jacksonville Jaguars,FedEx Field,62000,USA,Outdoor,Landover,Grass
2022-09-12,2022,1,Seattle Seahawks,17.0,16.0,Denver Broncos,Lumen Field,68740,USA,Outdoor,Seattle,Artificial
2022-09-15,2022,2,Kansas City Chiefs,27.0,24.0,Los Angeles Chargers,GEHA Field at Arrowhead Stadium,76416,USA,Outdoor,Kansas City,Grass
2022-09-18,2022,2,Baltimore Ravens,38.0,42.0,Miami Dolphins,M&T Bank Stadium,71008,USA,Outdoor,Baltimore,Grass
2022-09-18,2022,2,Cleveland Browns,30.0,31.0,New York Jets,FirstEnergy Stadium,67431,USA,Outdoor,Cleveland,Grass
2022-09-18,2022,2,Dallas Cowboys,20.0,17.0,Cincinnati Bengals,AT&T Stadium,80000,USA,RetractableDome,Arlington,Artificial
2022-09-18,2022,2,Denver Broncos,16.0,9.0,Houston Texans,Empower Field at Mile High,76125,USA,Outdoor,Denver,Grass
2022-09-18,2022,2,Detroit Lions,36.0,27.0,Washington Commanders,Ford Field,65000,USA,Dome,Detroit,Artificial
2022-09-18,2022,2,Green Bay Packers,27.0,10.0,Chicago Bears,Lambeau Field,81441,USA,Outdoor,Green Bay,Grass
2022-09-18,2022,2,Jacksonville Jaguars,24.0,0.0,Indianapolis Colts,TIAA Bank Field,67814,USA,Outdoor,Jacksonville,Grass
2022-09-18,2022,2,Las Vegas Raiders,23.0,29.0,Arizona Cardinals,Allegiant Stadium,65000,USA,Dome,Las Vegas,Grass
2022-09-18,2022,2,Los Angeles Rams,31.0,27.0,Atlanta Falcons,SoFi Stadium,70240,USA,Dome,Inglewood,Artificial
2022-09-18,2022,2,New Orleans Saints,10.0,20.0,Tampa Bay Buccaneers,Caesars Superdome,73208,USA,Dome,New Orleans,Artificial
2022-09-18,2022,2,New York Giants,19.0,16.0,Carolina Panthers,MetLife Stadium,82500,USA,Outdoor,East Rutherford,Artificial
2022-09-18,2022,2,Pittsburgh Steelers,14.0,17.0,New England Patriots,Acrisure Stadium,68400,USA,Outdoor,Pittsburgh,Grass
2022-09-18,2022,2,San Francisco 49ers,27.0,7.0,Seattle Seahawks,Levi's Stadium,68500,USA,Outdoor,Santa Clara,Grass
2022-09-19,2022,2,Buffalo Bills,41.0,7.0,Tennessee Titans,Highmark Stadium,71608,USA,Outdoor,Orchard Park,Artificial
2022-09-19,2022,2,Philadelphia Eagles,24.0,7.0,Minnesota Vikings,Lincoln Financial Field,67594,USA,Outdoor,Philadelphia,Grass
2022-09-22,2022,3,Cleveland Browns,29.0,17.0,Pittsburgh Steelers,FirstEnergy Stadium,67431,USA,Outdoor,Cleveland,Grass
2022-09-25,2022,3,Arizona Cardinals,12.0,20.0,Los Angeles Rams,State Farm Stadium,63400,USA,RetractableDome,Glendale,Grass
2022-09-25,2022,3,Carolina Panthers,22.0,14.0,New Orleans Saints,Bank of America Stadium,74867,USA,Outdoor,Charlotte,Artificial
2022-09-25,2022,3,Chicago Bears,23.0,20.0,Houston Texans,Soldier Field,61500,USA,Outdoor,Chicago,Grass
2022-09-25,2022,3,Denver Broncos,11.0,10.0,San Francisco 49ers,Empower Field at Mile High,76125,USA,Outdoor,Denver,Grass
2022-09-25,2022,3,Indianapolis Colts,20.0,17.0,Kansas City Chiefs,Lucas Oil Stadium,67000,USA,RetractableDome,Indianapolis,Artificial
2022-09-25,2022,3,Los Angeles Chargers,10.0,38.0,Jacksonville Jaguars,SoFi Stadium,47252,Brazil,Outdoor,Sao Paulo,Grass
2022-09-25,2022,3,Miami Dolphins,21.0,19.0,Buffalo Bills,Hard Rock Stadium,64767,USA,Outdoor,Miami Gardens,Grass
2022-09-25,2022,3,Minnesota Vikings,28.0,24.0,Detroit Lions,U.S. Bank Stadium,66655,USA,Dome,Minneapolis,Artificial
2022-09-25,2022,3,New England Patriots,26.0,37.0,Baltimore Ravens,Gillette Stadium,64628,USA,Outdoor,Foxborough,Artificial
2022-09-25,2022,3,New York Jets,12.0,27.0,Cincinnati Bengals,MetLife Stadium,82500,USA,Outdoor,East Rutherford,Artificial
2022-09-25,2022,3,Seattle Seahawks,23.0,27.0,Atlanta Falcons,Lumen Field,68740,USA,Outdoor,Seattle,Artificial
2022-09-25,2022,3,Tampa Bay Buccaneers,12.0,14.0,Green Bay Packers,Raymond James Stadium,69218,USA,Outdoor,Tampa Bay,Grass
2022-09-25,2022,3,Tennessee Titans,24.0,22.0,Las Vegas Raiders,Nissan Stadium,69143,USA,Outdoor,Nashville,Grass
2022-09-25,2022,3,Washington Commanders,8.0,24.0,Philadelphia Eagles,FedEx Field,62000,USA,Outdoor,Landover,Grass
2022-09-26,2022,3,New York Giants,16.0,23.0,Dallas Cowboys,MetLife Stadium,82500,USA,Outdoor,East Rutherford,Artificial
2022-09-29,2022,4,Cincinnati Bengals,27.0,15.0,Miami Dolphins,Paycor Stadium,65515,USA,Outdoor,Cincinnati,Artificial
2022-10-02,2022,4,Atlanta Falcons,23.0,20.0,Cleveland Browns,Mercedes-Benz Stadium,71000,USA,RetractableDome,Atlanta,Artificial
2022-10-02,2022,4,Baltimore Ravens,20.0,23.0,Buffalo Bills,M&T Bank Stadium,71008,USA,Outdoor,Baltimore,Grass
2022-10-02,2022,4,Carolina Panthers,16.0,26.0,Arizona Cardinals,Bank of America Stadium,74867,USA,Outdoor,Charlotte,Artificial
2022-10-02,2022,4,Dallas Cowboys,25.0,10.0,Washington Commanders,AT&T Stadium,80000,USA,RetractableDome,Arlington,Artificial
2022-10-02,2022,4,Detroit Lions,45.0,48.0,Seattle Seahawks,Ford Field,65000,USA,Dome,Detroit,Artificial
2022-10-02,2022,4,Green Bay Packers,27.0,24.0,New England Patriots,Lambeau Field,81441,USA,Outdoor,Green Bay,Grass
2022-10-02,2022,4,Houston Texans,24.0,34.0,Los Angeles Chargers,NRG Stadium,72220,USA,RetractableDome,Houston,Artificial
2022-10-02,2022,4,Indianapolis Colts,17.0,24.0,Tennessee Titans,Lucas Oil Stadium,67000,USA,RetractableDome,Indianapolis,Artificial
2022-10-02,2022,4,Las Vegas Raiders,32.0,23.0,Denver Broncos,Allegiant Stadium,65000,USA,Dome,Las Vegas,Grass
2022-10-02,2022,4,New Orleans Saints,25.0,28.0,Minnesota Vikings,Tottenham Hotspur Stadium,73208,USA,Dome,New Orleans,Artificial
2022-10-02,2022,4,New York Giants,20.0,12.0,Chicago Bears,MetLife Stadium,82500,USA,Outdoor,East Rutherford,Artificial
2022-10-02,2022,4,Philadelphia Eagles,29.0,21.0,Jacksonville Jaguars,Lincoln Financial Field,67594,USA,Outdoor,Philadelphia,Grass
2022-10-02,2022,4,Pittsburgh Steelers,20.0,24.0,New York Jets,Acrisure Stadium,68400,USA,Outdoor,Pittsburgh,Grass
2022-10-02,2022,4,Tampa Bay Buccaneers,31.0,41.0,Kansas City Chiefs,Raymond James Stadium,69218,USA,Outdoor,Tampa Bay,Grass
2022-10-03,2022,4,San Francisco 49ers,24.0,9.0,Los Angeles Rams,Levi's Stadium,68500,USA,Outdoor,Santa Clara,Grass
2022-10-06,2022,5,Denver Broncos,9.0,12.0,Indianapolis Colts,Empower Field at Mile High,76125,USA,Outdoor,Denver,Grass
2022-10-09,2022,5,Arizona Cardinals,17.0,20.0,Philadelphia Eagles,State Farm Stadium,63400,USA,RetractableDome,Glendale,Grass
2022-10-09,2022,5,Baltimore Ravens,19.0,17.0,Cincinnati Bengals,M&T Bank Stadium,71008,USA,Outdoor,Baltimore,Grass
2022-10-09,2022,5,Buffalo Bills,38.0,3.0,Pittsburgh Steelers,Highmark Stadium,71608,USA,Outdoor,Orchard Park,Artificial
2022-10-09,2022,5,Carolina Panthers,15.0,37.0,San Francisco 49ers,Bank of America Stadium,74867,USA,Outdoor,Charlotte,Artificial
2022-10-09,2022,5,Cleveland Browns,28.0,30.0,Los Angeles Chargers,FirstEnergy Stadium,67431,USA,Outdoor,Cleveland,Grass
2022-10-09,2022,5,Green Bay Packers,22.0,27.0,New York Giants,Tottenham Hotspur Stadium,81441,USA,Outdoor,Green Bay,Grass
2022-10-09,2022,5,Jacksonville Jaguars,6.0,13.0,Houston Texans,TIAA Bank Field,67814,USA,Outdoor,Jacksonville,Grass
2022-10-09,2022,5,Los Angeles Rams,10.0,22.0,Dallas Cowboys,SoFi Stadium,70240,USA,Dome,Inglewood,Artificial
2022-10-09,2022,5,Minnesota Vikings,29.0,22.0,Chicago Bears,U.S. Bank Stadium,66655,USA,Dome,Minneapolis,Artificial
2022-10-09,2022,5,New England Patriots,29.0,0.0,Detroit Lions,Gillette Stadium,64628,USA,Outdoor,Foxborough,Artificial
2022-10-09,2022,5,New Orleans Saints,39.0,32.0,Seattle Seahawks,Caesars Superdome,73208,USA,Dome,New Orleans,Artificial
2022-10-09,2022,5,New York Jets,40.0,17.0,Miami Dolphins,MetLife Stadium,82500,USA,Outdoor,East Rutherford,Artificial
2022-10-09,2022,5,Tampa Bay Buccaneers,21.0,15.0,Atlanta Falcons,Raymond James Stadium,69218,USA,Outdoor,Tampa Bay,Grass
2022-10-09,2022,5,Washington Commanders,17.0,21.0,Tennessee Titans,FedEx Field,62000,USA,Outdoor,Landover,Grass
2022-10-10,2022,5,Kansas City Chiefs,30.0,29.0,Las Vegas Raiders,GEHA Field at Arrowhead Stadium,76416,USA,Outdoor,Kansas City,Grass
2022-10-13,2022,6,Chicago Bears,7.0,12.0,Washington Commanders,Soldier Field,61500,USA,Outdoor,Chicago,Grass
2022-10-16,2022,6,Atlanta Falcons,28.0,14.0,San Francisco 49ers,Mercedes-Benz Stadium,71000,USA,RetractableDome,Atlanta,Artificial
2022-10-16,2022,6,Cleveland Browns,15.0,38.0,New England Patriots,FirstEnergy Stadium,67431,USA,Outdoor,Cleveland,Grass
2022-10-16,2022,6,Green Bay Packers,10.0,27.0,New York Jets,Lambeau Field,81441,USA,Outdoor,Green Bay,Grass
2022-10-16,2022,6,Indianapolis Colts,34.0,27.0,Jacksonville Jaguars,Lucas Oil Stadium,67000,USA,RetractableDome,Indianapolis,Artificial
2022-10-16,2022,6,Kansas City Chiefs,20.0,24.0,Buffalo Bills,GEHA Field at Arrowhead Stadium,76416,USA,Outdoor,Kansas City,Grass
2022-10-16,2022,6,Los Angeles Rams,24.0,10.0,Carolina Panthers,SoFi Stadium,70240,USA,Dome,Inglewood,Artificial
2022-10-16,2022,6,Miami Dolphins,16.0,24.0,Minnesota Vikings,Hard Rock Stadium,64767,USA,Outdoor,Miami Gardens,Grass
2022-10-16,2022,6,New Orleans Saints,26.0,30.0,Cincinnati Bengals,Caesars Superdome,73208,USA,Dome,New Orleans,Artificial
2022-10-16,2022,6,New York Giants,24.0,20.0,Baltimore Ravens,MetLife Stadium,82500,USA,Outdoor,East Rutherford,Artificial
2022-10-16,2022,6,Philadelphia Eagles,26.0,17.0,Dallas Cowboys,Lincoln Financial Field,67594,USA,Outdoor,Philadelphia,Grass
2022-10-16,2022,6,Pittsburgh Steelers,20.0,18.0,Tampa Bay Buccaneers,Acrisure Stadium,68400,USA,Outdoor,Pittsburgh,Grass
2022-10-16,2022,6,Seattle Seahawks,19.0,9.0,Arizona Cardinals,Lumen Field,68740,USA,Outdoor,Seattle,Artificial
2022-10-17,2022,6,Los Angeles Chargers,19.0,16.0,Denver Broncos,SoFi Stadium,47252,Brazil,Outdoor,Sao Paulo,Grass
2022-10-20,2022,7,Arizona Cardinals,42.0,34.0,New Orleans Saints,State Farm Stadium,63400,USA,RetractableDome,Glendale,Grass
2022-10-23,2022,7,Baltimore Ravens,23.0,20.0,Cleveland Browns,M&T Bank Stadium,71008,USA,Outdoor,Baltimore,Grass
2022-10-23,2022,7,Carolina Panthers,21.0,3.0,Tampa Bay Buccaneers,Bank of America Stadium,74867,USA,Outdoor,Charlotte,Artificial
2022-10-23,2022,7,Cincinnati Bengals,35.0,17.0,Atlanta Falcons,Paycor Stadium,65515,USA,Outdoor,Cincinnati,Artificial
2022-10-23,2022,7,Dallas Cowboys,24.0,6.0,Detroit Lions,AT&T Stadium,80000,USA,RetractableDome,Arlington,Artificial
2022-10-23,2022,7,Denver Broncos,9.0,16.0,New York Jets,Empower Field at Mile High,76125,USA,Outdoor,Denver,Grass
2022-10-23,2022,7,Jacksonville Jaguars,17.0,23.0,New York Giants,TIAA Bank Field,67814,USA,Outdoor,Jacksonville,Grass
2022-10-23,2022,7,Las Vegas Raiders,38.0,20.0,Houston Texans,Allegiant Stadium,65000,USA,Dome,Las Vegas,Grass
2022-10-23,2022,7,Los Angeles Chargers,23.0,37.0,Seattle Seahawks,SoFi Stadium,47252,Brazil,Outdoor,Sao Paulo,Grass
2022-10-23,2022,7,Miami Dolphins,16.0,10.0,Pittsburgh Steelers,Hard Rock Stadium,64767,USA,Outdoor,Miami Gardens,Grass
2022-10-23,2022,7,San Francisco 49ers,23.0,44.0,Kansas City Chiefs,Levi's Stadium,68500,USA,Outdoor,Santa Clara,Grass
2022-10-23,2022,7,Tennessee Titans,19.0,10.0,Indianapolis Colts,Nissan Stadium,69143,USA,Outdoor,Nashville,Grass
2022-10-23,2022,7,Washington Commanders,23.0,21.0,Green Bay Packers,FedEx Field,62000,USA,Outdoor,Landover,Grass
2022-10-24,2022,7,New England Patriots,14.0,33.0,Chicago Bears,Gillette Stadium,64628,USA,Outdoor,Foxborough,Artificial
2022-10-27,2022,8,Tampa Bay Buccaneers,22.0,27.0,Baltimore Ravens,Raymond James Stadium,69218,USA,Outdoor,Tampa Bay,Grass
2022-10-30,2022,8,Atlanta Falcons,37.0,34.0,Carolina Panthers,Mercedes-Benz Stadium,71000,USA,RetractableDome,Atlanta,Artificial
2022-10-30,2022,8,Buffalo Bills,27.0,17.0,Green Bay Packers,Highmark Stadium,71608,USA,Outdoor,Orchard Park,Artificial
2022-10-30,2022,8,Dallas Cowboys,49.0,29.0,Chicago Bears,AT&T Stadium,80000,USA,RetractableDome,Arlington,Artificial
2022-10-30,2022,8,Detroit Lions,27.0,31.0,Miami Dolphins,Ford Field,65000,USA,Dome,Detroit,Artificial
2022-10-30,2022,8,Houston Texans,10.0,17.0,Tennessee Titans,NRG Stadium,72220,USA,RetractableDome,Houston,Artificial
2022-10-30,2022,8,Indianapolis Colts,16.0,17.0,Washington Commanders,Lucas Oil Stadium,67000,USA,RetractableDome,Indianapolis,Artificial
2022-10-30,2022,8,Jacksonville Jaguars,17.0,21.0,Denver Broncos,Wembley Stadium,67814,USA,Outdoor,Jacksonville,Grass
2022-10-30,2022,8,Los Angeles Rams,14.0,31.0,San Francisco 49ers,SoFi Stadium,70240,USA,Dome,Inglewood,Artificial
2022-10-30,2022,8,Minnesota Vikings,34.0,26.0,Arizona Cardinals,U.S. Bank Stadium,66655,USA,Dome,Minneapolis,Artificial
2022-10-30,2022,8,New Orleans Saints,24.0,0.0,Las Vegas Raiders,Caesars Superdome,73208,USA,Dome,New Orleans,Artificial
2022-10-30,2022,8,New York Jets,17.0,22.0,New England Patriots,MetLife Stadium,82500,USA,Outdoor,East Rutherford,Artificial
2022-10-30,2022,8,Philadelphia Eagles,35.0,13.0,Pittsburgh Steelers,Lincoln Financial Field,67594,USA,Outdoor,Philadelphia,Grass
2022-10-30,2022,8,Seattle Seahawks,27.0,13.0,New York Giants,Lumen Field,68740,USA,Outdoor,Seattle,Artificial
2022-10-31,2022,8,Cleveland Browns,32.0,13.0,Cincinnati Bengals,FirstEnergy Stadium,67431,USA,Outdoor,Cleveland,Grass
2022-11-03,2022,9,Houston Texans,17.0,29.0,Philadelphia Eagles,NRG Stadium,72220,USA,RetractableDome,Houston,Artificial
2022-11-06,2022,9,Arizona Cardinals,21.0,31.0,Seattle Seahawks,State Farm Stadium,63400,USA,RetractableDome,Glendale,Grass
2022-11-06,2022,9,Atlanta Falcons,17.0,20.0,Los Angeles Chargers,Mercedes-Benz Stadium,71000,USA,RetractableDome,Atlanta,Artificial
2022-11-06,2022,9,Chicago Bears,32.0,35.0,Miami Dolphins,Soldier Field,61500,USA,Outdoor,Chicago,Grass
2022-11-06,2022,9,Cincinnati Bengals,42.0,21.0,Carolina Panthers,Paycor Stadium,65515,USA,Outdoor,Cincinnati,Artificial
2022-11-06,2022,9,Detroit Lions,15.0,9.0,Green Bay Packers,Ford Field,65000,USA,Dome,Detroit,Artificial
2022-11-06,2022,9,Jacksonville Jaguars,27.0,20.0,Las Vegas Raiders,TIAA Bank Field,67814,USA,Outdoor,Jacksonville,Grass
2022-11-06,2022,9,Kansas City Chiefs,20.0,17.0,Tennessee Titans,GEHA Field at Arrowhead Stadium,76416,USA,Outdoor,Kansas City,Grass
2022-11-06,2022,9,New England Patriots,26.0,3.0,Indianapolis Colts,Gillette Stadium,64628,USA,Outdoor,Foxborough,Artificial
2022-11-06,2022,9,New York Jets,20.0,17.0,Buffalo Bills,MetLife Stadium,82500,USA,Outdoor,East Rutherford,Artificial
2022-11-06,2022,9,Tampa Bay Buccaneers,16.0,13.0,Los Angeles Rams,Raymond James Stadium,69218,USA,Outdoor,Tampa Bay,Grass
2022-11-06,2022,9,Washington Commanders,17.0,20.0,Minnesota Vikings,FedEx Field,62000,USA,Outdoor,Landover,Grass
2022-11-07,2022,9,New Orleans Saints,13.0,27.0,Baltimore Ravens,Caesars Superdome,73208,USA,Dome,New Orleans,Artificial
2022-11-10,2022,10,Carolina Panthers,25.0,15.0,Atlanta Falcons,Bank of America Stadium,74867,USA,Outdoor,Charlotte,Artificial
2022-11-13,2022,10,Buffalo Bills,30.0,33.0,Minnesota Vikings,Highmark Stadium,71608,USA,Outdoor,Orchard Park,Artificial
2022-11-13,2022,10,Chicago Bears,30.0,31.0,Detroit Lions,Soldier Field,61500,USA,Outdoor,Chicago,Grass
2022-11-13,2022,10,Green Bay Packers,31.0,28.0,Dallas Cowboys,Lambeau Field,81441,USA,Outdoor,Green Bay,Grass
2022-11-13,2022,10,Kansas City Chiefs,27.0,17.0,Jacksonville Jaguars,GEHA Field at Arrowhead Stadium,76416,USA,Outdoor,Kansas City,Grass
2022-11-13,2022,10,Las Vegas Raiders,20.0,25.0,Indianapolis Colts,Allegiant Stadium,65000,USA,Dome,Las Vegas,Grass
2022-11-13,2022,10,Los Angeles Rams,17.0,27.0,Arizona Cardinals,SoFi Stadium,70240,USA,Dome,Inglewood,Artificial
2022-11-13,2022,10,Miami Dolphins,39.0,17.0,Cleveland Browns,Hard Rock Stadium,64767,USA,Outdoor,Miami Gardens,Grass
2022-11-13,2022,10,New York Giants,24.0,16.0,Houston Texans,MetLife Stadium,82500,USA,Outdoor,East Rutherford,Artificial
2022-11-13,2022,10,Pittsburgh Steelers,20.0,10.0,New Orleans Saints,Acrisure Stadium,68400,USA,Outdoor,Pittsburgh,Grass
2022-11-13,2022,10,San Francisco 49ers,22.0,16.0,Los Angeles Chargers,Levi's Stadium,68500,USA,Outdoor,Santa Clara,Grass
2022-11-13,2022,10,Tampa Bay Buccaneers,21.0,16.0,Seattle Seahawks,Allianz Arena,69218,USA,Outdoor,Tampa Bay,Grass
2022-11-13,2022,10,Tennessee Titans,17.0,10.0,Denver Broncos,Nissan Stadium,69143,USA,Outdoor,Nashville,Grass
2022-11-14,2022,10,Philadelphia Eagles,21.0,32.0,Washington Commanders,Lincoln Financial Field,67594,USA,Outdoor,Philadelphia,Grass
2022-11-17,2022,11,Green Bay Packers,17.0,27.0,Tennessee Titans,Lambeau Field,81441,USA,Outdoor,Green Bay,Grass
2022-11-20,2022,11,Atlanta Falcons,27.0,24.0,Chicago Bears,Mercedes-Benz Stadium,71000,USA,RetractableDome,Atlanta,Artificial
2022-11-20,2022,11,Baltimore Ravens,13.0,3.0,Carolina Panthers,M&T Bank Stadium,71008,USA,Outdoor,Baltimore,Grass
2022-11-20,2022,11,Buffalo Bills,31.0,23.0,Cleveland Browns,Ford Field,71608,USA,Outdoor,Orchard Park,Artificial
2022-11-20,2022,11,Denver Broncos,16.0,22.0,Las Vegas Raiders,Empower Field at Mile High,76125,USA,Outdoor,Denver,Grass
2022-11-20,2022,11,Houston Texans,10.0,23.0,Washington Commanders,NRG Stadium,72220,USA,RetractableDome,Houston,Artificial
2022-11-20,2022,11,Indianapolis Colts,16.0,17.0,Philadelphia Eagles,Lucas Oil Stadium,67000,USA,RetractableDome,Indianapolis,Artificial
2022-11-20,2022,11,Los Angeles Chargers,27.0,30.0,Kansas City Chiefs,SoFi Stadium,47252,Brazil,Outdoor,Sao Paulo,Grass
2022-11-20,2022,11,Minnesota Vikings,3.0,40.0,Dallas Cowboys,U.S. Bank Stadium,66655,USA,Dome,Minneapolis,Artificial
2022-11-20,2022,11,New England Patriots,10.0,3.0,New York Jets,Gillette Stadium,64628,USA,Outdoor,Foxborough,Artificial
2022-11-20,2022,11,New Orleans Saints,27.0,20.0,Los Angeles Rams,Caesars Superdome,73208,USA,Dome,New Orleans,Artificial
2022-11-20,2022,11,New York Giants,18.0,31.0,Detroit Lions,MetLife Stadium,82500,USA,Outdoor,East Rutherford,Artificial
2022-11-20,2022,11,Pittsburgh Steelers,30.0,37.0,Cincinnati Bengals,Acrisure Stadium,68400,USA,Outdoor,Pittsburgh,Grass
2022-11-21,2022,11,Arizona Cardinals,10.0,38.0,San Francisco 49ers,Estadio Azteca,63400,USA,RetractableDome,Glendale,Grass
2022-11-24,2022,12,Dallas Cowboys,28.0,20.0,New York Giants,AT&T Stadium,80000,USA,RetractableDome,Arlington,Artificial
2022-11-24,2022,12,Detroit Lions,25.0,28.0,Buffalo Bills,Ford Field,65000,USA,Dome,Detroit,Artificial
2022-11-24,2022,12,Minnesota Vikings,33.0,26.0,New England Patriots,U.S. Bank Stadium,66655,USA,Dome,Minneapolis,Artificial
2022-11-27,2022,12,Arizona Cardinals,24.0,25.0,Los Angeles Chargers,State Farm Stadium,63400,USA,RetractableDome,Glendale,Grass
2022-11-27,2022,12,Carolina Panthers,23.0,10.0,Denver Broncos,Bank of America Stadium,74867,USA,Outdoor,Charlotte,Artificial
2022-11-27,2022,12,Cleveland Browns,23.0,17.0,Tampa Bay Buccaneers,FirstEnergy Stadium,67431,USA,Outdoor,Cleveland,Grass
2022-11-27,2022,12,Jacksonville Jaguars,28.0,27.0,Baltimore Ravens,TIAA Bank Field,67814,USA,Outdoor,Jacksonville,Grass
2022-11-27,2022,12,Kansas City Chiefs,26.0,10.0,Los Angeles Rams,GEHA Field at Arrowhead Stadium,76416,USA,Outdoor,Kansas City,Grass
2022-11-27,2022,12,Miami Dolphins,30.0,15.0,Houston Texans,Hard Rock Stadium,64767,USA,Outdoor,Miami Gardens,Grass
2022-11-27,2022,12,New York Jets,31.0,10.0,Chicago Bears,MetLife Stadium,82500,USA,Outdoor,East Rutherford,Artificial
2022-11-27,2022,12,Philadelphia Eagles,40.0,33.0,Green Bay Packers,Lincoln Financial Field,67594,USA,Outdoor,Philadelphia,Grass
2022-11-27,2022,12,San Francisco 49ers,13.0,0.0,New Orleans Saints,Levi's Stadium,68500,USA,Outdoor,Santa Clara,Grass
2022-11-27,2022,12,Seattle Seahawks,34.0,40.0,Las Vegas Raiders,Lumen Field,68740,USA,Outdoor,Seattle,Artificial
2022-11-27,2022,12,Tennessee Titans,16.0,20.0,Cincinnati Bengals,Nissan Stadium,69143,USA,Outdoor,Nashville,Grass
2022-11-27,2022,12,Washington Commanders,19.0,13.0,Atlanta Falcons,FedEx Field,62000,USA,Outdoor,Landover,Grass
2022-11-28,2022,12,Indianapolis Colts,17.0,24.0,Pittsburgh Steelers,Lucas Oil Stadium,67000,USA,RetractableDome,Indianapolis,Artificial
2022-12-01,2022,13,New England Patriots,10.0,24.0,Buffalo Bills,Gillette Stadium,64628,USA,Outdoor,Foxborough,Artificial
2022-12-04,2022,13,Atlanta Falcons,16.0,19.0,Pittsburgh Steelers,Mercedes-Benz Stadium,71000,USA,RetractableDome,Atlanta,Artificial
2022-12-04,2022,13,Baltimore Ravens,10.0,9.0,Denver Broncos,M&T Bank Stadium,71008,USA,Outdoor,Baltimore,Grass
2022-12-04,2022,13,Chicago Bears,19.0,28.0,Green Bay Packers,Soldier Field,61500,USA,Outdoor,Chicago,Grass
2022-12-04,2022,13,Cincinnati Bengals,27.0,24.0,Kansas City Chiefs,Paycor Stadium,65515,USA,Outdoor,Cincinnati,Artificial
2022-12-04,2022,13,Dallas Cowboys,54.0,19.0,Indianapolis Colts,AT&T Stadium,80000,USA,RetractableDome,Arlington,Artificial
2022-12-04,2022,13,Detroit Lions,40.0,14.0,Jacksonville Jaguars,Ford Field,65000,USA,Dome,Detroit,Artificial
2022-12-04,2022,13,Houston Texans,14.0,27.0,Cleveland Browns,NRG Stadium,72220,USA,RetractableDome,Houston,Artificial
2022-12-04,2022,13,Las Vegas Raiders,27.0,20.0,Los Angeles Chargers,Allegiant Stadium,65000,USA,Dome,Las Vegas,Grass
2022-12-04,2022,13,Los Angeles Rams,23.0,27.0,Seattle Seahawks,SoFi Stadium,70240,USA,Dome,Inglewood,Artificial
2022-12-04,2022,13,Minnesota Vikings,27.0,22.0,New York Jets,U.S. Bank Stadium,66655,USA,Dome,Minneapolis,Artificial
2022-12-04,2022,13,New York Giants,20.0,20.0,Washington Commanders,MetLife Stadium,82500,USA,Outdoor,East Rutherford,Artificial
2022-12-04,2022,13,Philadelphia Eagles,35.0,10.0,Tennessee Titans,Lincoln Financial Field,67594,USA,Outdoor,Philadelphia,Grass
2022-12-04,2022,13,San Francisco 49ers,33.0,17.0,Miami Dolphins,Levi's Stadium,68500,USA,Outdoor,Santa Clara,Grass
2022-12-05,2022,13,Tampa Bay Buccaneers,17.0,16.0,New Orleans Saints,Raymond James Stadium,69218,USA,Outdoor,Tampa Bay,Grass
2022-12-08,2022,14,Los Angeles Rams,17.0,16.0,Las Vegas Raiders,SoFi Stadium,70240,USA,Dome,Inglewood,Artificial
2022-12-11,2022,14,Buffalo Bills,20.0,12.0,New York Jets,Highmark Stadium,71608,USA,Outdoor,Orchard Park,Artificial
2022-12-11,2022,14,Cincinnati Bengals,23.0,10.0,Cleveland Browns,Paycor Stadium,65515,USA,Outdoor,Cincinnati,Artificial
2022-12-11,2022,14,Dallas Cowboys,27.0,23.0,Houston Texans,AT&T Stadium,80000,USA,RetractableDome,Arlington,Artificial
2022-12-11,2022,14,Denver Broncos,28.0,34.0,Kansas City Chiefs,Empower Field at Mile High,76125,USA,Outdoor,Denver,Grass
2022-12-11,2022,14,Detroit Lions,34.0,23.0,Minnesota Vikings,Ford Field,65000,USA,Dome,Detroit,Artificial
2022-12-11,2022,14,Los Angeles Chargers,23.0,17.0,Miami Dolphins,SoFi Stadium,47252,Brazil,Outdoor,Sao Paulo,Grass
2022-12-11,2022,14,New York Giants,22.0,48.0,Philadelphia Eagles,MetLife Stadium,82500,USA,Outdoor,East Rutherford,Artificial
2022-12-11,2022,14,Pittsburgh Steelers,14.0,16.0,Baltimore Ravens,Acrisure Stadium,68400,USA,Outdoor,Pittsburgh,Grass
2022-12-11,2022,14,San Francisco 49ers,35.0,7.0,Tampa Bay Buccaneers,Levi's Stadium,68500,USA,Outdoor,Santa Clara,Grass
2022-12-11,2022,14,Seattle Seahawks,24.0,30.0,Carolina Panthers,Lumen Field,68740,USA,Outdoor,Seattle,Artificial
2022-12-11,2022,14,Tennessee Titans,22.0,36.0,Jacksonville Jaguars,Nissan Stadium,69143,USA,Outdoor,Nashville,Grass
2022-12-12,2022,14,Arizona Cardinals,13.0,27.0,New England Patriots,State Farm Stadium,63400,USA,RetractableDome,Glendale,Grass
2022-12-15,2022,15,Seattle Seahawks,13.0,21.0,San Francisco 49ers,Lumen Field,68740,USA,Outdoor,Seattle,Artificial
2022-12-17,2022,15,Buffalo Bills,32.0,29.0,Miami Dolphins,Highmark Stadium,71608,USA,Outdoor,Orchard Park,Artificial
2022-12-17,2022,15,Cleveland Browns,13.0,3.0,Baltimore Ravens,FirstEnergy Stadium,67431,USA,Outdoor,Cleveland,Grass
2022-12-17,2022,15,Minnesota Vikings,39.0,36.0,Indianapolis Colts,U.S. Bank Stadium,66655,USA,Dome,Minneapolis,Artificial
2022-12-18,2022,15,Carolina Panthers,16.0,24.0,Pittsburgh Steelers,Bank of America Stadium,74867,USA,Outdoor,Charlotte,Artificial
2022-12-18,2022,15,Chicago Bears,20.0,25.0,Philadelphia Eagles,Soldier Field,61500,USA,Outdoor,Chicago,Grass
2022-12-18,2022,15,Denver Broncos,24.0,15.0,Arizona Cardinals,Empower Field at Mile High,76125,USA,Outdoor,Denver,Grass
2022-12-18,2022,15,Houston Texans,24.0,30.0,Kansas City Chiefs,NRG Stadium,72220,USA,RetractableDome,Houston,Artificial
2022-12-18,2022,15,Jacksonville Jaguars,40.0,34.0,Dallas Cowboys,TIAA Bank Field,67814,USA,Outdoor,Jacksonville,Grass
2022-12-18,2022,15,Las Vegas Raiders,30.0,24.0,New England Patriots,Allegiant Stadium,65000,USA,Dome,Las Vegas,Grass
2022-12-18,2022,15,Los Angeles Chargers,17.0,14.0,Tennessee Titans,SoFi Stadium,47252,Brazil,Outdoor,Sao Paulo,Grass
2022-12-18,2022,15,New Orleans Saints,21.0,18.0,Atlanta Falcons,Caesars Superdome,73208,USA,Dome,New Orleans,Artificial
2022-12-18,2022,15,New York Jets,17.0,20.0,Detroit Lions,MetLife Stadium,82500,USA,Outdoor,East Rutherford,Artificial
2022-12-18,2022,15,Tampa Bay Buccaneers,23.0,34.0,Cincinnati Bengals,Raymond James Stadium,69218,USA,Outdoor,Tampa Bay,Grass
2022-12-18,2022,15,Washington Commanders,12.0,20.0,New York Giants,FedEx Field,62000,USA,Outdoor,Landover,Grass
2022-12-19,2022,15,Green Bay Packers,24.0,12.0,Los Angeles Rams,Lambeau Field,81441,USA,Outdoor,Green Bay,Grass
2022-12-22,2022,16,New York Jets,3.0,19.0,Jacksonville Jaguars,MetLife Stadium,82500,USA,Outdoor,East Rutherford,Artificial
2022-12-24,2022,16,Baltimore Ravens,17.0,9.0,Atlanta Falcons,M&T Bank Stadium,71008,USA,Outdoor,Baltimore,Grass
2022-12-24,2022,16,Carolina Panthers,37.0,23.0,Detroit Lions,Bank of America Stadium,74867,USA,Outdoor,Charlotte,Artificial
2022-12-24,2022,16,Chicago Bears,13.0,35.0,Buffalo Bills,Soldier Field,61500,USA,Outdoor,Chicago,Grass
2022-12-24,2022,16,Cleveland Browns,10.0,17.0,New Orleans Saints,FirstEnergy Stadium,67431,USA,Outdoor,Cleveland,Grass
2022-12-24,2022,16,Dallas Cowboys,40.0,34.0,Philadelphia Eagles,AT&T Stadium,80000,USA,RetractableDome,Arlington,Artificial
2022-12-24,2022,16,Kansas City Chiefs,24.0,10.0,Seattle Seahawks,GEHA Field at Arrowhead Stadium,76416,USA,Outdoor,Kansas City,Grass
2022-12-24,2022,16,Minnesota Vikings,27.0,24.0,New York Giants,U.S. Bank Stadium,66655,USA,Dome,Minneapolis,Artificial
2022-12-24,2022,16,New England Patriots,18.0,22.0,Cincinnati Bengals,Gillette Stadium,64628,USA,Outdoor,Foxborough,Artificial
2022-12-24,2022,16,Pittsburgh Steelers,13.0,10.0,Las Vegas Raiders,Acrisure Stadium,68400,USA,Outdoor,Pittsburgh,Grass
2022-12-24,2022,16,San Francisco 49ers,37.0,20.0,Washington Commanders,Levi's Stadium,68500,USA,Outdoor,Santa Clara,Grass
2022-12-24,2022,16,Tennessee Titans,14.0,19.0,Houston Texans,Nissan Stadium,69143,USA,Outdoor,Nashville,Grass
2022-12-25,2022,16,Arizona Cardinals,16.0,19.0,Tampa Bay Buccaneers,State Farm Stadium,63400,USA,RetractableDome,Glendale,Grass
2022-12-25,2022,16,Los Angeles Rams,51.0,14.0,Denver Broncos,SoFi Stadium,70240,USA,Dome,Inglewood,Artificial
2022-12-25,2022,16,Miami Dolphins,20.0,26.0,Green Bay Packers,Hard Rock Stadium,64767,USA,Outdoor,Miami Gardens,Grass
2022-12-26,2022,16,Indianapolis Colts,3.0,20.0,Los Angeles Chargers,Lucas Oil Stadium,67000,USA,RetractableDome,Indianapolis,Artificial
2022-12-29,2022,17,Tennessee Titans,13.0,27.0,Dallas Cowboys,Nissan Stadium,69143,USA,Outdoor,Nashville,Grass
2023-01-01,2022,17,Atlanta Falcons,20.0,19.0,Arizona Cardinals,Mercedes-Benz Stadium,71000,USA,RetractableDome,Atlanta,Artificial
2023-01-01,2022,17,Baltimore Ravens,13.0,16.0,Pittsburgh Steelers,M&T Bank Stadium,71008,USA,Outdoor,Baltimore,Grass
2023-01-01,2022,17,Detroit Lions,41.0,10.0,Chicago Bears,Ford Field,65000,USA,Dome,Detroit,Artificial
2023-01-01,2022,17,Green Bay Packers,41.0,17.0,Minnesota Vikings,Lambeau Field,81441,USA,Outdoor,Green Bay,Grass
2023-01-01,2022,17,Houston Texans,3.0,31.0,Jacksonville Jaguars,NRG Stadium,72220,USA,RetractableDome,Houston,Artificial
2023-01-01,2022,17,Kansas City Chiefs,27.0,24.0,Denver Broncos,GEHA Field at Arrowhead Stadium,76416,USA,Outdoor,Kansas City,Grass
2023-01-01,2022,17,Las Vegas Raiders,34.0,37.0,San Francisco 49ers,Allegiant Stadium,65000,USA,Dome,Las Vegas,Grass
2023-01-01,2022,17,Los Angeles Chargers,31.0,10.0,Los Angeles Rams,SoFi Stadium,47252,Brazil,Outdoor,Sao Paulo,Grass
2023-01-01,2022,17,New England Patriots,23.0,21.0,Miami Dolphins,Gillette Stadium,64628,USA,Outdoor,Foxborough,Artificial
2023-01-01,2022,17,New York Giants,38.0,10.0,Indianapolis Colts,MetLife Stadium,82500,USA,Outdoor,East Rutherford,Artificial
2023-01-01,2022,17,Philadelphia Eagles,10.0,20.0,New Orleans Saints,Lincoln Financial Field,67594,USA,Outdoor,Philadelphia,Grass
2023-01-01,2022,17,Seattle Seahawks,23.0,6.0,New York Jets,Lumen Field,68740,USA,Outdoor,Seattle,Artificial
2023-01-01,2022,17,Tampa Bay Buccaneers,30.0,24.0,Carolina Panthers,Raymond James Stadium,69218,USA,Outdoor,Tampa Bay,Grass
2023-01-01,2022,17,Washington Commanders,10.0,24.0,Cleveland Browns,FedEx Field,62000,USA,Outdoor,Landover,Grass
2023-01-07,2022,18,Jacksonville Jaguars,20.0,16.0,Tennessee Titans,TIAA Bank Field,67814,USA,Outdoor,Jacksonville,Grass
2023-01-07,2022,18,Las Vegas Raiders,13.0,31.0,Kansas City Chiefs,Allegiant Stadium,65000,USA,Dome,Las Vegas,Grass
2023-01-08,2022,18,Atlanta Falcons,30.0,17.0,Tampa Bay Buccaneers,Mercedes-Benz Stadium,71000,USA,RetractableDome,Atlanta,Artificial
2023-01-08,2022,18,Buffalo Bills,35.0,23.0,New England Patriots,Highmark Stadium,71608,USA,Outdoor,Orchard Park,Artificial
2023-01-08,2022,18,Chicago Bears,13.0,29.0,Minnesota Vikings,Soldier Field,61500,USA,Outdoor,Chicago,Grass
2023-01-08,2022,18,Cincinnati Bengals,27.0,16.0,Baltimore Ravens,Paycor Stadium,65515,USA,Outdoor,Cincinnati,Artificial
2023-01-08,2022,18,Denver Broncos,31.0,28.0,Los Angeles Chargers,Empower Field at Mile High,76125,USA,Outdoor,Denver,Grass
2023-01-08,2022,18,Green Bay Packers,16.0,20.0,Detroit Lions,Lambeau Field,81441,USA,Outdoor,Green Bay,Grass
2023-01-08,2022,18,Indianapolis Colts,31.0,32.0,Houston Texans,Lucas Oil Stadium,67000,USA,RetractableDome,Indianapolis,Artificial
2023-01-08,2022,18,Miami Dolphins,11.0,6.0,New York Jets,Hard Rock Stadium,64767,USA,Outdoor,Miami Gardens,Grass
2023-01-08,2022,18,New Orleans Saints,7.0,10.0,Carolina Panthers,Caesars Superdome,73208,USA,Dome,New Orleans,Artificial
2023-01-08,2022,18,Philadelphia Eagles,22.0,16.0,New York Giants,Lincoln Financial Field,67594,USA,Outdoor,Philadelphia,Grass
2023-01-08,2022,18,Pittsburgh Steelers,28.0,14.0,Cleveland Browns,Acrisure Stadium,68400,USA,Outdoor,Pittsburgh,Grass
2023-01-08,2022,18,San Francisco 49ers,38.0,13.0,Arizona Cardinals,Levi's Stadium,68500,USA,Outdoor,Santa Clara,Grass
2023-01-08,2022,18,Seattle Seahawks,19.0,16.0,Los Angeles Rams,Lumen Field,68740,USA,Outdoor,Seattle,Artificial
2023-01-08,2022,18,Washington Commanders,26.0,6.0,Dallas Cowboys,FedEx Field,62000,USA,Outdoor,Landover,Grass
2023-09-07,2023,1,Kansas City Chiefs,20.0,21.0,Detroit Lions,GEHA Field at Arrowhead Stadium,76416,USA,Outdoor,Kansas City,Grass
2023-09-10,2023,1,Atlanta Falcons,24.0,10.0,Carolina Panthers,Mercedes-Benz Stadium,71000,USA,RetractableDome,Atlanta,Artificial
2023-09-10,2023,1,Baltimore Ravens,25.0,9.0,Houston Texans,M&T Bank Stadium,71008,USA,Outdoor,Baltimore,Grass
2023-09-10,2023,1,Chicago Bears,20.0,38.0,Green Bay Packers,Soldier Field,61500,USA,Outdoor,Chicago,Grass
2023-09-10,2023,1,Cleveland Browns,24.0,3.0,Cincinnati Bengals,FirstEnergy Stadium,67431,USA,Outdoor,Cleveland,Grass
2023-09-10,2023,1,Denver Broncos,16.0,17.0,Las Vegas Raiders,Empower Field at Mile High,76125,USA,Outdoor,Denver,Grass
2023-09-10,2023,1,Indianapolis Colts,21.0,31.0,Jacksonville Jaguars,Lucas Oil Stadium,67000,USA,RetractableDome,Indianapolis,Artificial
2023-09-10,2023,1,Los Angeles Chargers,34.0,36.0,Miami Dolphins,SoFi Stadium,47252,Brazil,Outdoor,Sao Paulo,Grass
2023-09-10,2023,1,Minnesota Vikings,17.0,20.0,Tampa Bay Buccaneers,U.S. Bank Stadium,66655,USA,Dome,Minneapolis,Artificial
2023-09-10,2023,1,New England Patriots,20.0,25.0,Philadelphia Eagles,Gillette Stadium,64628,USA,Outdoor,Foxborough,Artificial
2023-09-10,2023,1,New Orleans Saints,16.0,15.0,Tennessee Titans,Caesars Superdome,73208,USA,Dome,New Orleans,Artificial
2023-09-10,2023,1,New York Giants,0.0,40.0,Dallas Cowboys,MetLife Stadium,82500,USA,Outdoor,East Rutherford,Artificial
2023-09-10,2023,1,Pittsburgh Steelers,7.0,30.0,San Francisco 49ers,Acrisure Stadium,68400,USA,Outdoor,Pittsburgh,Grass
2023-09-10,2023,1,Seattle Seahawks,13.0,30.0,Los Angeles Rams,Lumen Field,68740,USA,Outdoor,Seattle,Artificial
2023-09-10,2023,1,Washington Commanders,20.0,16.0,Arizona Cardinals,FedEx Field,62000,USA,Outdoor,Landover,Grass
2023-09-11,2023,1,New York Jets,22.0,16.0,Buffalo Bills,MetLife Stadium,82500,USA,Outdoor,East Rutherford,Artificial
2023-09-14,2023,2,Philadelphia Eagles,34.0,28.0,Minnesota Vikings,Lincoln Financial Field,67594,USA,Outdoor,Philadelphia,Grass
2023-09-17,2023,2,Arizona Cardinals,28.0,31.0,New York Giants,State Farm Stadium,63400,USA,RetractableDome,Glendale,Grass
2023-09-17,2023,2,Atlanta Falcons,25.0,24.0,Green Bay Packers,Mercedes-Benz Stadium,71000,USA,RetractableDome,Atlanta,Artificial
2023-09-17,2023,2,Buffalo Bills,38.0,10.0,Las Vegas Raiders,Highmark Stadium,71608,USA,Outdoor,Orchard Park,Artificial
2023-09-17,2023,2,Cincinnati Bengals,24.0,27.0,Baltimore Ravens,Paycor Stadium,65515,USA,Outdoor,Cincinnati,Artificial
2023-09-17,2023,2,Dallas Cowboys,30.0,10.0,New York Jets,AT&T Stadium,80000,USA,RetractableDome,Arlington,Artificial
2023-09-17,2023,2,Denver Broncos,33.0,35.0,Washington Commanders,Empower Field at Mile High,76125,USA,Outdoor,Denver,Grass
2023-09-17,2023,2,Detroit Lions,31.0,37.0,Seattle Seahawks,Ford Field,65000,USA,Dome,Detroit,Artificial
2023-09-17,2023,2,Houston Texans,20.0,31.0,Indianapolis Colts,NRG Stadium,72220,USA,RetractableDome,Houston,Artificial
2023-09-17,2023,2,Jacksonville Jaguars,9.0,17.0,Kansas City Chiefs,TIAA Bank Field,67814,USA,Outdoor,Jacksonville,Grass
2023-09-17,2023,2,Los Angeles Rams,23.0,30.0,San Francisco 49ers,SoFi Stadium,70240,USA,Dome,Inglewood,Artificial
2023-09-17,2023,2,New England Patriots,17.0,24.0,Miami Dolphins,Gillette Stadium,64628,USA,Outdoor,Foxborough,Artificial
2023-09-17,2023,2,Tampa Bay Buccaneers,27.0,17.0,Chicago Bears,Raymond James Stadium,69218,USA,Outdoor,Tampa Bay,Grass
2023-09-17,2023,2,Tennessee Titans,27.0,24.0,Los Angeles Chargers,Nissan Stadium,69143,USA,Outdoor,Nashville,Grass
2023-09-18,2023,2,Carolina Panthers,17.0,20.0,New Orleans Saints,Bank of America Stadium,74867,USA,Outdoor,Charlotte,Artificial
2023-09-18,2023,2,Pittsburgh Steelers,26.0,22.0,Cleveland Browns,Acrisure Stadium,68400,USA,Outdoor,Pittsburgh,Grass
2023-09-21,2023,3,San Francisco 49ers,30.0,12.0,New York Giants,Levi's Stadium,68500,USA,Outdoor,Santa Clara,Grass
2023-09-24,2023,3,Arizona Cardinals,28.0,16.0,Dallas Cowboys,State Farm Stadium,63400,USA,RetractableDome,Glendale,Grass
2023-09-24,2023,3,Baltimore Ravens,19.0,22.0,Indianapolis Colts,M&T Bank Stadium,71008,USA,Outdoor,Baltimore,Grass
2023-09-24,2023,3,Cleveland Browns,27.0,3.0,Tennessee Titans,FirstEnergy Stadium,67431,USA,Outdoor,Cleveland,Grass
2023-09-24,2023,3,Detroit Lions,20.0,6.0,Atlanta Falcons,Ford Field,65000,USA,Dome,Detroit,Artificial
2023-09-24,2023,3,Green Bay Packers,18.0,17.0,New Orleans Saints,Lambeau Field,81441,USA,Outdoor,Green Bay,Grass
2023-09-24,2023,3,Jacksonville Jaguars,17.0,37.0,Houston Texans,TIAA Bank Field,67814,USA,Outdoor,Jacksonville,Grass
2023-09-24,2023,3,Kansas City Chiefs,41.0,10.0,Chicago Bears,GEHA Field at Arrowhead Stadium,76416,USA,Outdoor,Kansas City,Grass
2023-09-24,2023,3,Las Vegas Raiders,18.0,23.0,Pittsburgh Steelers,Allegiant Stadium,65000,USA,Dome,Las Vegas,Grass
2023-09-24,2023,3,Miami Dolphins,70.0,20.0,Denver Broncos,Hard Rock Stadium,64767,USA,Outdoor,Miami Gardens,Grass
2023-09-24,2023,3,Minnesota Vikings,24.0,28.0,Los Angeles Chargers,U.S. Bank Stadium,66655,USA,Dome,Minneapolis,Artificial
2023-09-24,2023,3,New York Jets,10.0,15.0,New England Patriots,MetLife Stadium,82500,USA,Outdoor,East Rutherford,Artificial
2023-09-24,2023,3,Seattle Seahawks,37.0,27.0,Carolina Panthers,Lumen Field,68740,USA,Outdoor,Seattle,Artificial
2023-09-24,2023,3,Washington Commanders,3.0,37.0,Buffalo Bills,FedEx Field,62000,USA,Outdoor,Landover,Grass
2023-09-25,2023,3,Cincinnati Bengals,19.0,16.0,Los Angeles Rams,Paycor Stadium,65515,USA,Outdoor,Cincinnati,Artificial
2023-09-25,2023,3,Tampa Bay Buccaneers,11.0,25.0,Philadelphia Eagles,Raymond James Stadium,69218,USA,Outdoor,Tampa Bay,Grass
2023-09-28,2023,4,Green Bay Packers,20.0,34.0,Detroit Lions,Lambeau Field,81441,USA,Outdoor,Green Bay,Grass
2023-10-01,2023,4,Buffalo Bills,48.0,20.0,Miami Dolphins,Highmark Stadium,71608,USA,Outdoor,Orchard Park,Artificial
2023-10-01,2023,4,Carolina Panthers,13.0,21.0,Minnesota Vikings,Bank of America Stadium,74867,USA,Outdoor,Charlotte,Artificial
2023-10-01,2023,4,Chicago Bears,28.0,31.0,Denver Broncos,Soldier Field,61500,USA,Outdoor,Chicago,Grass
2023-10-01,2023,4,Cleveland Browns,3.0,28.0,Baltimore Ravens,FirstEnergy Stadium,67431,USA,Outdoor,Cleveland,Grass
2023-10-01,2023,4,Dallas Cowboys,38.0,3.0,New England Patriots,AT&T Stadium,80000,USA,RetractableDome,Arlington,Artificial
2023-10-01,2023,4,Houston Texans,30.0,6.0,Pittsburgh Steelers,NRG Stadium,72220,USA,RetractableDome,Houston,Artificial
2023-10-01,2023,4,Indianapolis Colts,23.0,29.0,Los Angeles Rams,Lucas Oil Stadium,67000,USA,RetractableDome,Indianapolis,Artificial
2023-10-01,2023,4,Jacksonville Jaguars,23.0,7.0,Atlanta Falcons,Wembley Stadium,67814,USA,Outdoor,Jacksonville,Grass
2023-10-01,2023,4,Los Angeles Chargers,24.0,17.0,Las Vegas Raiders,SoFi Stadium,47252,Brazil,Outdoor,Sao Paulo,Grass
2023-10-01,2023,4,New Orleans Saints,9.0,26.0,Tampa Bay Buccaneers,Caesars Superdome,73208,USA,Dome,New Orleans,Artificial
2023-10-01,2023,4,New York Jets,20.0,23.0,Kansas City Chiefs,MetLife Stadium,82500,USA,Outdoor,East Rutherford,Artificial
2023-10-01,2023,4,Philadelphia Eagles,34.0,31.0,Washington Commanders,Lincoln Financial Field,67594,USA,Outdoor,Philadelphia,Grass
2023-10-01,2023,4,San Francisco 49ers,35.0,16.0,Arizona Cardinals,Levi's Stadium,68500,USA,Outdoor,Santa Clara,Grass
2023-10-01,2023,4,Tennessee Titans,27.0,3.0,Cincinnati Bengals,Nissan Stadium,69143,USA,Outdoor,Nashville,Grass
2023-10-02,2023,4,New York Giants,3.0,24.0,Seattle Seahawks,MetLife Stadium,82500,USA,Outdoor,East Rutherford,Artificial
2023-10-05,2023,5,Washington Commanders,20.0,40.0,Chicago Bears,FedEx Field,62000,USA,Outdoor,Landover,Grass
2023-10-08,2023,5,Arizona Cardinals,20.0,34.0,Cincinnati Bengals,State Farm Stadium,63400,USA,RetractableDome,Glendale,Grass
2023-10-08,2023,5,Atlanta Falcons,21.0,19.0,Houston Texans,Mercedes-Benz Stadium,71000,USA,RetractableDome,Atlanta,Artificial
2023-10-08,2023,5,Buffalo Bills,20.0,25.0,Jacksonville Jaguars,Tottenham Hotspur Stadium,71608,USA,Outdoor,Orchard Park,Artificial
2023-10-08,2023,5,Denver Broncos,21.0,31.0,New York Jets,Empower Field at Mile High,76125,USA,Outdoor,Denver,Grass
2023-10-08,2023,5,Detroit Lions,42.0,24.0,Carolina Panthers,Ford Field,65000,USA,Dome,Detroit,Artificial
2023-10-08,2023,5,Indianapolis Colts,23.0,16.0,Tennessee Titans,Lucas Oil Stadium,67000,USA,RetractableDome,Indianapolis,Artificial
2023-10-08,2023,5,Los Angeles Rams,14.0,23.0,Philadelphia Eagles,SoFi Stadium,70240,USA,Dome,Inglewood,Artificial
2023-10-08,2023,5,Miami Dolphins,31.0,16.0,New York Giants,Hard Rock Stadium,64767,USA,Outdoor,Miami Gardens,Grass
2023-10-08,2023,5,Minnesota Vikings,20.0,27.0,Kansas City Chiefs,U.S. Bank Stadium,66655,USA,Dome,Minneapolis,Artificial
2023-10-08,2023,5,New England Patriots,0.0,34.0,New Orleans Saints,Gillette Stadium,64628,USA,Outdoor,Foxborough,Artificial
2023-10-08,2023,5,Pittsburgh Steelers,17.0,10.0,Baltimore Ravens,Acrisure Stadium,68400,USA,Outdoor,Pittsburgh,Grass
2023-10-08,2023,5,San Francisco 49ers,42.0,10.0,Dallas Cowboys,Levi's Stadium,68500,USA,Outdoor,Santa Clara,Grass
2023-10-09,2023,5,Las Vegas Raiders,17.0,13.0,Green Bay Packers,Allegiant Stadium,65000,USA,Dome,Las Vegas,Grass
2023-10-12,2023,6,Kansas City Chiefs,19.0,8.0,Denver Broncos,GEHA Field at Arrowhead Stadium,76416,USA,Outdoor,Kansas City,Grass
2023-10-15,2023,6,Atlanta Falcons,16.0,24.0,Washington Commanders,Mercedes-Benz Stadium,71000,USA,RetractableDome,Atlanta,Artificial
2023-10-15,2023,6,Buffalo Bills,14.0,9.0,New York Giants,Highmark Stadium,71608,USA,Outdoor,Orchard Park,Artificial
2023-10-15,2023,6,Chicago Bears,13.0,19.0,Minnesota Vikings,Soldier Field,61500,USA,Outdoor,Chicago,Grass
2023-10-15,2023,6,Cincinnati Bengals,17.0,13.0,Seattle Seahawks,Paycor Stadium,65515,USA,Outdoor,Cincinnati,Artificial
2023-10-15,2023,6,Cleveland Browns,19.0,17.0,San Francisco 49ers,FirstEnergy Stadium,67431,USA,Outdoor,Cleveland,Grass
2023-10-15,2023,6,Houston Texans,20.0,13.0,New Orleans Saints,NRG Stadium,72220,USA,RetractableDome,Houston,Artificial
2023-10-15,2023,6,Jacksonville Jaguars,37.0,20.0,Indianapolis Colts,TIAA Bank Field,67814,USA,Outdoor,Jacksonville,Grass
2023-10-15,2023,6,Las Vegas Raiders,21.0,17.0,New England Patriots,Allegiant Stadium,65000,USA,Dome,Las Vegas,Grass
2023-10-15,2023,6,Los Angeles Rams,26.0,9.0,Arizona Cardinals,SoFi Stadium,70240,USA,Dome,Inglewood,Artificial
2023-10-15,2023,6,Miami Dolphins,42.0,21.0,Carolina Panthers,Hard Rock Stadium,64767,USA,Outdoor,Miami Gardens,Grass
2023-10-15,2023,6,New York Jets,20.0,14.0,Philadelphia Eagles,MetLife Stadium,82500,USA,Outdoor,East Rutherford,Artificial
2023-10-15,2023,6,Tampa Bay Buccaneers,6.0,20.0,Detroit Lions,Raymond James Stadium,69218,USA,Outdoor,Tampa Bay,Grass
2023-10-15,2023,6,Tennessee Titans,16.0,24.0,Baltimore Ravens,Tottenham Hotspur Stadium,69143,USA,Outdoor,Nashville,Grass
2023-10-16,2023,6,Los Angeles Chargers,17.0,20.0,Dallas Cowboys,SoFi Stadium,47252,Brazil,Outdoor,Sao Paulo,Grass
2023-10-19,2023,7,New Orleans Saints,24.0,31.0,Jacksonville Jaguars,Caesars Superdome,73208,USA,Dome,New Orleans,Artificial
2023-10-22,2023,7,Baltimore Ravens,38.0,6.0,Detroit Lions,M&T Bank Stadium,71008,USA,Outdoor,Baltimore,Grass
2023-10-22,2023,7,Chicago Bears,30.0,12.0,Las Vegas Raiders,Soldier Field,61500,USA,Outdoor,Chicago,Grass
2023-10-22,2023,7,Denver Broncos,19.0,17.0,Green Bay Packers,Empower Field at Mile High,76125,USA,Outdoor,Denver,Grass
2023-10-22,2023,7,Indianapolis Colts,38.0,39.0,Cleveland Browns,Lucas Oil Stadium,67000,USA,RetractableDome,Indianapolis,Artificial
2023-10-22,2023,7,Kansas City Chiefs,31.0,17.0,Los Angeles Chargers,GEHA Field at Arrowhead Stadium,76416,USA,Outdoor,Kansas City,Grass
2023-10-22,2023,7,Los Angeles Rams,17.0,24.0,Pittsburgh Steelers,SoFi Stadium,70240,USA,Dome,Inglewood,Artificial
2023-10-22,2023,7,New England Patriots,29.0,25.0,Buffalo Bills,Gillette Stadium,64628,USA,Outdoor,Foxborough,Artificial
2023-10-22,2023,7,New York Giants,14.0,7.0,Washington Commanders,MetLife Stadium,82500,USA,Outdoor,East Rutherford,Artificial
2023-10-22,2023,7,Philadelphia Eagles,31.0,17.0,Miami Dolphins,Lincoln Financial Field,67594,USA,Outdoor,Philadelphia,Grass
2023-10-22,2023,7,Seattle Seahawks,20.0,10.0,Arizona Cardinals,Lumen Field,68740,USA,Outdoor,Seattle,Artificial
2023-10-22,2023,7,Tampa Bay Buccaneers,13.0,16.0,Atlanta Falcons,Raymond James Stadium,69218,USA,Outdoor,Tampa Bay,Grass
2023-10-23,2023,7,Minnesota Vikings,22.0,17.0,San Francisco 49ers,U.S. Bank Stadium,66655,USA,Dome,Minneapolis,Artificial
2023-10-26,2023,8,Buffalo Bills,24.0,18.0,Tampa Bay Buccaneers,Highmark Stadium,71608,USA,Outdoor,Orchard Park,Artificial
2023-10-29,2023,8,Arizona Cardinals,24.0,31.0,Baltimore Ravens,State Farm Stadium,63400,USA,RetractableDome,Glendale,Grass
2023-10-29,2023,8,Carolina Panthers,15.0,13.0,Houston Texans,Bank of America Stadium,74867,USA,Outdoor,Charlotte,Artificial
2023-10-29,2023,8,Dallas Cowboys,43.0,20.0,Los Angeles Rams,AT&T Stadium,80000,USA,RetractableDome,Arlington,Artificial
2023-10-29,2023,8,Denver Broncos,24.0,9.0,Kansas City Chiefs,Empower Field at Mile High,76125,USA,Outdoor,Denver,Grass
2023-10-29,2023,8,Green Bay Packers,10.0,24.0,Minnesota Vikings,Lambeau Field,81441,USA,Outdoor,Green Bay,Grass
2023-10-29,2023,8,Indianapolis Colts,27.0,38.0,New Orleans Saints,Lucas Oil Stadium,67000,USA,RetractableDome,Indianapolis,Artificial
2023-10-29,2023,8,Los Angeles Chargers,30.0,13.0,Chicago Bears,SoFi Stadium,47252,Brazil,Outdoor,Sao Paulo,Grass
2023-10-29,2023,8,Miami Dolphins,31.0,17.0,New England Patriots,Hard Rock Stadium,64767,USA,Outdoor,Miami Gardens,Grass
2023-10-29,2023,8,New York Giants,10.0,13.0,New York Jets,MetLife Stadium,82500,USA,Outdoor,East Rutherford,Artificial
2023-10-29,2023,8,Pittsburgh Steelers,10.0,20.0,Jacksonville Jaguars,Acrisure Stadium,68400,USA,Outdoor,Pittsburgh,Grass
2023-10-29,2023,8,San Francisco 49ers,17.0,31.0,Cincinnati Bengals,Levi's Stadium,68500,USA,Outdoor,Santa Clara,Grass
2023-10-29,2023,8,Seattle Seahawks,24.0,20.0,Cleveland Browns,Lumen Field,68740,USA,Outdoor,Seattle,Artificial
2023-10-29,2023,8,Tennessee Titans,28.0,23.0,Atlanta Falcons,Nissan Stadium,69143,USA,Outdoor,Nashville,Grass
2023-10-29,2023,8,Washington Commanders,31.0,38.0,Philadelphia Eagles,FedEx Field,62000,USA,Outdoor,Landover,Grass
2023-10-30,2023,8,Detroit Lions,26.0,14.0,Las Vegas Raiders,Ford Field,65000,USA,Dome,Detroit,Artificial
2023-11-02,2023,9,Pittsburgh Steelers,20.0,16.0,Tennessee Titans,Acrisure Stadium,68400,USA,Outdoor,Pittsburgh,Grass
2023-11-05,2023,9,Atlanta Falcons,28.0,31.0,Minnesota Vikings,Mercedes-Benz Stadium,71000,USA,RetractableDome,Atlanta,Artificial
2023-11-05,2023,9,Baltimore Ravens,37.0,3.0,Seattle Seahawks,M&T Bank Stadium,71008,USA,Outdoor,Baltimore,Grass
2023-11-05,2023,9,Carolina Panthers,13.0,27.0,Indianapolis Colts,Bank of America Stadium,74867,USA,Outdoor,Charlotte,Artificial
2023-11-05,2023,9,Cincinnati Bengals,24.0,18.0,Buffalo Bills,Paycor Stadium,65515,USA,Outdoor,Cincinnati,Artificial
2023-11-05,2023,9,Cleveland Browns,27.0,0.0,Arizona Cardinals,FirstEnergy Stadium,67431,USA,Outdoor,Cleveland,Grass
2023-11-05,2023,9,Green Bay Packers,20.0,3.0,Los Angeles Rams,Lambeau Field,81441,USA,Outdoor,Green Bay,Grass
2023-11-05,2023,9,Houston Texans,39.0,37.0,Tampa Bay Buccaneers,NRG Stadium,72220,USA,RetractableDome,Houston,Artificial
2023-11-05,2023,9,Kansas City Chiefs,21.0,14.0,Miami Dolphins,Frankfurt Stadium,76416,USA,Outdoor,Kansas City,Grass
2023-11-05,2023,9,Las Vegas Raiders,30.0,6.0,New York Giants,Allegiant Stadium,65000,USA,Dome,Las Vegas,Grass
2023-11-05,2023,9,New England Patriots,17.0,20.0,Washington Commanders,Gillette Stadium,64628,USA,Outdoor,Foxborough,Artificial
2023-11-05,2023,9,New Orleans Saints,24.0,17.0,Chicago Bears,Caesars Superdome,73208,USA,Dome,New Orleans,Artificial
2023-11-05,2023,9,Philadelphia Eagles,28.0,23.0,Dallas Cowboys,Lincoln Financial Field,67594,USA,Outdoor,Philadelphia,Grass
2023-11-06,2023,9,New York Jets,6.0,27.0,Los Angeles Chargers,MetLife Stadium,82500,USA,Outdoor,East Rutherford,Artificial
2023-11-09,2023,10,Chicago Bears,16.0,13.0,Carolina Panthers,Soldier Field,61500,USA,Outdoor,Chicago,Grass
2023-11-12,2023,10,Arizona Cardinals,25.0,23.0,Atlanta Falcons,State Farm Stadium,63400,USA,RetractableDome,Glendale,Grass
2023-11-12,2023,10,Baltimore Ravens,31.0,33.0,Cleveland Browns,M&T Bank Stadium,71008,USA,Outdoor,Baltimore,Grass
2023-11-12,2023,10,Cincinnati Bengals,27.0,30.0,Houston Texans,Paycor Stadium,65515,USA,Outdoor,Cincinnati,Artificial
2023-11-12,2023,10,Dallas Cowboys,49.0,17.0,New York Giants,AT&T Stadium,80000,USA,RetractableDome,Arlington,Artificial
2023-11-12,2023,10,Jacksonville Jaguars,3.0,34.0,San Francisco 49ers,TIAA Bank Field,67814,USA,Outdoor,Jacksonville,Grass
2023-11-12,2023,10,Las Vegas Raiders,16.0,12.0,New York Jets,Allegiant Stadium,65000,USA,Dome,Las Vegas,Grass
2023-11-12,2023,10,Los Angeles Chargers,38.0,41.0,Detroit Lions,SoFi Stadium,47252,Brazil,Outdoor,Sao Paulo,Grass
2023-11-12,2023,10,Minnesota Vikings,27.0,19.0,New Orleans Saints,U.S. Bank Stadium,66655,USA,Dome,Minneapolis,Artificial
2023-11-12,2023,10,New England Patriots,6.0,10.0,Indianapolis Colts,Frankfurt Stadium,64628,USA,Outdoor,Foxborough,Artificial
2023-11-12,2023,10,Pittsburgh Steelers,23.0,19.0,Green Bay Packers,Acrisure Stadium,68400,USA,Outdoor,Pittsburgh,Grass
2023-11-12,2023,10,Seattle Seahawks,29.0,26.0,Washington Commanders,Lumen Field,68740,USA,Outdoor,Seattle,Artificial
2023-11-12,2023,10,Tampa Bay Buccaneers,20.0,6.0,Tennessee Titans,Raymond James Stadium,69218,USA,Outdoor,Tampa Bay,Grass
2023-11-13,2023,10,Buffalo Bills,22.0,24.0,Denver Broncos,Highmark Stadium,71608,USA,Outdoor,Orchard Park,Artificial
2023-11-16,2023,11,Baltimore Ravens,34.0,20.0,Cincinnati Bengals,M&T Bank Stadium,71008,USA,Outdoor,Baltimore,Grass
2023-11-19,2023,11,Buffalo Bills,32.0,6.0,New York Jets,Highmark Stadium,71608,USA,Outdoor,Orchard Park,Artificial
2023-11-19,2023,11,Carolina Panthers,10.0,33.0,Dallas Cowboys,Bank of America Stadium,74867,USA,Outdoor,Charlotte,Artificial
2023-11-19,2023,11,Cleveland Browns,13.0,10.0,Pittsburgh Steelers,FirstEnergy Stadium,67431,USA,Outdoor,Cleveland,Grass
2023-11-19,2023,11,Denver Broncos,21.0,20.0,Minnesota Vikings,Empower Field at Mile High,76125,USA,Outdoor,Denver,Grass
2023-11-19,2023,11,Detroit Lions,31.0,26.0,Chicago Bears,Ford Field,65000,USA,Dome,Detroit,Artificial
2023-11-19,2023,11,Green Bay Packers,23.0,20.0,Los Angeles Chargers,Lambeau Field,81441,USA,Outdoor,Green Bay,Grass
2023-11-19,2023,11,Houston Texans,21.0,16.0,Arizona Cardinals,NRG Stadium,72220,USA,RetractableDome,Houston,Artificial
2023-11-19,2023,11,Jacksonville Jaguars,34.0,14.0,Tennessee Titans,TIAA Bank Field,67814,USA,Outdoor,Jacksonville,Grass
2023-11-19,2023,11,Los Angeles Rams,17.0,16.0,Seattle Seahawks,SoFi Stadium,70240,USA,Dome,Inglewood,Artificial
2023-11-19,2023,11,Miami Dolphins,20.0,13.0,Las Vegas Raiders,Hard Rock Stadium,64767,USA,Outdoor,Miami Gardens,Grass
2023-11-19,2023,11,San Francisco 49ers,27.0,14.0,Tampa Bay Buccaneers,Levi's Stadium,68500,USA,Outdoor,Santa Clara,Grass
2023-11-19,2023,11,Washington Commanders,19.0,31.0,New York Giants,FedEx Field,62000,USA,Outdoor,Landover,Grass
2023-11-20,2023,11,Kansas City Chiefs,17.0,21.0,Philadelphia Eagles,GEHA Field at Arrowhead Stadium,76416,USA,Outdoor,Kansas City,Grass
2023-11-23,2023,12,Dallas Cowboys,45.0,10.0,Washington Commanders,AT&T Stadium,80000,USA,RetractableDome,Arlington,Artificial
2023-11-23,2023,12,Detroit Lions,22.0,29.0,Green Bay Packers,Ford Field,65000,USA,Dome,Detroit,Artificial
2023-11-23,2023,12,Seattle Seahawks,13.0,31.0,San Francisco 49ers,Lumen Field,68740,USA,Outdoor,Seattle,Artificial
2023-11-24,2023,12,New York Jets,13.0,34.0,Miami Dolphins,MetLife Stadium,82500,USA,Outdoor,East Rutherford,Artificial
2023-11-26,2023,12,Arizona Cardinals,14.0,37.0,Los Angeles Rams,State Farm Stadium,63400,USA,RetractableDome,Glendale,Grass
2023-11-26,2023,12,Atlanta Falcons,24.0,15.0,New Orleans Saints,Mercedes-Benz Stadium,71000,USA,RetractableDome,Atlanta,Artificial
2023-11-26,2023,12,Cincinnati Bengals,10.0,16.0,Pittsburgh Steelers,Paycor Stadium,65515,USA,Outdoor,Cincinnati,Artificial
2023-11-26,2023,12,Denver Broncos,29.0,12.0,Cleveland Browns,Empower Field at Mile High,76125,USA,Outdoor,Denver,Grass
2023-11-26,2023,12,Houston Texans,21.0,24.0,Jacksonville Jaguars,NRG Stadium,72220,USA,RetractableDome,Houston,Artificial
2023-11-26,2023,12,Indianapolis Colts,27.0,20.0,Tampa Bay Buccaneers,Lucas Oil Stadium,67000,USA,RetractableDome,Indianapolis,Artificial
2023-11-26,2023,12,Las Vegas Raiders,17.0,31.0,Kansas City Chiefs,Allegiant Stadium,65000,USA,Dome,Las Vegas,Grass
2023-11-26,2023,12,Los Angeles Chargers,10.0,20.0,Baltimore Ravens,SoFi Stadium,47252,Brazil,Outdoor,Sao Paulo,Grass
2023-11-26,2023,12,New York Giants,10.0,7.0,New England Patriots,MetLife Stadium,82500,USA,Outdoor,East Rutherford,Artificial
2023-11-26,2023,12,Philadelphia Eagles,37.0,34.0,Buffalo Bills,Lincoln Financial Field,67594,USA,Outdoor,Philadelphia,Grass
2023-11-26,2023,12,Tennessee Titans,17.0,10.0,Carolina Panthers,Nissan Stadium,69143,USA,Outdoor,Nashville,Grass
2023-11-27,2023,12,Minnesota Vikings,10.0,12.0,Chicago Bears,U.S. Bank Stadium,66655,USA,Dome,Minneapolis,Artificial
2023-11-30,2023,13,Dallas Cowboys,41.0,35.0,Seattle Seahawks,AT&T Stadium,80000,USA,RetractableDome,Arlington,Artificial
2023-12-03,2023,13,Green Bay Packers,27.0,19.0,Kansas City Chiefs,Lambeau Field,81441,USA,Outdoor,Green Bay,Grass
2023-12-03,2023,13,Houston Texans,22.0,17.0,Denver Broncos,NRG Stadium,72220,USA,RetractableDome,Houston,Artificial
2023-12-03,2023,13,Los Angeles Rams,36.0,19.0,Cleveland Browns,SoFi Stadium,70240,USA,Dome,Inglewood,Artificial
2023-12-03,2023,13,New England Patriots,0.0,6.0,Los Angeles Chargers,Gillette Stadium,64628,USA,Outdoor,Foxborough,Artificial
2023-12-03,2023,13,New Orleans Saints,28.0,33.0,Detroit Lions,Caesars Superdome,73208,USA,Dome,New Orleans,Artificial
2023-12-03,2023,13,New York Jets,8.0,13.0,Atlanta Falcons,MetLife Stadium,82500,USA,Outdoor,East Rutherford,Artificial
2023-12-03,2023,13,Philadelphia Eagles,19.0,42.0,San Francisco 49ers,Lincoln Financial Field,67594,USA,Outdoor,Philadelphia,Grass
2023-12-03,2023,13,Pittsburgh Steelers,10.0,24.0,Arizona Cardinals,Acrisure Stadium,68400,USA,Outdoor,Pittsburgh,Grass
2023-12-03,2023,13,Tampa Bay Buccaneers,14.0,10.0,Carolina Panthers,Raymond James Stadium,69218,USA,Outdoor,Tampa Bay,Grass
2023-12-03,2023,13,Tennessee Titans,28.0,31.0,Indianapolis Colts,Nissan Stadium,69143,USA,Outdoor,Nashville,Grass
2023-12-03,2023,13,Washington Commanders,15.0,45.0,Miami Dolphins,FedEx Field,62000,USA,Outdoor,Landover,Grass
2023-12-04,2023,13,Jacksonville Jaguars,31.0,34.0,Cincinnati Bengals,TIAA Bank Field,67814,USA,Outdoor,Jacksonville,Grass
2023-12-07,2023,14,Pittsburgh Steelers,18.0,21.0,New England Patriots,Acrisure Stadium,68400,USA,Outdoor,Pittsburgh,Grass
2023-12-10,2023,14,Atlanta Falcons,25.0,29.0,Tampa Bay Buccaneers,Mercedes-Benz Stadium,71000,USA,RetractableDome,Atlanta,Artificial
2023-12-10,2023,14,Baltimore Ravens,37.0,31.0,Los Angeles Rams,M&T Bank Stadium,71008,USA,Outdoor,Baltimore,Grass
2023-12-10,2023,14,Chicago Bears,28.0,13.0,Detroit Lions,Soldier Field,61500,USA,Outdoor,Chicago,Grass
2023-12-10,2023,14,Cincinnati Bengals,34.0,14.0,Indianapolis Colts,Paycor Stadium,65515,USA,Outdoor,Cincinnati,Artificial
2023-12-10,2023,14,Cleveland Browns,31.0,27.0,Jacksonville Jaguars,FirstEnergy Stadium,67431,USA,Outdoor,Cleveland,Grass
2023-12-10,2023,14,Dallas Cowboys,33.0,13.0,Philadelphia Eagles,AT&T Stadium,80000,USA,RetractableDome,Arlington,Artificial
2023-12-10,2023,14,Kansas City Chiefs,17.0,20.0,Buffalo Bills,GEHA Field at Arrowhead Stadium,76416,USA,Outdoor,Kansas City,Grass
2023-12-10,2023,14,Las Vegas Raiders,0.0,3.0,Minnesota Vikings,Allegiant Stadium,65000,USA,Dome,Las Vegas,Grass
2023-12-10,2023,14,Los Angeles Chargers,7.0,24.0,Denver Broncos,SoFi Stadium,47252,Brazil,Outdoor,Sao Paulo,Grass
2023-12-10,2023,14,New Orleans Saints,28.0,6.0,Carolina Panthers,Caesars Superdome,73208,USA,Dome,New Orleans,Artificial
2023-12-10,2023,14,New York Jets,30.0,6.0,Houston Texans,MetLife Stadium,82500,USA,Outdoor,East Rutherford,Artificial
2023-12-10,2023,14,San Francisco 49ers,28.0,16.0,Seattle Seahawks,Levi's Stadium,68500,USA,Outdoor,Santa Clara,Grass
2023-12-11,2023,14,Miami Dolphins,27.0,28.0,Tennessee Titans,Hard Rock Stadium,64767,USA,Outdoor,Miami Gardens,Grass
2023-12-11,2023,14,New York Giants,24.0,22.0,Green Bay Packers,MetLife Stadium,82500,USA,Outdoor,East Rutherford,Artificial
2023-12-14,2023,15,Las Vegas Raiders,63.0,21.0,Los Angeles Chargers,Allegiant Stadium,65000,USA,Dome,Las Vegas,Grass
2023-12-16,2023,15,Cincinnati Bengals,27.0,24.0,Minnesota Vikings,Paycor Stadium,65515,USA,Outdoor,Cincinnati,Artificial
2023-12-16,2023,15,Detroit Lions,42.0,17.0,Denver Broncos,Ford Field,65000,USA,Dome,Detroit,Artificial
2023-12-16,2023,15,Indianapolis Colts,30.0,13.0,Pittsburgh Steelers,Lucas Oil Stadium,67000,USA,RetractableDome,Indianapolis,Artificial
2023-12-17,2023,15,Arizona Cardinals,29.0,45.0,San Francisco 49ers,State Farm Stadium,63400,USA,RetractableDome,Glendale,Grass
2023-12-17,2023,15,Buffalo Bills,31.0,10.0,Dallas Cowboys,Highmark Stadium,71608,USA,Outdoor,Orchard Park,Artificial
2023-12-17,2023,15,Carolina Panthers,9.0,7.0,Atlanta Falcons,Bank of America Stadium,74867,USA,Outdoor,Charlotte,Artificial
2023-12-17,2023,15,Cleveland Browns,20.0,17.0,Chicago Bears,FirstEnergy Stadium,67431,USA,Outdoor,Cleveland,Grass
2023-12-17,2023,15,Green Bay Packers,20.0,34.0,Tampa Bay Buccaneers,Lambeau Field,81441,USA,Outdoor,Green Bay,Grass
2023-12-17,2023,15,Jacksonville Jaguars,7.0,23.0,Baltimore Ravens,TIAA Bank Field,67814,USA,Outdoor,Jacksonville,Grass
2023-12-17,2023,15,Los Angeles Rams,28.0,20.0,Washington Commanders,SoFi Stadium,70240,USA,Dome,Inglewood,Artificial
2023-12-17,2023,15,Miami Dolphins,30.0,0.0,New York Jets,Hard Rock Stadium,64767,USA,Outdoor,Miami Gardens,Grass
2023-12-17,2023,15,New England Patriots,17.0,27.0,Kansas City Chiefs,Gillette Stadium,64628,USA,Outdoor,Foxborough,Artificial
2023-12-17,2023,15,New Orleans Saints,24.0,6.0,New York Giants,Caesars Superdome,73208,USA,Dome,New Orleans,Artificial
2023-12-17,2023,15,Tennessee Titans,16.0,19.0,Houston Texans,Nissan Stadium,69143,USA,Outdoor,Nashville,Grass
2023-12-18,2023,15,Seattle Seahawks,20.0,17.0,Philadelphia Eagles,Lumen Field,68740,USA,Outdoor,Seattle,Artificial
2023-12-21,2023,16,Los Angeles Rams,30.0,22.0,New Orleans Saints,SoFi Stadium,70240,USA,Dome,Inglewood,Artificial
2023-12-23,2023,16,Los Angeles Chargers,22.0,24.0,Buffalo Bills,SoFi Stadium,47252,Brazil,Outdoor,Sao Paulo,Grass
2023-12-23,2023,16,Pittsburgh Steelers,34.0,11.0,Cincinnati Bengals,Acrisure Stadium,68400,USA,Outdoor,Pittsburgh,Grass
2023-12-24,2023,16,Atlanta Falcons,29.0,10.0,Indianapolis Colts,Mercedes-Benz Stadium,71000,USA,RetractableDome,Atlanta,Artificial
2023-12-24,2023,16,Carolina Panthers,30.0,33.0,Green Bay Packers,Bank of America Stadium,74867,USA,Outdoor,Charlotte,Artificial
2023-12-24,2023,16,Chicago Bears,27.0,16.0,Arizona Cardinals,Soldier Field,61500,USA,Outdoor,Chicago,Grass
2023-12-24,2023,16,Denver Broncos,23.0,26.0,New England Patriots,Empower Field at Mile High,76125,USA,Outdoor,Denver,Grass
2023-12-24,2023,16,Houston Texans,22.0,36.0,Cleveland Browns,NRG Stadium,72220,USA,RetractableDome,Houston,Artificial
2023-12-24,2023,16,Miami Dolphins,22.0,20.0,Dallas Cowboys,Hard Rock Stadium,64767,USA,Outdoor,Miami Gardens,Grass
2023-12-24,2023,16,Minnesota Vikings,24.0,30.0,Detroit Lions,U.S. Bank Stadium,66655,USA,Dome,Minneapolis,Artificial
2023-12-24,2023,16,New York Jets,30.0,28.0,Washington Commanders,MetLife Stadium,82500,USA,Outdoor,East Rutherford,Artificial
2023-12-24,2023,16,Tampa Bay Buccaneers,30.0,12.0,Jacksonville Jaguars,Raymond James Stadium,69218,USA,Outdoor,Tampa Bay,Grass
2023-12-24,2023,16,Tennessee Titans,17.0,20.0,Seattle Seahawks,Nissan Stadium,69143,USA,Outdoor,Nashville,Grass
2023-12-25,2023,16,Kansas City Chiefs,14.0,20.0,Las Vegas Raiders,GEHA Field at Arrowhead Stadium,76416,USA,Outdoor,Kansas City,Grass
2023-12-25,2023,16,Philadelphia Eagles,33.0,25.0,New York Giants,Lincoln Financial Field,67594,USA,Outdoor,Philadelphia,Grass
2023-12-25,2023,16,San Francisco 49ers,19.0,33.0,Baltimore Ravens,Levi's Stadium,68500,USA,Outdoor,Santa Clara,Grass
2023-12-28,2023,17,Cleveland Browns,37.0,20.0,New York Jets,FirstEnergy Stadium,67431,USA,Outdoor,Cleveland,Grass
2023-12-30,2023,17,Dallas Cowboys,20.0,19.0,Detroit Lions,AT&T Stadium,80000,USA,RetractableDome,Arlington,Artificial
2023-12-31,2023,17,Baltimore Ravens,56.0,19.0,Miami Dolphins,M&T Bank Stadium,71008,USA,Outdoor,Baltimore,Grass
2023-12-31,2023,17,Buffalo Bills,27.0,21.0,New England Patriots,Highmark Stadium,71608,USA,Outdoor,Orchard Park,Artificial
2023-12-31,2023,17,Chicago Bears,37.0,17.0,Atlanta Falcons,Soldier Field,61500,USA,Outdoor,Chicago,Grass
2023-12-31,2023,17,Denver Broncos,16.0,9.0,Los Angeles Chargers,Empower Field at Mile High,76125,USA,Outdoor,Denver,Grass
2023-12-31,2023,17,Houston Texans,26.0,3.0,Tennessee Titans,NRG Stadium,72220,USA,RetractableDome,Houston,Artificial
2023-12-31,2023,17,Indianapolis Colts,23.0,20.0,Las Vegas Raiders,Lucas Oil Stadium,67000,USA,RetractableDome,Indianapolis,Artificial
2023-12-31,2023,17,Jacksonville Jaguars,26.0,0.0,Carolina Panthers,TIAA Bank Field,67814,USA,Outdoor,Jacksonville,Grass
2023-12-31,2023,17,Kansas City Chiefs,25.0,17.0,Cincinnati Bengals,GEHA Field at Arrowhead Stadium,76416,USA,Outdoor,Kansas City,Grass
2023-12-31,2023,17,Minnesota Vikings,10.0,33.0,Green Bay Packers,U.S. Bank Stadium,66655,USA,Dome,Minneapolis,Artificial
2023-12-31,2023,17,New York Giants,25.0,26.0,Los Angeles Rams,MetLife Stadium,82500,USA,Outdoor,East Rutherford,Artificial
2023-12-31,2023,17,Philadelphia Eagles,31.0,35.0,Arizona Cardinals,Lincoln Financial Field,67594,USA,Outdoor,Philadelphia,Grass
2023-12-31,2023,17,Seattle Seahawks,23.0,30.0,Pittsburgh Steelers,Lumen Field,68740,USA,Outdoor,Seattle,Artificial
2023-12-31,2023,17,Tampa Bay Buccaneers,13.0,23.0,New Orleans Saints,Raymond James Stadium,69218,USA,Outdoor,Tampa Bay,Grass
2023-12-31,2023,17,Washington Commanders,10.0,27.0,San Francisco 49ers,FedEx Field,62000,USA,Outdoor,Landover,Grass
2024-01-06,2023,18,Baltimore Ravens,10.0,17.0,Pittsburgh Steelers,M&T Bank Stadium,71008,USA,Outdoor,Baltimore,Grass
2024-01-07,2023,18,Arizona Cardinals,20.0,21.0,Seattle Seahawks,State Farm Stadium,63400,USA,RetractableDome,Glendale,Grass
2024-01-07,2023,18,Carolina Panthers,0.0,9.0,Tampa Bay Buccaneers,Bank of America Stadium,74867,USA,Outdoor,Charlotte,Artificial
2024-01-07,2023,18,Cincinnati Bengals,31.0,14.0,Cleveland Browns,Paycor Stadium,65515,USA,Outdoor,Cincinnati,Artificial
2024-01-07,2023,18,Detroit Lions,30.0,20.0,Minnesota Vikings,Ford Field,65000,USA,Dome,Detroit,Artificial
2024-01-07,2023,18,Green Bay Packers,17.0,9.0,Chicago Bears,Lambeau Field,81441,USA,Outdoor,Green Bay,Grass
2024-01-07,2023,18,Indianapolis Colts,19.0,23.0,Houston Texans,Lucas Oil Stadium,67000,USA,RetractableDome,Indianapolis,Artificial
2024-01-07,2023,18,Las Vegas Raiders,27.0,14.0,Denver Broncos,Allegiant Stadium,65000,USA,Dome,Las Vegas,Grass
2024-01-07,2023,18,Los Angeles Chargers,12.0,13.0,Kansas City Chiefs,SoFi Stadium,47252,Brazil,Outdoor,Sao Paulo,Grass
2024-01-07,2023,18,Miami Dolphins,14.0,21.0,Buffalo Bills,Hard Rock Stadium,64767,USA,Outdoor,Miami Gardens,Grass
2024-01-07,2023,18,New England Patriots,3.0,17.0,New York Jets,Gillette Stadium,64628,USA,Outdoor,Foxborough,Artificial
2024-01-07,2023,18,New Orleans Saints,48.0,17.0,Atlanta Falcons,Caesars Superdome,73208,USA,Dome,New Orleans,Artificial
2024-01-07,2023,18,New York Giants,27.0,10.0,Philadelphia Eagles,MetLife Stadium,82500,USA,Outdoor,East Rutherford,Artificial
2024-01-07,2023,18,San Francisco 49ers,20.0,21.0,Los Angeles Rams,Levi's Stadium,68500,USA,Outdoor,Santa Clara,Grass
2024-01-07,2023,18,Tennessee Titans,28.0,20.0,Jacksonville Jaguars,Nissan Stadium,69143,USA,Outdoor,Nashville,Grass
2024-01-07,2023,18,Washington Commanders,10.0,38.0,Dallas Cowboys,FedEx Field,62000,USA,Outdoor,Landover,Grass
2024-09-05,2024,1,Kansas City Chiefs,27.0,20.0,Baltimore Ravens,GEHA Field at Arrowhead Stadium,76416,USA,Outdoor,Kansas City,Grass
2024-09-06,2024,1,Philadelphia Eagles,34.0,29.0,Green Bay Packers,Corinthians Arena,67594,USA,Outdoor,Philadelphia,Grass
2024-09-08,2024,1,Atlanta Falcons,10.0,18.0,Pittsburgh Steelers,Mercedes-Benz Stadium,71000,USA,RetractableDome,Atlanta,Artificial
2024-09-08,2024,1,Buffalo Bills,34.0,28.0,Arizona Cardinals,Highmark Stadium,71608,USA,Outdoor,Orchard Park,Artificial
2024-09-08,2024,1,Chicago Bears,24.0,17.0,Tennessee Titans,Soldier Field,61500,USA,Outdoor,Chicago,Grass
2024-09-08,2024,1,Cincinnati Bengals,10.0,16.0,New England Patriots,Paycor Stadium,65515,USA,Outdoor,Cincinnati,Artificial
2024-09-08,2024,1,Cleveland Browns,17.0,33.0,Dallas Cowboys,FirstEnergy Stadium,67431,USA,Outdoor,Cleveland,Grass
2024-09-08,2024,1,Detroit Lions,26.0,20.0,Los Angeles Rams,Ford Field,65000,USA,Dome,Detroit,Artificial
2024-09-08,2024,1,Indianapolis Colts,27.0,29.0,Houston Texans,Lucas Oil Stadium,67000,USA,RetractableDome,Indianapolis,Artificial
2024-09-08,2024,1,Los Angeles Chargers,22.0,10.0,Las Vegas Raiders,SoFi Stadium,47252,Brazil,Outdoor,Sao Paulo,Grass
2024-09-08,2024,1,Miami Dolphins,20.0,17.0,Jacksonville Jaguars,Hard Rock Stadium,64767,USA,Outdoor,Miami Gardens,Grass
2024-09-08,2024,1,New Orleans Saints,47.0,10.0,Carolina Panthers,Caesars Superdome,73208,USA,Dome,New Orleans,Artificial
2024-09-08,2024,1,New York Giants,6.0,28.0,Minnesota Vikings,MetLife Stadium,82500,USA,Outdoor,East Rutherford,Artificial
2024-09-08,2024,1,Seattle Seahawks,26.0,20.0,Denver Broncos,Lumen Field,68740,USA,Outdoor,Seattle,Artificial
2024-09-08,2024,1,Tampa Bay Buccaneers,37.0,20.0,Washington Commanders,Raymond James Stadium,69218,USA,Outdoor,Tampa Bay,Grass
2024-09-09,2024,1,San Francisco 49ers,32.0,19.0,New York Jets,Levi's Stadium,68500,USA,Outdoor,Santa Clara,Grass
2024-09-12,2024,2,Miami Dolphins,10.0,31.0,Buffalo Bills,Hard Rock Stadium,64767,USA,Outdoor,Miami Gardens,Grass
2024-09-15,2024,2,Arizona Cardinals,41.0,10.0,Los Angeles Rams,State Farm Stadium,63400,USA,RetractableDome,Glendale,Grass
2024-09-15,2024,2,Baltimore Ravens,23.0,26.0,Las Vegas Raiders,M&T Bank Stadium,71008,USA,Outdoor,Baltimore,Grass
2024-09-15,2024,2,Carolina Panthers,3.0,26.0,Los Angeles Chargers,Bank of America Stadium,74867,USA,Outdoor,Charlotte,Artificial
2024-09-15,2024,2,Dallas Cowboys,19.0,44.0,New Orleans Saints,AT&T Stadium,80000,USA,RetractableDome,Arlington,Artificial
2024-09-15,2024,2,Denver Broncos,6.0,13.0,Pittsburgh Steelers,Empower Field at Mile High,76125,USA,Outdoor,Denver,Grass
2024-09-15,2024,2,Detroit Lions,16.0,20.0,Tampa Bay Buccaneers,Ford Field,65000,USA,Dome,Detroit,Artificial
2024-09-15,2024,2,Green Bay Packers,16.0,10.0,Indianapolis Colts,Lambeau Field,81441,USA,Outdoor,Green Bay,Grass
2024-09-15,2024,2,Houston Texans,19.0,13.0,Chicago Bears,NRG Stadium,72220,USA,RetractableDome,Houston,Artificial
2024-09-15,2024,2,Jacksonville Jaguars,13.0,18.0,Cleveland Browns,TIAA Bank Field,67814,USA,Outdoor,Jacksonville,Grass
2024-09-15,2024,2,Kansas City Chiefs,26.0,25.0,Cincinnati Bengals,GEHA Field at Arrowhead Stadium,76416,USA,Outdoor,Kansas City,Grass
2024-09-15,2024,2,Minnesota Vikings,23.0,17.0,San Francisco 49ers,U.S. Bank Stadium,66655,USA,Dome,Minneapolis,Artificial
2024-09-15,2024,2,New England Patriots,20.0,23.0,Seattle Seahawks,Gillette Stadium,64628,USA,Outdoor,Foxborough,Artificial
2024-09-15,2024,2,Tennessee Titans,17.0,24.0,New York Jets,Nissan Stadium,69143,USA,Outdoor,Nashville,Grass
2024-09-15,2024,2,Washington Commanders,21.0,18.0,New York Giants,FedEx Field,62000,USA,Outdoor,Landover,Grass
2024-09-16,2024,2,Philadelphia Eagles,21.0,22.0,Atlanta Falcons,Lincoln Financial Field,67594,USA,Outdoor,Philadelphia,Grass
2024-09-19,2024,3,New York Jets,24.0,3.0,New England Patriots,MetLife Stadium,82500,USA,Outdoor,East Rutherford,Artificial
2024-09-22,2024,3,Arizona Cardinals,13.0,20.0,Detroit Lions,State Farm Stadium,63400,USA,RetractableDome,Glendale,Grass
2024-09-22,2024,3,Atlanta Falcons,17.0,22.0,Kansas City Chiefs,Mercedes-Benz Stadium,71000,USA,RetractableDome,Atlanta,Artificial
2024-09-22,2024,3,Cleveland Browns,15.0,21.0,New York Giants,FirstEnergy Stadium,67431,USA,Outdoor,Cleveland,Grass
2024-09-22,2024,3,Dallas Cowboys,25.0,28.0,Baltimore Ravens,AT&T Stadium,80000,USA,RetractableDome,Arlington,Artificial
2024-09-22,2024,3,Indianapolis Colts,21.0,16.0,Chicago Bears,Lucas Oil Stadium,67000,USA,RetractableDome,Indianapolis,Artificial
2024-09-22,2024,3,Las Vegas Raiders,22.0,36.0,Carolina Panthers,Allegiant Stadium,65000,USA,Dome,Las Vegas,Grass
2024-09-22,2024,3,Los Angeles Rams,27.0,24.0,San Francisco 49ers,SoFi Stadium,70240,USA,Dome,Inglewood,Artificial
2024-09-22,2024,3,Minnesota Vikings,34.0,7.0,Houston Texans,U.S. Bank Stadium,66655,USA,Dome,Minneapolis,Artificial
2024-09-22,2024,3,New Orleans Saints,12.0,15.0,Philadelphia Eagles,Caesars Superdome,73208,USA,Dome,New Orleans,Artificial
2024-09-22,2024,3,Pittsburgh Steelers,20.0,10.0,Los Angeles Chargers,Acrisure Stadium,68400,USA,Outdoor,Pittsburgh,Grass
2024-09-22,2024,3,Seattle Seahawks,24.0,3.0,Miami Dolphins,Lumen Field,68740,USA,Outdoor,Seattle,Artificial
2024-09-22,2024,3,Tampa Bay Buccaneers,7.0,26.0,Denver Broncos,Raymond James Stadium,69218,USA,Outdoor,Tampa Bay,Grass
2024-09-22,2024,3,Tennessee Titans,14.0,30.0,Green Bay Packers,Nissan Stadium,69143,USA,Outdoor,Nashville,Grass
2024-09-23,2024,3,Buffalo Bills,47.0,10.0,Jacksonville Jaguars,Highmark Stadium,71608,USA,Outdoor,Orchard Park,Artificial
2024-09-23,2024,3,Cincinnati Bengals,33.0,38.0,Washington Commanders,Paycor Stadium,65515,USA,Outdoor,Cincinnati,Artificial
2024-09-26,2024,4,New York Giants,15.0,20.0,Dallas Cowboys,MetLife Stadium,82500,USA,Outdoor,East Rutherford,Artificial
2024-09-29,2024,4,Arizona Cardinals,14.0,42.0,Washington Commanders,State Farm Stadium,63400,USA,RetractableDome,Glendale,Grass
2024-09-29,2024,4,Atlanta Falcons,26.0,24.0,New Orleans Saints,Mercedes-Benz Stadium,71000,USA,RetractableDome,Atlanta,Artificial
2024-09-29,2024,4,Baltimore Ravens,35.0,10.0,Buffalo Bills,M&T Bank Stadium,71008,USA,Outdoor,Baltimore,Grass
2024-09-29,2024,4,Carolina Panthers,24.0,34.0,Cincinnati Bengals,Bank of America Stadium,74867,USA,Outdoor,Charlotte,Artificial
2024-09-29,2024,4,Chicago Bears,24.0,18.0,Los Angeles Rams,Soldier Field,61500,USA,Outdoor,Chicago,Grass
2024-09-29,2024,4,Green Bay Packers,29.0,31.0,Minnesota Vikings,Lambeau Field,81441,USA,Outdoor,Green Bay,Grass
2024-09-29,2024,4,Houston Texans,24.0,20.0,Jacksonville Jaguars,NRG Stadium,72220,USA,RetractableDome,Houston,Artificial
2024-09-29,2024,4,Indianapolis Colts,27.0,24.0,Pittsburgh Steelers,Lucas Oil Stadium,67000,USA,RetractableDome,Indianapolis,Artificial
2024-09-29,2024,4,Las Vegas Raiders,20.0,16.0,Cleveland Browns,Allegiant Stadium,65000,USA,Dome,Las Vegas,Grass
2024-09-29,2024,4,Los Angeles Chargers,10.0,17.0,Kansas City Chiefs,SoFi Stadium,47252,Brazil,Outdoor,Sao Paulo,Grass
2024-09-29,2024,4,New York Jets,9.0,10.0,Denver Broncos,MetLife Stadium,82500,USA,Outdoor,East Rutherford,Artificial
2024-09-29,2024,4,San Francisco 49ers,30.0,13.0,New England Patriots,Levi's Stadium,68500,USA,Outdoor,Santa Clara,Grass
2024-09-29,2024,4,Tampa Bay Buccaneers,33.0,16.0,Philadelphia Eagles,Raymond James Stadium,69218,USA,Outdoor,Tampa Bay,Grass
2024-09-30,2024,4,Detroit Lions,42.0,29.0,Seattle Seahawks,Ford Field,65000,USA,Dome,Detroit,Artificial
2024-09-30,2024,4,Miami Dolphins,12.0,31.0,Tennessee Titans,Hard Rock Stadium,64767,USA,Outdoor,Miami Gardens,Grass
2024-10-03,2024,5,Atlanta Falcons,36.0,30.0,Tampa Bay Buccaneers,Mercedes-Benz Stadium,71000,USA,RetractableDome,Atlanta,Artificial
2024-10-06,2024,5,Chicago Bears,36.0,10.0,Carolina Panthers,Soldier Field,61500,USA,Outdoor,Chicago,Grass
2024-10-06,2024,5,Cincinnati Bengals,38.0,41.0,Baltimore Ravens,Paycor Stadium,65515,USA,Outdoor,Cincinnati,Artificial
2024-10-06,2024,5,Denver Broncos,34.0,18.0,Las Vegas Raiders,Empower Field at Mile High,76125,USA,Outdoor,Denver,Grass
2024-10-06,2024,5,Houston Texans,23.0,20.0,Buffalo Bills,NRG Stadium,72220,USA,RetractableDome,Houston,Artificial
2024-10-06,2024,5,Jacksonville Jaguars,37.0,34.0,Indianapolis Colts,TIAA Bank Field,67814,USA,Outdoor,Jacksonville,Grass
2024-10-06,2024,5,Los Angeles Rams,19.0,24.0,Green Bay Packers,SoFi Stadium,70240,USA,Dome,Inglewood,Artificial
2024-10-06,2024,5,Minnesota Vikings,23.0,17.0,New York Jets,Tottenham Hotspur Stadium,66655,USA,Dome,Minneapolis,Artificial
2024-10-06,2024,5,New England Patriots,10.0,15.0,Miami Dolphins,Gillette Stadium,64628,USA,Outdoor,Foxborough,Artificial
2024-10-06,2024,5,Pittsburgh Steelers,17.0,20.0,Dallas Cowboys,Acrisure Stadium,68400,USA,Outdoor,Pittsburgh,Grass
2024-10-06,2024,5,San Francisco 49ers,23.0,24.0,Arizona Cardinals,Levi's Stadium,68500,USA,Outdoor,Santa Clara,Grass
2024-10-06,2024,5,Seattle Seahawks,20.0,29.0,New York Giants,Lumen Field,68740,USA,Outdoor,Seattle,Artificial
2024-10-06,2024,5,Washington Commanders,34.0,13.0,Cleveland Browns,FedEx Field,62000,USA,Outdoor,Landover,Grass
2024-10-07,2024,5,Kansas City Chiefs,26.0,13.0,New Orleans Saints,GEHA Field at Arrowhead Stadium,76416,USA,Outdoor,Kansas City,Grass
2024-10-10,2024,6,Seattle Seahawks,24.0,36.0,San Francisco 49ers,Lumen Field,68740,USA,Outdoor,Seattle,Artificial
2024-10-13,2024,6,Baltimore Ravens,30.0,23.0,Washington Commanders,M&T Bank Stadium,71008,USA,Outdoor,Baltimore,Grass
2024-10-13,2024,6,Carolina Panthers,20.0,38.0,Atlanta Falcons,Bank of America Stadium,74867,USA,Outdoor,Charlotte,Artificial
2024-10-13,2024,6,Chicago Bears,35.0,16.0,Jacksonville Jaguars,Tottenham Hotspur Stadium,61500,USA,Outdoor,Chicago,Grass
2024-10-13,2024,6,Dallas Cowboys,9.0,47.0,Detroit Lions,AT&T Stadium,80000,USA,RetractableDome,Arlington,Artificial
2024-10-13,2024,6,Denver Broncos,16.0,23.0,Los Angeles Chargers,Empower Field at Mile High,76125,USA,Outdoor,Denver,Grass
2024-10-13,2024,6,Green Bay Packers,34.0,13.0,Arizona Cardinals,Lambeau Field,81441,USA,Outdoor,Green Bay,Grass
2024-10-13,2024,6,Las Vegas Raiders,13.0,32.0,Pittsburgh Steelers,Allegiant Stadium,65000,USA,Dome,Las Vegas,Grass
2024-10-13,2024,6,New England Patriots,21.0,41.0,Houston Texans,Gillette Stadium,64628,USA,Outdoor,Foxborough,Artificial
2024-10-13,2024,6,New Orleans Saints,27.0,51.0,Tampa Bay Buccaneers,Caesars Superdome,73208,USA,Dome,New Orleans,Artificial
2024-10-13,2024,6,New York Giants,7.0,17.0,Cincinnati Bengals,MetLife Stadium,82500,USA,Outdoor,East Rutherford,Artificial
2024-10-13,2024,6,Philadelphia Eagles,20.0,16.0,Cleveland Browns,Lincoln Financial Field,67594,USA,Outdoor,Philadelphia,Grass
2024-10-13,2024,6,Tennessee Titans,17.0,20.0,Indianapolis Colts,Nissan Stadium,69143,USA,Outdoor,Nashville,Grass
2024-10-14,2024,6,New York Jets,20.0,23.0,Buffalo Bills,MetLife Stadium,82500,USA,Outdoor,East Rutherford,Artificial
2024-10-17,2024,7,New Orleans Saints,10.0,33.0,Denver Broncos,Caesars Superdome,73208,USA,Dome,New Orleans,Artificial
2024-10-20,2024,7,Atlanta Falcons,14.0,34.0,Seattle Seahawks,Mercedes-Benz Stadium,71000,USA,RetractableDome,Atlanta,Artificial
2024-10-20,2024,7,Buffalo Bills,34.0,10.0,Tennessee Titans,Highmark Stadium,71608,USA,Outdoor,Orchard Park,Artificial
2024-10-20,2024,7,Cleveland Browns,14.0,21.0,Cincinnati Bengals,FirstEnergy Stadium,67431,USA,Outdoor,Cleveland,Grass
2024-10-20,2024,7,Green Bay Packers,24.0,22.0,Houston Texans,Lambeau Field,81441,USA,Outdoor,Green Bay,Grass
2024-10-20,2024,7,Indianapolis Colts,16.0,10.0,Miami Dolphins,Lucas Oil Stadium,67000,USA,RetractableDome,Indianapolis,Artificial
2024-10-20,2024,7,Jacksonville Jaguars,32.0,16.0,New England Patriots,Wembley Stadium,67814,USA,Outdoor,Jacksonville,Grass
2024-10-20,2024,7,Los Angeles Rams,20.0,15.0,Las Vegas Raiders,SoFi Stadium,70240,USA,Dome,Inglewood,Artificial
2024-10-20,2024,7,Minnesota Vikings,29.0,31.0,Detroit Lions,U.S. Bank Stadium,66655,USA,Dome,Minneapolis,Artificial
2024-10-20,2024,7,New York Giants,3.0,28.0,Philadelphia Eagles,MetLife Stadium,82500,USA,Outdoor,East Rutherford,Artificial
2024-10-20,2024,7,Pittsburgh Steelers,37.0,15.0,New York Jets,Acrisure Stadium,68400,USA,Outdoor,Pittsburgh,Grass
2024-10-20,2024,7,San Francisco 49ers,18.0,28.0,Kansas City Chiefs,Levi's Stadium,68500,USA,Outdoor,Santa Clara,Grass
2024-10-20,2024,7,Washington Commanders,40.0,7.0,Carolina Panthers,FedEx Field,62000,USA,Outdoor,Landover,Grass
2024-10-21,2024,7,Arizona Cardinals,17.0,15.0,Los Angeles Chargers,State Farm Stadium,63400,USA,RetractableDome,Glendale,Grass
2024-10-21,2024,7,Tampa Bay Buccaneers,31.0,41.0,Baltimore Ravens,Raymond James Stadium,69218,USA,Outdoor,Tampa Bay,Grass
2024-10-24,2024,8,Los Angeles Rams,30.0,20.0,Minnesota Vikings,SoFi Stadium,70240,USA,Dome,Inglewood,Artificial
2024-10-27,2024,8,Cincinnati Bengals,17.0,37.0,Philadelphia Eagles,Paycor Stadium,65515,USA,Outdoor,Cincinnati,Artificial
2024-10-27,2024,8,Cleveland Browns,29.0,24.0,Baltimore Ravens,FirstEnergy Stadium,67431,USA,Outdoor,Cleveland,Grass
2024-10-27,2024,8,Denver Broncos,28.0,14.0,Carolina Panthers,Empower Field at Mile High,76125,USA,Outdoor,Denver,Grass
2024-10-27,2024,8,Detroit Lions,52.0,14.0,Tennessee Titans,Ford Field,65000,USA,Dome,Detroit,Artificial
2024-10-27,2024,8,Houston Texans,23.0,20.0,Indianapolis Colts,NRG Stadium,72220,USA,RetractableDome,Houston,Artificial
2024-10-27,2024,8,Jacksonville Jaguars,27.0,30.0,Green Bay Packers,TIAA Bank Field,67814,USA,Outdoor,Jacksonville,Grass
2024-10-27,2024,8,Las Vegas Raiders,20.0,27.0,Kansas City Chiefs,Allegiant Stadium,65000,USA,Dome,Las Vegas,Grass
2024-10-27,2024,8,Los Angeles Chargers,26.0,8.0,New Orleans Saints,SoFi Stadium,47252,Brazil,Outdoor,Sao Paulo,Grass
2024-10-27,2024,8,Miami Dolphins,27.0,28.0,Arizona Cardinals,Hard Rock Stadium,64767,USA,Outdoor,Miami Gardens,Grass
2024-10-27,2024,8,New England Patriots,25.0,22.0,New York Jets,Gillette Stadium,64628,USA,Outdoor,Foxborough,Artificial
2024-10-27,2024,8,San Francisco 49ers,30.0,24.0,Dallas Cowboys,Levi's Stadium,68500,USA,Outdoor,Santa Clara,Grass
2024-10-27,2024,8,Seattle Seahawks,10.0,31.0,Buffalo Bills,Lumen Field,68740,USA,Outdoor,Seattle,Artificial
2024-10-27,2024,8,Tampa Bay Buccaneers,26.0,31.0,Atlanta Falcons,Raymond James Stadium,69218,USA,Outdoor,Tampa Bay,Grass
2024-10-27,2024,8,Washington Commanders,18.0,15.0,Chicago Bears,FedEx Field,62000,USA,Outdoor,Landover,Grass
2024-10-28,2024,8,Pittsburgh Steelers,26.0,18.0,New York Giants,Acrisure Stadium,68400,USA,Outdoor,Pittsburgh,Grass
2024-10-31,2024,9,New York Jets,21.0,13.0,Houston Texans,MetLife Stadium,82500,USA,Outdoor,East Rutherford,Artificial
2024-11-03,2024,9,Arizona Cardinals,29.0,9.0,Chicago Bears,State Farm Stadium,63400,USA,RetractableDome,Glendale,Grass
2024-11-03,2024,9,Atlanta Falcons,27.0,21.0,Dallas Cowboys,Mercedes-Benz Stadium,71000,USA,RetractableDome,Atlanta,Artificial
2024-11-03,2024,9,Baltimore Ravens,41.0,10.0,Denver Broncos,M&T Bank Stadium,71008,USA,Outdoor,Baltimore,Grass
2024-11-03,2024,9,Buffalo Bills,30.0,27.0,Miami Dolphins,Highmark Stadium,71608,USA,Outdoor,Orchard Park,Artificial
2024-11-03,2024,9,Carolina Panthers,23.0,22.0,New Orleans Saints,Bank of America Stadium,74867,USA,Outdoor,Charlotte,Artificial
2024-11-03,2024,9,Cincinnati Bengals,41.0,24.0,Las Vegas Raiders,Paycor Stadium,65515,USA,Outdoor,Cincinnati,Artificial
2024-11-03,2024,9,Cleveland Browns,10.0,27.0,Los Angeles Chargers,FirstEnergy Stadium,67431,USA,Outdoor,Cleveland,Grass
2024-11-03,2024,9,Green Bay Packers,14.0,24.0,Detroit Lions,Lambeau Field,81441,USA,Outdoor,Green Bay,Grass
2024-11-03,2024,9,Minnesota Vikings,21.0,13.0,Indianapolis Colts,U.S. Bank Stadium,66655,USA,Dome,Minneapolis,Artificial
2024-11-03,2024,9,New York Giants,22.0,27.0,Washington Commanders,MetLife Stadium,82500,USA,Outdoor,East Rutherford,Artificial
2024-11-03,2024,9,Philadelphia Eagles,28.0,23.0,Jacksonville Jaguars,Lincoln Financial Field,67594,USA,Outdoor,Philadelphia,Grass
2024-11-03,2024,9,Seattle Seahawks,20.0,26.0,Los Angeles Rams,Lumen Field,68740,USA,Outdoor,Seattle,Artificial
2024-11-03,2024,9,Tennessee Titans,20.0,17.0,New England Patriots,Nissan Stadium,69143,USA,Outdoor,Nashville,Grass
2024-11-04,2024,9,Kansas City Chiefs,30.0,24.0,Tampa Bay Buccaneers,GEHA Field at Arrowhead Stadium,76416,USA,Outdoor,Kansas City,Grass
2024-11-07,2024,10,Baltimore Ravens,35.0,34.0,Cincinnati Bengals,M&T Bank Stadium,71008,USA,Outdoor,Baltimore,Grass
2024-11-10,2024,10,Arizona Cardinals,31.0,6.0,New York Jets,State Farm Stadium,63400,USA,RetractableDome,Glendale,Grass
2024-11-10,2024,10,Carolina Panthers,20.0,17.0,New York Giants,Allianz Arena,74867,USA,Outdoor,Charlotte,Artificial
2024-11-10,2024,10,Chicago Bears,3.0,19.0,New England Patriots,Soldier Field,61500,USA,Outdoor,Chicago,Grass
2024-11-10,2024,10,Dallas Cowboys,6.0,34.0,Philadelphia Eagles,AT&T Stadium,80000,USA,RetractableDome,Arlington,Artificial
2024-11-10,2024,10,Houston Texans,23.0,26.0,Detroit Lions,NRG Stadium,72220,USA,RetractableDome,Houston,Artificial
2024-11-10,2024,10,Indianapolis Colts,20.0,30.0,Buffalo Bills,Lucas Oil Stadium,67000,USA,RetractableDome,Indianapolis,Artificial
2024-11-10,2024,10,Jacksonville Jaguars,7.0,12.0,Minnesota Vikings,TIAA Bank Field,67814,USA,Outdoor,Jacksonville,Grass
2024-11-10,2024,10,Kansas City Chiefs,16.0,14.0,Denver Broncos,GEHA Field at Arrowhead Stadium,76416,USA,Outdoor,Kansas City,Grass
2024-11-10,2024,10,Los Angeles Chargers,27.0,17.0,Tennessee Titans,SoFi Stadium,47252,Brazil,Outdoor,Sao Paulo,Grass
2024-11-10,2024,10,New Orleans Saints,20.0,17.0,Atlanta Falcons,Caesars Superdome,73208,USA,Dome,New Orleans,Artificial
2024-11-10,2024,10,Tampa Bay Buccaneers,20.0,23.0,San Francisco 49ers,Raymond James Stadium,69218,USA,Outdoor,Tampa Bay,Grass
2024-11-10,2024,10,Washington Commanders,27.0,28.0,Pittsburgh Steelers,FedEx Field,62000,USA,Outdoor,Landover,Grass
2024-11-11,2024,10,Los Angeles Rams,15.0,23.0,Miami Dolphins,SoFi Stadium,70240,USA,Dome,Inglewood,Artificial
2024-11-14,2024,11,Philadelphia Eagles,26.0,18.0,Washington Commanders,Lincoln Financial Field,67594,USA,Outdoor,Philadelphia,Grass
2024-11-17,2024,11,Buffalo Bills,30.0,21.0,Kansas City Chiefs,Highmark Stadium,71608,USA,Outdoor,Orchard Park,Artificial
2024-11-17,2024,11,Chicago Bears,19.0,20.0,Green Bay Packers,Soldier Field,61500,USA,Outdoor,Chicago,Grass
2024-11-17,2024,11,Denver Broncos,38.0,6.0,Atlanta Falcons,Empower Field at Mile High,76125,USA,Outdoor,Denver,Grass
2024-11-17,2024,11,Detroit Lions,52.0,6.0,Jacksonville Jaguars,Ford Field,65000,USA,Dome,Detroit,Artificial
2024-11-17,2024,11,Los Angeles Chargers,34.0,27.0,Cincinnati Bengals,SoFi Stadium,47252,Brazil,Outdoor,Sao Paulo,Grass
2024-11-17,2024,11,Miami Dolphins,34.0,19.0,Las Vegas Raiders,Hard Rock Stadium,64767,USA,Outdoor,Miami Gardens,Grass
2024-11-17,2024,11,New England Patriots,22.0,28.0,Los Angeles Rams,Gillette Stadium,64628,USA,Outdoor,Foxborough,Artificial
2024-11-17,2024,11,New Orleans Saints,35.0,14.0,Cleveland Browns,Caesars Superdome,73208,USA,Dome,New Orleans,Artificial
2024-11-17,2024,11,New York Jets,27.0,28.0,Indianapolis Colts,MetLife Stadium,82500,USA,Outdoor,East Rutherford,Artificial
2024-11-17,2024,11,Pittsburgh Steelers,18.0,16.0,Baltimore Ravens,Acrisure Stadium,68400,USA,Outdoor,Pittsburgh,Grass
2024-11-17,2024,11,San Francisco 49ers,17.0,20.0,Seattle Seahawks,Levi's Stadium,68500,USA,Outdoor,Santa Clara,Grass
2024-11-17,2024,11,Tennessee Titans,13.0,23.0,Minnesota Vikings,Nissan Stadium,69143,USA,Outdoor,Nashville,Grass
2024-11-18,2024,11,Dallas Cowboys,10.0,34.0,Houston Texans,AT&T Stadium,80000,USA,RetractableDome,Arlington,Artificial
2024-11-21,2024,12,Cleveland Browns,24.0,19.0,Pittsburgh Steelers,FirstEnergy Stadium,67431,USA,Outdoor,Cleveland,Grass
2024-11-24,2024,12,Carolina Panthers,27.0,30.0,Kansas City Chiefs,Bank of America Stadium,74867,USA,Outdoor,Charlotte,Artificial
2024-11-24,2024,12,Chicago Bears,27.0,30.0,Minnesota Vikings,Soldier Field,61500,USA,Outdoor,Chicago,Grass
2024-11-24,2024,12,Green Bay Packers,38.0,10.0,San Francisco 49ers,Lambeau Field,81441,USA,Outdoor,Green Bay,Grass
2024-11-24,2024,12,Houston Texans,27.0,32.0,Tennessee Titans,NRG Stadium,72220,USA,RetractableDome,Houston,Artificial
2024-11-24,2024,12,Indianapolis Colts,6.0,24.0,Detroit Lions,Lucas Oil Stadium,67000,USA,RetractableDome,Indianapolis,Artificial
2024-11-24,2024,12,Las Vegas Raiders,19.0,29.0,Denver Broncos,Allegiant Stadium,65000,USA,Dome,Las Vegas,Grass
2024-11-24,2024,12,Los Angeles Rams,20.0,37.0,Philadelphia Eagles,SoFi Stadium,70240,USA,Dome,Inglewood,Artificial
2024-11-24,2024,12,Miami Dolphins,34.0,15.0,New England Patriots,Hard Rock Stadium,64767,USA,Outdoor,Miami Gardens,Grass
2024-11-24,2024,12,New York Giants,7.0,30.0,Tampa Bay Buccaneers,MetLife Stadium,82500,USA,Outdoor,East Rutherford,Artificial
2024-11-24,2024,12,Seattle Seahawks,16.0,6.0,Arizona Cardinals,Lumen Field,68740,USA,Outdoor,Seattle,Artificial
2024-11-24,2024,12,Washington Commanders,26.0,34.0,Dallas Cowboys,FedEx Field,62000,USA,Outdoor,Landover,Grass
2024-11-25,2024,12,Los Angeles Chargers,23.0,30.0,Baltimore Ravens,SoFi Stadium,47252,Brazil,Outdoor,Sao Paulo,Grass
2024-11-28,2024,13,Dallas Cowboys,27.0,20.0,New York Giants,AT&T Stadium,80000,USA,RetractableDome,Arlington,Artificial
2024-11-28,2024,13,Detroit Lions,23.0,20.0,Chicago Bears,Ford Field,65000,USA,Dome,Detroit,Artificial
2024-11-28,2024,13,Green Bay Packers,30.0,17.0,Miami Dolphins,Lambeau Field,81441,USA,Outdoor,Green Bay,Grass
2024-11-29,2024,13,Kansas City Chiefs,19.0,17.0,Las Vegas Raiders,GEHA Field at Arrowhead Stadium,76416,USA,Outdoor,Kansas City,Grass
2024-12-01,2024,13,Atlanta Falcons,13.0,17.0,Los Angeles Chargers,Mercedes-Benz Stadium,71000,USA,RetractableDome,Atlanta,Artificial
2024-12-01,2024,13,Baltimore Ravens,19.0,24.0,Philadelphia Eagles,M&T Bank Stadium,71008,USA,Outdoor,Baltimore,Grass
2024-12-01,2024,13,Buffalo Bills,35.0,10.0,San Francisco 49ers,Highmark Stadium,71608,USA,Outdoor,Orchard Park,Artificial
2024-12-01,2024,13,Carolina Panthers,23.0,26.0,Tampa Bay Buccaneers,Bank of America Stadium,74867,USA,Outdoor,Charlotte,Artificial
2024-12-01,2024,13,Cincinnati Bengals,38.0,44.0,Pittsburgh Steelers,Paycor Stadium,65515,USA,Outdoor,Cincinnati,Artificial
2024-12-01,2024,13,Jacksonville Jaguars,20.0,23.0,Houston Texans,TIAA Bank Field,67814,USA,Outdoor,Jacksonville,Grass
2024-12-01,2024,13,Minnesota Vikings,23.0,22.0,Arizona Cardinals,U.S. Bank Stadium,66655,USA,Dome,Minneapolis,Artificial
2024-12-01,2024,13,New England Patriots,24.0,25.0,Indianapolis Colts,Gillette Stadium,64628,USA,Outdoor,Foxborough,Artificial
2024-12-01,2024,13,New Orleans Saints,14.0,21.0,Los Angeles Rams,Caesars Superdome,73208,USA,Dome,New Orleans,Artificial
2024-12-01,2024,13,New York Jets,21.0,26.0,Seattle Seahawks,MetLife Stadium,82500,USA,Outdoor,East Rutherford,Artificial
2024-12-01,2024,13,Washington Commanders,42.0,19.0,Tennessee Titans,FedEx Field,62000,USA,Outdoor,Landover,Grass
2024-12-02,2024,13,Denver Broncos,41.0,32.0,Cleveland Browns,Empower Field at Mile High,76125,USA,Outdoor,Denver,Grass
2024-12-05,2024,14,Detroit Lions,34.0,31.0,Green Bay Packers,Ford Field,65000,USA,Dome,Detroit,Artificial
2024-12-08,2024,14,Arizona Cardinals,18.0,30.0,Seattle Seahawks,State Farm Stadium,63400,USA,RetractableDome,Glendale,Grass
2024-12-08,2024,14,Kansas City Chiefs,19.0,17.0,Los Angeles Chargers,GEHA Field at Arrowhead Stadium,76416,USA,Outdoor,Kansas City,Grass
2024-12-08,2024,14,Los Angeles Rams,44.0,42.0,Buffalo Bills,SoFi Stadium,70240,USA,Dome,Inglewood,Artificial
2024-12-08,2024,14,Miami Dolphins,32.0,26.0,New York Jets,Hard Rock Stadium,64767,USA,Outdoor,Miami Gardens,Grass
2024-12-08,2024,14,Minnesota Vikings,42.0,21.0,Atlanta Falcons,U.S. Bank Stadium,66655,USA,Dome,Minneapolis,Artificial
2024-12-08,2024,14,New York Giants,11.0,14.0,New Orleans Saints,MetLife Stadium,82500,USA,Outdoor,East Rutherford,Artificial
2024-12-08,2024,14,Philadelphia Eagles,22.0,16.0,Carolina Panthers,Lincoln Financial Field,67594,USA,Outdoor,Philadelphia,Grass
2024-12-08,2024,14,Pittsburgh Steelers,27.0,14.0,Cleveland Browns,Acrisure Stadium,68400,USA,Outdoor,Pittsburgh,Grass
2024-12-08,2024,14,San Francisco 49ers,38.0,13.0,Chicago Bears,Levi's Stadium,68500,USA,Outdoor,Santa Clara,Grass
2024-12-08,2024,14,Tampa Bay Buccaneers,28.0,13.0,Las Vegas Raiders,Raymond James Stadium,69218,USA,Outdoor,Tampa Bay,Grass
2024-12-08,2024,14,Tennessee Titans,6.0,10.0,Jacksonville Jaguars,Nissan Stadium,69143,USA,Outdoor,Nashville,Grass
2024-12-09,2024,14,Dallas Cowboys,20.0,27.0,Cincinnati Bengals,AT&T Stadium,80000,USA,RetractableDome,Arlington,Artificial
2024-12-12,2024,15,San Francisco 49ers,6.0,12.0,Los Angeles Rams,Levi's Stadium,68500,USA,Outdoor,Santa Clara,Grass
2024-12-15,2024,15,Arizona Cardinals,30.0,17.0,New England Patriots,State Farm Stadium,63400,USA,RetractableDome,Glendale,Grass
2024-12-15,2024,15,Carolina Panthers,14.0,30.0,Dallas Cowboys,Bank of America Stadium,74867,USA,Outdoor,Charlotte,Artificial
2024-12-15,2024,15,Cleveland Browns,7.0,21.0,Kansas City Chiefs,FirstEnergy Stadium,67431,USA,Outdoor,Cleveland,Grass
2024-12-15,2024,15,Denver Broncos,31.0,13.0,Indianapolis Colts,Empower Field at Mile High,76125,USA,Outdoor,Denver,Grass
2024-12-15,2024,15,Detroit Lions,42.0,48.0,Buffalo Bills,Ford Field,65000,USA,Dome,Detroit,Artificial
2024-12-15,2024,15,Houston Texans,20.0,12.0,Miami Dolphins,NRG Stadium,72220,USA,RetractableDome,Houston,Artificial
2024-12-15,2024,15,Jacksonville Jaguars,25.0,32.0,New York Jets,TIAA Bank Field,67814,USA,Outdoor,Jacksonville,Grass
2024-12-15,2024,15,Los Angeles Chargers,17.0,40.0,Tampa Bay Buccaneers,SoFi Stadium,47252,Brazil,Outdoor,Sao Paulo,Grass
2024-12-15,2024,15,New Orleans Saints,19.0,20.0,Washington Commanders,Caesars Superdome,73208,USA,Dome,New Orleans,Artificial
2024-12-15,2024,15,New York Giants,14.0,35.0,Baltimore Ravens,MetLife Stadium,82500,USA,Outdoor,East Rutherford,Artificial
2024-12-15,2024,15,Philadelphia Eagles,27.0,13.0,Pittsburgh Steelers,Lincoln Financial Field,67594,USA,Outdoor,Philadelphia,Grass
2024-12-15,2024,15,Seattle Seahawks,13.0,30.0,Green Bay Packers,Lumen Field,68740,USA,Outdoor,Seattle,Artificial
2024-12-15,2024,15,Tennessee Titans,27.0,37.0,Cincinnati Bengals,Nissan Stadium,69143,USA,Outdoor,Nashville,Grass
2024-12-16,2024,15,Las Vegas Raiders,9.0,15.0,Atlanta Falcons,Allegiant Stadium,65000,USA,Dome,Las Vegas,Grass
2024-12-16,2024,15,Minnesota Vikings,30.0,12.0,Chicago Bears,U.S. Bank Stadium,66655,USA,Dome,Minneapolis,Artificial
2024-12-19,2024,16,Los Angeles Chargers,34.0,27.0,Denver Broncos,SoFi Stadium,47252,Brazil,Outdoor,Sao Paulo,Grass
2024-12-21,2024,16,Baltimore Ravens,34.0,17.0,Pittsburgh Steelers,M&T Bank Stadium,71008,USA,Outdoor,Baltimore,Grass
2024-12-21,2024,16,Kansas City Chiefs,27.0,19.0,Houston Texans,GEHA Field at Arrowhead Stadium,76416,USA,Outdoor,Kansas City,Grass
2024-12-22,2024,16,Atlanta Falcons,34.0,7.0,New York Giants,Mercedes-Benz Stadium,71000,USA,RetractableDome,Atlanta,Artificial
2024-12-22,2024,16,Buffalo Bills,24.0,21.0,New England Patriots,Highmark Stadium,71608,USA,Outdoor,Orchard Park,Artificial
2024-12-22,2024,16,Carolina Panthers,36.0,30.0,Arizona Cardinals,Bank of America Stadium,74867,USA,Outdoor,Charlotte,Artificial
2024-12-22,2024,16,Chicago Bears,17.0,34.0,Detroit Lions,Soldier Field,61500,USA,Outdoor,Chicago,Grass
2024-12-22,2024,16,Cincinnati Bengals,24.0,6.0,Cleveland Browns,Paycor Stadium,65515,USA,Outdoor,Cincinnati,Artificial
2024-12-22,2024,16,Dallas Cowboys,26.0,24.0,Tampa Bay Buccaneers,AT&T Stadium,80000,USA,RetractableDome,Arlington,Artificial
2024-12-22,2024,16,Indianapolis Colts,38.0,30.0,Tennessee Titans,Lucas Oil Stadium,67000,USA,RetractableDome,Indianapolis,Artificial
2024-12-22,2024,16,Las Vegas Raiders,19.0,14.0,Jacksonville Jaguars,Allegiant Stadium,65000,USA,Dome,Las Vegas,Grass
2024-12-22,2024,16,Miami Dolphins,29.0,17.0,San Francisco 49ers,Hard Rock Stadium,64767,USA,Outdoor,Miami Gardens,Grass
2024-12-22,2024,16,New York Jets,9.0,19.0,Los Angeles Rams,MetLife Stadium,82500,USA,Outdoor,East Rutherford,Artificial
2024-12-22,2024,16,Seattle Seahawks,24.0,27.0,Minnesota Vikings,Lumen Field,68740,USA,Outdoor,Seattle,Artificial
2024-12-22,2024,16,Washington Commanders,36.0,33.0,Philadelphia Eagles,FedEx Field,62000,USA,Outdoor,Landover,Grass
2024-12-23,2024,16,Green Bay Packers,34.0,0.0,New Orleans Saints,Lambeau Field,81441,USA,Outdoor,Green Bay,Grass
2024-12-25,2024,17,Houston Texans,2.0,31.0,Baltimore Ravens,NRG Stadium,72220,USA,RetractableDome,Houston,Artificial
2024-12-25,2024,17,Pittsburgh Steelers,10.0,29.0,Kansas City Chiefs,Acrisure Stadium,68400,USA,Outdoor,Pittsburgh,Grass
2024-12-26,2024,17,Chicago Bears,3.0,6.0,Seattle Seahawks,Soldier Field,61500,USA,Outdoor,Chicago,Grass
2024-12-28,2024,17,Buffalo Bills,40.0,14.0,New York Jets,Paycor Stadium,71608,USA,Outdoor,Orchard Park,Artificial
2024-12-28,2024,17,Cincinnati Bengals,30.0,24.0,Denver Broncos,SoFi Stadium,65515,USA,Outdoor,Cincinnati,Artificial
2024-12-28,2024,17,Los Angeles Rams,13.0,9.0,Arizona Cardinals,Gillette Stadium,70240,USA,Dome,Inglewood,Artificial
2024-12-28,2024,17,New England Patriots,7.0,40.0,Los Angeles Chargers,MetLife Stadium,64628,USA,Outdoor,Foxborough,Artificial
2024-12-29,2024,17,Cleveland Browns,3.0,20.0,Miami Dolphins,FirstEnergy Stadium,67431,USA,Outdoor,Cleveland,Grass
2024-12-29,2024,17,Jacksonville Jaguars,20.0,13.0,Tennessee Titans,TIAA Bank Field,67814,USA,Outdoor,Jacksonville,Grass
2024-12-29,2024,17,Minnesota Vikings,27.0,25.0,Green Bay Packers,U.S. Bank Stadium,66655,USA,Dome,Minneapolis,Artificial
2024-12-29,2024,17,New Orleans Saints,10.0,25.0,Las Vegas Raiders,Caesars Superdome,73208,USA,Dome,New Orleans,Artificial
2024-12-29,2024,17,New York Giants,45.0,33.0,Indianapolis Colts,Highmark Stadium,82500,USA,Outdoor,East Rutherford,Artificial
2024-12-29,2024,17,Philadelphia Eagles,41.0,7.0,Dallas Cowboys,Lincoln Financial Field,67594,USA,Outdoor,Philadelphia,Grass
2024-12-29,2024,17,Tampa Bay Buccaneers,48.0,14.0,Carolina Panthers,Raymond James Stadium,69218,USA,Outdoor,Tampa Bay,Grass
2024-12-29,2024,17,Washington Commanders,30.0,24.0,Atlanta Falcons,FedEx Field,62000,USA,Outdoor,Landover,Grass
2024-12-30,2024,17,San Francisco 49ers,34.0,40.0,Detroit Lions,Levi's Stadium,68500,USA,Outdoor,Santa Clara,Grass
2025-09-04,2025,1,Philadelphia Eagles,,,Dallas Cowboys,Lincoln Financial Field,67594,USA,Outdoor,Philadelphia,Grass
2025-09-05,2025,1,Los Angeles Chargers,,,Kansas City Chiefs,Arena Corinthians,47252,Brazil,Outdoor,Sao Paulo,Grass
2025-09-07,2025,1,Atlanta Falcons,,,Tampa Bay Buccaneers,Mercedes-Benz Stadium,71000,USA,RetractableDome,Atlanta,Artificial
2025-09-07,2025,1,Cleveland Browns,,,Cincinnati Bengals,Huntington Bank Field,67431,USA,Outdoor,Cleveland,Grass
2025-09-07,2025,1,Indianapolis Colts,,,Miami Dolphins,Lucas Oil Stadium,67000,USA,RetractableDome,Indianapolis,Artificial
2025-09-07,2025,1,Jacksonville Jaguars,,,Carolina Panthers,EverBank Stadium,67814,USA,Outdoor,Jacksonville,Grass
2025-09-07,2025,1,New England Patriots,,,Las Vegas Raiders,Gillette Stadium,64628,USA,Outdoor,Foxborough,Artificial
2025-09-07,2025,1,New Orleans Saints,,,Arizona Cardinals,Caesars Superdome,73208,USA,Dome,New Orleans,Artificial
2025-09-07,2025,1,New York Jets,,,Pittsburgh Steelers,MetLife Stadium,82500,USA,Outdoor,East Rutherford,Artificial
2025-09-07,2025,1,Washington Commanders,,,New York Giants,Northwest Stadium,62000,USA,Outdoor,Landover,Grass
2025-09-07,2025,1,Denver Broncos,,,Tennessee Titans,Empower Field at Mile High,76125,USA,Outdoor,Denver,Grass
2025-09-07,2025,1,Seattle Seahawks,,,San Francisco 49ers,Lumen Field,68740,USA,Outdoor,Seattle,Artificial
2025-09-07,2025,1,Green Bay Packers,,,Detroit Lions,Lambeau Field,81441,USA,Outdoor,Green Bay,Grass
2025-09-07,2025,1,Los Angeles Rams,,,Houston Texans,SoFi Stadium,70240,USA,Dome,Inglewood,Artificial
2025-09-07,2025,1,Buffalo Bills,,,Baltimore Ravens,Highmark Stadium,71608,USA,Outdoor,Orchard Park,Artificial
2025-09-08,2025,1,Chicago Bears,,,Minnesota Vikings,Soldier Field,61500,USA,Outdoor,Chicago,Grass
2025-09-11,2025,2,Green Bay Packers,,,Washington Commanders,Lambeau Field,81441,USA,Outdoor,Green Bay,Grass
2025-09-14,2025,2,Baltimore Ravens,,,Cleveland Browns,M&T Bank Stadium,71008,USA,Outdoor,Baltimore,Grass
2025-09-14,2025,2,Cincinnati Bengals,,,Jacksonville Jaguars,Paycor Stadium,65515,USA,Outdoor,Cincinnati,Artificial
2025-09-14,2025,2,Dallas Cowboys,,,New York Giants,AT&T Stadium,80000,USA,RetractableDome,Arlington,Artificial
2025-09-14,2025,2,Detroit Lions,,,Chicago Bears,Ford Field,65000,USA,Dome,Detroit,Artificial
2025-09-14,2025,2,Miami Dolphins,,,New England Patriots,Hard Rock Stadium,64767,USA,Outdoor,Miami Gardens,Grass
2025-09-14,2025,2,New Orleans Saints,,,San Francisco 49ers,Caesars Superdome,73208,USA,Dome,New Orleans,Artificial
2025-09-14,2025,2,New York Jets,,,Buffalo Bills,MetLife Stadium,82500,USA,Outdoor,East Rutherford,Artificial
2025-09-14,2025,2,Pittsburgh Steelers,,,Seattle Seahawks,Acrisure Stadium,68400,USA,Outdoor,Pittsburgh,Grass
2025-09-14,2025,2,Tennessee Titans,,,Los Angeles Rams,Nissan Stadium,69143,USA,Outdoor,Nashville,Grass
2025-09-14,2025,2,Arizona Cardinals,,,Carolina Panthers,State Farm Stadium,63400,USA,RetractableDome,Glendale,Grass
2025-09-14,2025,2,Indianapolis Colts,,,Denver Broncos,Lucas Oil Stadium,67000,USA,RetractableDome,Indianapolis,Artificial
2025-09-14,2025,2,Kansas City Chiefs,,,Philadelphia Eagles,Arrowhead Stadium,76416,USA,Outdoor,Kansas City,Grass
2025-09-14,2025,2,Minnesota Vikings,,,Atlanta Falcons,U.S. Bank Stadium,66655,USA,Dome,Minneapolis,Artificial
2025-09-15,2025,2,Houston Texans,,,Tampa Bay Buccaneers,NRG Stadium,72220,USA,RetractableDome,Houston,Artificial
2025-09-15,2025,2,Las Vegas Raiders,,,Los Angeles Chargers,Allegiant Stadium,65000,USA,Dome,Las Vegas,Grass
2025-09-18,2025,3,Buffalo Bills,,,Miami Dolphins,Highmark Stadium,71608,USA,Outdoor,Orchard Park,Artificial
2025-09-21,2025,3,Carolina Panthers,,,Atlanta Falcons,Bank of America Stadium,74867,USA,Outdoor,Charlotte,Artificial
2025-09-21,2025,3,Cleveland Browns,,,Green Bay Packers,Huntington Bank Field,67431,USA,Outdoor,Cleveland,Grass
2025-09-21,2025,3,Jacksonville Jaguars,,,Houston Texans,EverBank Stadium,67814,USA,Outdoor,Jacksonville,Grass
2025-09-21,2025,3,Minnesota Vikings,,,Cincinnati Bengals,U.S. Bank Stadium,66655,USA,Dome,Minneapolis,Artificial
2025-09-21,2025,3,New England Patriots,,,Pittsburgh Steelers,Gillette Stadium,64628,USA,Outdoor,Foxborough,Artificial
2025-09-21,2025,3,Philadelphia Eagles,,,Los Angeles Rams,Lincoln Financial Field,67594,USA,Outdoor,Philadelphia,Grass
2025-09-21,2025,3,Tampa Bay Buccaneers,,,New York Jets,Raymond James Stadium,69218,USA,Outdoor,Tampa Bay,Grass
2025-09-21,2025,3,Tennessee Titans,,,Indianapolis Colts,Nissan Stadium,69143,USA,Outdoor,Nashville,Grass
2025-09-21,2025,3,Washington Commanders,,,Las Vegas Raiders,Northwest Stadium,62000,USA,Outdoor,Landover,Grass
2025-09-21,2025,3,Los Angeles Chargers,,,Denver Broncos,SoFi Stadium,70240,USA,Dome,Inglewood,Artificial
2025-09-21,2025,3,Seattle Seahawks,,,New Orleans Saints,Lumen Field,68740,USA,Outdoor,Seattle,Artificial
2025-09-21,2025,3,Chicago Bears,,,Dallas Cowboys,Soldier Field,61500,USA,Outdoor,Chicago,Grass
2025-09-21,2025,3,San Francisco 49ers,,,Arizona Cardinals,Levi's Stadium,68500,USA,Outdoor,Santa Clara,Grass
2025-09-21,2025,3,New York Giants,,,Kansas City Chiefs,MetLife Stadium,82500,USA,Outdoor,East Rutherford,Artificial
2025-09-22,2025,3,Baltimore Ravens,,,Detroit Lions,M&T Bank Stadium,71008,USA,Outdoor,Baltimore,Grass
2025-09-25,2025,4,Arizona Cardinals,,,Seattle Seahawks,State Farm Stadium,63400,USA,RetractableDome,Glendale,Grass
2025-09-28,2025,4,Pittsburgh Steelers,,,Minnesota Vikings,Croke Park,82300,Ireland,Outdoor,Dublin,Grass
2025-09-28,2025,4,Atlanta Falcons,,,Washington Commanders,Mercedes-Benz Stadium,71000,USA,RetractableDome,Atlanta,Artificial
2025-09-28,2025,4,Buffalo Bills,,,New Orleans Saints,Highmark Stadium,71608,USA,Outdoor,Orchard Park,Artificial
2025-09-28,2025,4,Detroit Lions,,,Cleveland Browns,Ford Field,65000,USA,Dome,Detroit,Artificial
2025-09-28,2025,4,Houston Texans,,,Tennessee Titans,NRG Stadium,72220,USA,RetractableDome,Houston,Artificial
2025-09-28,2025,4,New England Patriots,,,Carolina Panthers,Gillette Stadium,64628,USA,Outdoor,Foxborough,Artificial
2025-09-28,2025,4,New York Giants,,,Los Angeles Chargers,MetLife Stadium,82500,USA,Outdoor,East Rutherford,Artificial
2025-09-28,2025,4,Tampa Bay Buccaneers,,,Philadelphia Eagles,Raymond James Stadium,69218,USA,Outdoor,Tampa Bay,Grass
2025-09-28,2025,4,Los Angeles Rams,,,Indianapolis Colts,SoFi Stadium,70240,USA,Dome,Inglewood,Artificial
2025-09-28,2025,4,San Francisco 49ers,,,Jacksonville Jaguars,Levi's Stadium,68500,USA,Outdoor,Santa Clara,Grass
2025-09-28,2025,4,Kansas City Chiefs,,,Baltimore Ravens,Arrowhead Stadium,76416,USA,Outdoor,Kansas City,Grass
2025-09-28,2025,4,Las Vegas Raiders,,,Chicago Bears,Allegiant Stadium,65000,USA,Dome,Las Vegas,Grass
2025-09-28,2025,4,Dallas Cowboys,,,Green Bay Packers,AT&T Stadium,80000,USA,RetractableDome,Arlington,Artificial
2025-09-29,2025,4,Miami Dolphins,,,New York Jets,Hard Rock Stadium,64767,USA,Outdoor,Miami Gardens,Grass
2025-09-29,2025,4,Denver Broncos,,,Cincinnati Bengals,Empower Field at Mile High,76125,USA,Outdoor,Denver,Grass
2025-10-02,2025,5,Los Angeles Rams,,,San Francisco 49ers,SoFi Stadium,70240,USA,Dome,Inglewood,Artificial
2025-10-05,2025,5,Cleveland Browns,,,Minnesota Vikings,Tottenham Hotspur Stadium,62062,UK,Outdoor,London,Artificial
2025-10-05,2025,5,Baltimore Ravens,,,Houston Texans,M&T Bank Stadium,71008,USA,Outdoor,Baltimore,Grass
2025-10-05,2025,5,Carolina Panthers,,,Miami Dolphins,Bank of America Stadium,74867,USA,Outdoor,Charlotte,Artificial
2025-10-05,2025,5,Indianapolis Colts,,,Las Vegas Raiders,Lucas Oil Stadium,67000,USA,RetractableDome,Indianapolis,Artificial
2025-10-05,2025,5,New Orleans Saints,,,New York Giants,Caesars Superdome,73208,USA,Dome,New Orleans,Artificial
2025-10-05,2025,5,New York Jets,,,Dallas Cowboys,MetLife Stadium,82500,USA,Outdoor,East Rutherford,Artificial
2025-10-05,2025,5,Philadelphia Eagles,,,Denver Broncos,Lincoln Financial Field,67594,USA,Outdoor,Philadelphia,Grass
2025-10-05,2025,5,Arizona Cardinals,,,Tennessee Titans,State Farm Stadium,63400,USA,RetractableDome,Glendale,Grass
2025-10-05,2025,5,Seattle Seahawks,,,Tampa Bay Buccaneers,Lumen Field,68740,USA,Outdoor,Seattle,Artificial
2025-10-05,2025,5,Cincinnati Bengals,,,Detroit Lions,Paycor Stadium,65515,USA,Outdoor,Cincinnati,Artificial
2025-10-05,2025,5,Los Angeles Chargers,,,Washington Commanders,SoFi Stadium,70240,USA,Dome,Inglewood,Artificial
2025-10-05,2025,5,Buffalo Bills,,,New England Patriots,Highmark Stadium,71608,USA,Outdoor,Orchard Park,Artificial
2025-10-06,2025,5,Jacksonville Jaguars,,,Kansas City Chiefs,EverBank Stadium,67814,USA,Outdoor,Jacksonville,Grass
2025-10-09,2025,6,New York Giants,,,Philadelphia Eagles,MetLife Stadium,82500,USA,Outdoor,East Rutherford,Artificial
2025-10-12,2025,6,New York Jets,,,Denver Broncos,Tottenham Hotspur Stadium,62062,UK,Outdoor,London,Artificial
2025-10-12,2025,6,Baltimore Ravens,,,Los Angeles Rams,M&T Bank Stadium,71008,USA,Outdoor,Baltimore,Grass
2025-10-12,2025,6,Carolina Panthers,,,Dallas Cowboys,Bank of America Stadium,74867,USA,Outdoor,Charlotte,Artificial
2025-10-12,2025,6,Indianapolis Colts,,,Arizona Cardinals,Lucas Oil Stadium,67000,USA,RetractableDome,Indianapolis,Artificial
2025-10-12,2025,6,Jacksonville Jaguars,,,Seattle Seahawks,EverBank Stadium,67814,USA,Outdoor,Jacksonville,Grass
2025-10-12,2025,6,Miami Dolphins,,,Los Angeles Chargers,Hard Rock Stadium,64767,USA,Outdoor,Miami Gardens,Grass
2025-10-12,2025,6,New Orleans Saints,,,New England Patriots,Caesars Superdome,73208,USA,Dome,New Orleans,Artificial
2025-10-12,2025,6,Pittsburgh Steelers,,,Cleveland Browns,Acrisure Stadium,68400,USA,Outdoor,Pittsburgh,Grass
2025-10-12,2025,6,Las Vegas Raiders,,,Tennessee Titans,Allegiant Stadium,65000,USA,Dome,Las Vegas,Grass
2025-10-12,2025,6,Green Bay Packers,,,Cincinnati Bengals,Lambeau Field,81441,USA,Outdoor,Green Bay,Grass
2025-10-12,2025,6,Tampa Bay Buccaneers,,,San Francisco 49ers,Raymond James Stadium,69218,USA,Outdoor,Tampa Bay,Grass
2025-10-12,2025,6,Kansas City Chiefs,,,Detroit Lions,Arrowhead Stadium,76416,USA,Outdoor,Kansas City,Grass
2025-10-13,2025,6,Atlanta Falcons,,,Buffalo Bills,Mercedes-Benz Stadium,71000,USA,RetractableDome,Atlanta,Artificial
2025-10-13,2025,6,Washington Commanders,,,Chicago Bears,Northwest Stadium,62000,USA,Outdoor,Landover,Grass
2025-10-16,2025,7,Cincinnati Bengals,,,Pittsburgh Steelers,Paycor Stadium,65515,USA,Outdoor,Cincinnati,Artificial
2025-10-19,2025,7,Jacksonville Jaguars,,,Los Angeles Rams,Wembley Stadium,86000,UK,RetractableDome,London,Grass
2025-10-19,2025,7,Chicago Bears,,,New Orleans Saints,Soldier Field,61500,USA,Outdoor,Chicago,Grass
2025-10-19,2025,7,Cleveland Browns,,,Miami Dolphins,Huntington Bank Field,67431,USA,Outdoor,Cleveland,Grass
2025-10-19,2025,7,Kansas City Chiefs,,,Las Vegas Raiders,Arrowhead Stadium,76416,USA,Outdoor,Kansas City,Grass
2025-10-19,2025,7,Minnesota Vikings,,,Philadelphia Eagles,U.S. Bank Stadium,66655,USA,Dome,Minneapolis,Artificial
2025-10-19,2025,7,New York Jets,,,Carolina Panthers,MetLife Stadium,82500,USA,Outdoor,East Rutherford,Artificial
2025-10-19,2025,7,Tennessee Titans,,,New England Patriots,Nissan Stadium,69143,USA,Outdoor,Nashville,Grass
2025-10-19,2025,7,Denver Broncos,,,New York Giants,Empower Field at Mile High,76125,USA,Outdoor,Denver,Grass
2025-10-19,2025,7,Los Angeles Chargers,,,Indianapolis Colts,SoFi Stadium,70240,USA,Dome,Inglewood,Artificial
2025-10-19,2025,7,Arizona Cardinals,,,Green Bay Packers,State Farm Stadium,63400,USA,RetractableDome,Glendale,Grass
2025-10-19,2025,7,Dallas Cowboys,,,Washington Commanders,AT&T Stadium,80000,USA,RetractableDome,Arlington,Artificial
2025-10-19,2025,7,San Francisco 49ers,,,Atlanta Falcons,Levi's Stadium,68500,USA,Outdoor,Santa Clara,Grass
2025-10-20,2025,7,Detroit Lions,,,Tampa Bay Buccaneers,Ford Field,65000,USA,Dome,Detroit,Artificial
2025-10-20,2025,7,Seattle Seahawks,,,Houston Texans,Lumen Field,68740,USA,Outdoor,Seattle,Artificial
2025-10-23,2025,8,Los Angeles Chargers,,,Minnesota Vikings,SoFi Stadium,70240,USA,Dome,Inglewood,Artificial
2025-10-26,2025,8,Atlanta Falcons,,,Miami Dolphins,Mercedes-Benz Stadium,71000,USA,RetractableDome,Atlanta,Artificial
2025-10-26,2025,8,Baltimore Ravens,,,Chicago Bears,M&T Bank Stadium,71008,USA,Outdoor,Baltimore,Grass
2025-10-26,2025,8,Carolina Panthers,,,Buffalo Bills,Bank of America Stadium,74867,USA,Outdoor,Charlotte,Artificial
2025-10-26,2025,8,Cincinnati Bengals,,,New York Jets,Paycor Stadium,65515,USA,Outdoor,Cincinnati,Artificial
2025-10-26,2025,8,Houston Texans,,,San Francisco 49ers,NRG Stadium,72220,USA,RetractableDome,Houston,Artificial
2025-10-26,2025,8,New England Patriots,,,Cleveland Browns,Gillette Stadium,64628,USA,Outdoor,Foxborough,Artificial
2025-10-26,2025,8,Philadelphia Eagles,,,New York Giants,Lincoln Financial Field,67594,USA,Outdoor,Philadelphia,Grass
2025-10-26,2025,8,New Orleans Saints,,,Tampa Bay Buccaneers,Caesars Superdome,73208,USA,Dome,New Orleans,Artificial
2025-10-26,2025,8,Denver Broncos,,,Dallas Cowboys,Empower Field at Mile High,76125,USA,Outdoor,Denver,Grass
2025-10-26,2025,8,Indianapolis Colts,,,Tennessee Titans,Lucas Oil Stadium,67000,USA,RetractableDome,Indianapolis,Artificial
2025-10-26,2025,8,Pittsburgh Steelers,,,Green Bay Packers,Acrisure Stadium,68400,USA,Outdoor,Pittsburgh,Grass
2025-10-27,2025,8,Kansas City Chiefs,,,Washington Commanders,Arrowhead Stadium,76416,USA,Outdoor,Kansas City,Grass
2025-10-30,2025,9,Miami Dolphins,,,Baltimore Ravens,Hard Rock Stadium,64767,USA,Outdoor,Miami Gardens,Grass
2025-11-02,2025,9,Cincinnati Bengals,,,Chicago Bears,Paycor Stadium,65515,USA,Outdoor,Cincinnati,Artificial
2025-11-02,2025,9,Detroit Lions,,,Minnesota Vikings,Ford Field,65000,USA,Dome,Detroit,Artificial
2025-11-02,2025,9,Green Bay Packers,,,Carolina Panthers,Lambeau Field,81441,USA,Outdoor,Green Bay,Grass
2025-11-02,2025,9,Houston Texans,,,Denver Broncos,NRG Stadium,72220,USA,RetractableDome,Houston,Artificial
2025-11-02,2025,9,New England Patriots,,,Atlanta Falcons,Gillette Stadium,64628,USA,Outdoor,Foxborough,Artificial
2025-11-02,2025,9,New York Giants,,,San Francisco 49ers,MetLife Stadium,82500,USA,Outdoor,East Rutherford,Artificial
2025-11-02,2025,9,Pittsburgh Steelers,,,Indianapolis Colts,Acrisure Stadium,68400,USA,Outdoor,Pittsburgh,Grass
2025-11-02,2025,9,Tennessee Titans,,,Los Angeles Chargers,Nissan Stadium,69143,USA,Outdoor,Nashville,Grass
2025-11-02,2025,9,Los Angeles Rams,,,New Orleans Saints,SoFi Stadium,70240,USA,Dome,Inglewood,Artificial
2025-11-02,2025,9,Las Vegas Raiders,,,Jacksonville Jaguars,Allegiant Stadium,65000,USA,Dome,Las Vegas,Grass
2025-11-02,2025,9,Buffalo Bills,,,Kansas City Chiefs,Highmark Stadium,71608,USA,Outdoor,Orchard Park,Artificial
2025-11-02,2025,9,Washington Commanders,,,Seattle Seahawks,Northwest Stadium,62000,USA,Outdoor,Landover,Grass
2025-11-03,2025,9,Dallas Cowboys,,,Arizona Cardinals,AT&T Stadium,80000,USA,RetractableDome,Arlington,Artificial
2025-11-06,2025,10,Denver Broncos,,,Las Vegas Raiders,Empower Field at Mile High,76125,USA,Outdoor,Denver,Grass
2025-11-09,2025,10,Indianapolis Colts,,,Atlanta Falcons,Olympiastadion,74475,Germany,Outdoor,Berlin,Grass
2025-11-09,2025,10,Carolina Panthers,,,New Orleans Saints,Bank of America Stadium,74867,USA,Outdoor,Charlotte,Artificial
2025-11-09,2025,10,Chicago Bears,,,New York Giants,Soldier Field,61500,USA,Outdoor,Chicago,Grass
2025-11-09,2025,10,Houston Texans,,,Jacksonville Jaguars,NRG Stadium,72220,USA,RetractableDome,Houston,Artificial
2025-11-09,2025,10,Miami Dolphins,,,Buffalo Bills,Hard Rock Stadium,64767,USA,Outdoor,Miami Gardens,Grass
2025-11-09,2025,10,Minnesota Vikings,,,Baltimore Ravens,U.S. Bank Stadium,66655,USA,Dome,Minneapolis,Artificial
2025-11-09,2025,10,New York Jets,,,Cleveland Browns,MetLife Stadium,82500,USA,Outdoor,East Rutherford,Artificial
2025-11-09,2025,10,Tampa Bay Buccaneers,,,New England Patriots,Raymond James Stadium,69218,USA,Outdoor,Tampa Bay,Grass
2025-11-09,2025,10,Seattle Seahawks,,,Arizona Cardinals,Lumen Field,68740,USA,Outdoor,Seattle,Artificial
2025-11-09,2025,10,San Francisco 49ers,,,Los Angeles Rams,Levi's Stadium,68500,USA,Outdoor,Santa Clara,Grass
2025-11-09,2025,10,Washington Commanders,,,Detroit Lions,Northwest Stadium,62000,USA,Outdoor,Landover,Grass
2025-11-09,2025,10,Los Angeles Chargers,,,Pittsburgh Steelers,SoFi Stadium,70240,USA,Dome,Inglewood,Artificial
2025-11-10,2025,10,Green Bay Packers,,,Philadelphia Eagles,Lambeau Field,81441,USA,Outdoor,Green Bay,Grass
2025-11-13,2025,11,New England Patriots,,,New York Jets,Gillette Stadium,64628,USA,Outdoor,Foxborough,Artificial
2025-11-16,2025,11,Miami Dolphins,,,Washington Commanders,Santiago Bernabéu Stadium,78297,Spain,Retractable Dome,Madrid,Artificial
2025-11-16,2025,11,Atlanta Falcons,,,Carolina Panthers,Mercedes-Benz Stadium,71000,USA,RetractableDome,Atlanta,Artificial
2025-11-16,2025,11,Buffalo Bills,,,Tampa Bay Buccaneers,Highmark Stadium,71608,USA,Outdoor,Orchard Park,Artificial
2025-11-16,2025,11,Jacksonville Jaguars,,,Los Angeles Chargers,EverBank Stadium,67814,USA,Outdoor,Jacksonville,Grass
2025-11-16,2025,11,Minnesota Vikings,,,Chicago Bears,U.S. Bank Stadium,66655,USA,Dome,Minneapolis,Artificial
2025-11-16,2025,11,New York Giants,,,Green Bay Packers,MetLife Stadium,82500,USA,Outdoor,East Rutherford,Artificial
2025-11-16,2025,11,Pittsburgh Steelers,,,Cincinnati Bengals,Acrisure Stadium,68400,USA,Outdoor,Pittsburgh,Grass
2025-11-16,2025,11,Tennessee Titans,,,Houston Texans,Nissan Stadium,69143,USA,Outdoor,Nashville,Grass
2025-11-16,2025,11,Arizona Cardinals,,,San Francisco 49ers,State Farm Stadium,63400,USA,RetractableDome,Glendale,Grass
2025-11-16,2025,11,Los Angeles Rams,,,Seattle Seahawks,SoFi Stadium,70240,USA,Dome,Inglewood,Artificial
2025-11-16,2025,11,Cleveland Browns,,,Baltimore Ravens,Huntington Bank Field,67431,USA,Outdoor,Cleveland,Grass
2025-11-16,2025,11,Denver Broncos,,,Kansas City Chiefs,Empower Field at Mile High,76125,USA,Outdoor,Denver,Grass
2025-11-16,2025,11,Philadelphia Eagles,,,Detroit Lions,Lincoln Financial Field,67594,USA,Outdoor,Philadelphia,Grass
2025-11-17,2025,11,Las Vegas Raiders,,,Dallas Cowboys,Allegiant Stadium,65000,USA,Dome,Las Vegas,Grass
2025-11-20,2025,12,Houston Texans,,,Buffalo Bills,NRG Stadium,72220,USA,RetractableDome,Houston,Artificial
2025-11-23,2025,12,Baltimore Ravens,,,New York Jets,M&T Bank Stadium,71008,USA,Outdoor,Baltimore,Grass
2025-11-23,2025,12,Chicago Bears,,,Pittsburgh Steelers,Soldier Field,61500,USA,Outdoor,Chicago,Grass
2025-11-23,2025,12,Cincinnati Bengals,,,New England Patriots,Paycor Stadium,65515,USA,Outdoor,Cincinnati,Artificial
2025-11-23,2025,12,Detroit Lions,,,New York Giants,Ford Field,65000,USA,Dome,Detroit,Artificial
2025-11-23,2025,12,Green Bay Packers,,,Minnesota Vikings,Lambeau Field,81441,USA,Outdoor,Green Bay,Grass
2025-11-23,2025,12,Kansas City Chiefs,,,Indianapolis Colts,Arrowhead Stadium,76416,USA,Outdoor,Kansas City,Grass
2025-11-23,2025,12,Tennessee Titans,,,Seattle Seahawks,Nissan Stadium,69143,USA,Outdoor,Nashville,Grass
2025-11-23,2025,12,Arizona Cardinals,,,Jacksonville Jaguars,State Farm Stadium,63400,USA,RetractableDome,Glendale,Grass
2025-11-23,2025,12,Las Vegas Raiders,,,Cleveland Browns,Allegiant Stadium,65000,USA,Dome,Las Vegas,Grass
2025-11-23,2025,12,Dallas Cowboys,,,Philadelphia Eagles,AT&T Stadium,80000,USA,RetractableDome,Arlington,Artificial
2025-11-23,2025,12,New Orleans Saints,,,Atlanta Falcons,Caesars Superdome,73208,USA,Dome,New Orleans,Artificial
2025-11-23,2025,12,Los Angeles Rams,,,Tampa Bay Buccaneers,SoFi Stadium,70240,USA,Dome,Inglewood,Artificial
2025-11-24,2025,12,San Francisco 49ers,,,Carolina Panthers,Levi's Stadium,68500,USA,Outdoor,Santa Clara,Grass
2025-11-27,2025,13,Detroit Lions,,,Green Bay Packers,Ford Field,65000,USA,Dome,Detroit,Artificial
2025-11-27,2025,13,Dallas Cowboys,,,Kansas City Chiefs,AT&T Stadium,80000,USA,RetractableDome,Arlington,Artificial
2025-11-27,2025,13,Baltimore Ravens,,,Cincinnati Bengals,M&T Bank Stadium,71008,USA,Outdoor,Baltimore,Grass
2025-11-28,2025,13,Philadelphia Eagles,,,Chicago Bears,Lincoln Financial Field,67594,USA,Outdoor,Philadelphia,Grass
2025-11-30,2025,13,Carolina Panthers,,,Los Angeles Rams,Bank of America Stadium,74867,USA,Outdoor,Charlotte,Artificial
2025-11-30,2025,13,Cleveland Browns,,,San Francisco 49ers,Huntington Bank Field,67431,USA,Outdoor,Cleveland,Grass
2025-11-30,2025,13,Indianapolis Colts,,,Houston Texans,Lucas Oil Stadium,67000,USA,RetractableDome,Indianapolis,Artificial
2025-11-30,2025,13,Miami Dolphins,,,New Orleans Saints,Hard Rock Stadium,64767,USA,Outdoor,Miami Gardens,Grass
2025-11-30,2025,13,New York Jets,,,Atlanta Falcons,MetLife Stadium,82500,USA,Outdoor,East Rutherford,Artificial
2025-11-30,2025,13,Tampa Bay Buccaneers,,,Arizona Cardinals,Raymond James Stadium,69218,USA,Outdoor,Tampa Bay,Grass
2025-11-30,2025,13,Tennessee Titans,,,Jacksonville Jaguars,Nissan Stadium,69143,USA,Outdoor,Nashville,Grass
2025-11-30,2025,13,Seattle Seahawks,,,Minnesota Vikings,Lumen Field,68740,USA,Outdoor,Seattle,Artificial
2025-11-30,2025,13,Los Angeles Chargers,,,Las Vegas Raiders,SoFi Stadium,70240,USA,Dome,Inglewood,Artificial
2025-11-30,2025,13,Pittsburgh Steelers,,,Buffalo Bills,Acrisure Stadium,68400,USA,Outdoor,Pittsburgh,Grass
2025-11-30,2025,13,Washington Commanders,,,Denver Broncos,Northwest Stadium,62000,USA,Outdoor,Landover,Grass
2025-12-01,2025,13,New England Patriots,,,New York Giants,Gillette Stadium,64628,USA,Outdoor,Foxborough,Artificial
2025-12-04,2025,14,Detroit Lions,,,Dallas Cowboys,Ford Field,65000,USA,Dome,Detroit,Artificial
2025-12-07,2025,14,Atlanta Falcons,,,Seattle Seahawks,Mercedes-Benz Stadium,71000,USA,RetractableDome,Atlanta,Artificial
2025-12-07,2025,14,Baltimore Ravens,,,Pittsburgh Steelers,M&T Bank Stadium,71008,USA,Outdoor,Baltimore,Grass
2025-12-07,2025,14,Cleveland Browns,,,Tennessee Titans,Huntington Bank Field,67431,USA,Outdoor,Cleveland,Grass
2025-12-07,2025,14,Green Bay Packers,,,Chicago Bears,Lambeau Field,81441,USA,Outdoor,Green Bay,Grass
2025-12-07,2025,14,Jacksonville Jaguars,,,Indianapolis Colts,EverBank Stadium,67814,USA,Outdoor,Jacksonville,Grass
2025-12-07,2025,14,Minnesota Vikings,,,Washington Commanders,U.S. Bank Stadium,66655,USA,Dome,Minneapolis,Artificial
2025-12-07,2025,14,New York Jets,,,Miami Dolphins,MetLife Stadium,82500,USA,Outdoor,East Rutherford,Artificial
2025-12-07,2025,14,Tampa Bay Buccaneers,,,New Orleans Saints,Raymond James Stadium,69218,USA,Outdoor,Tampa Bay,Grass
2025-12-07,2025,14,Las Vegas Raiders,,,Denver Broncos,Allegiant Stadium,65000,USA,Dome,Las Vegas,Grass
2025-12-07,2025,14,Arizona Cardinals,,,Los Angeles Rams,State Farm Stadium,63400,USA,RetractableDome,Glendale,Grass
2025-12-07,2025,14,Buffalo Bills,,,Cincinnati Bengals,Highmark Stadium,71608,USA,Outdoor,Orchard Park,Artificial
2025-12-07,2025,14,Kansas City Chiefs,,,Houston Texans,Arrowhead Stadium,76416,USA,Outdoor,Kansas City,Grass
2025-12-08,2025,14,Los Angeles Chargers,,,Philadelphia Eagles,SoFi Stadium,70240,USA,Dome,Inglewood,Artificial
2025-12-11,2025,15,Tampa Bay Buccaneers,,,Atlanta Falcons,Raymond James Stadium,69218,USA,Outdoor,Tampa Bay,Grass
2025-12-14,2025,15,Chicago Bears,,,Cleveland Browns,Soldier Field,61500,USA,Outdoor,Chicago,Grass
2025-12-14,2025,15,Cincinnati Bengals,,,Baltimore Ravens,Paycor Stadium,65515,USA,Outdoor,Cincinnati,Artificial
2025-12-14,2025,15,Houston Texans,,,Arizona Cardinals,NRG Stadium,72220,USA,RetractableDome,Houston,Artificial
2025-12-14,2025,15,Jacksonville Jaguars,,,New York Jets,EverBank Stadium,67814,USA,Outdoor,Jacksonville,Grass
2025-12-14,2025,15,Kansas City Chiefs,,,Los Angeles Chargers,Arrowhead Stadium,76416,USA,Outdoor,Kansas City,Grass
2025-12-14,2025,15,New England Patriots,,,Buffalo Bills,Gillette Stadium,64628,USA,Outdoor,Foxborough,Artificial
2025-12-14,2025,15,New York Giants,,,Washington Commanders,MetLife Stadium,82500,USA,Outdoor,East Rutherford,Artificial
2025-12-14,2025,15,Philadelphia Eagles,,,Las Vegas Raiders,Lincoln Financial Field,67594,USA,Outdoor,Philadelphia,Grass
2025-12-14,2025,15,Denver Broncos,,,Green Bay Packers,Empower Field at Mile High,76125,USA,Outdoor,Denver,Grass
2025-12-14,2025,15,Los Angeles Rams,,,Detroit Lions,SoFi Stadium,70240,USA,Dome,Inglewood,Artificial
2025-12-14,2025,15,New Orleans Saints,,,Carolina Panthers,Caesars Superdome,73208,USA,Dome,New Orleans,Artificial
2025-12-14,2025,15,Seattle Seahawks,,,Indianapolis Colts,Lumen Field,68740,USA,Outdoor,Seattle,Artificial
2025-12-14,2025,15,San Francisco 49ers,,,Tennessee Titans,Levi's Stadium,68500,USA,Outdoor,Santa Clara,Grass
2025-12-14,2025,15,Dallas Cowboys,,,Minnesota Vikings,AT&T Stadium,80000,USA,RetractableDome,Arlington,Artificial
2025-12-15,2025,15,Pittsburgh Steelers,,,Miami Dolphins,Acrisure Stadium,68400,USA,Outdoor,Pittsburgh,Grass
2025-12-18,2025,16,Seattle Seahawks,,,Los Angeles Rams,Lumen Field,68740,USA,Outdoor,Seattle,Artificial
2025-12-20,2025,16,Chicago Bears,,,Green Bay Packers,Soldier Field,61500,USA,Outdoor,Chicago,Grass
2025-12-20,2025,16,Washington Commanders,,,Philadelphia Eagles,Northwest Stadium,62000,USA,Outdoor,Landover,Grass
2025-12-21,2025,16,Baltimore Ravens,,,New England Patriots,M&T Bank Stadium,71008,USA,Outdoor,Baltimore,Grass
2025-12-21,2025,16,Carolina Panthers,,,Tampa Bay Buccaneers,Bank of America Stadium,74867,USA,Outdoor,Charlotte,Artificial
2025-12-21,2025,16,Cleveland Browns,,,Buffalo Bills,Huntington Bank Field,67431,USA,Outdoor,Cleveland,Grass
2025-12-21,2025,16,Dallas Cowboys,,,Los Angeles Chargers,AT&T Stadium,80000,USA,RetractableDome,Arlington,Artificial
2025-12-21,2025,16,New Orleans Saints,,,New York Jets,Caesars Superdome,73208,USA,Dome,New Orleans,Artificial
2025-12-21,2025,16,New York Giants,,,Minnesota Vikings,MetLife Stadium,82500,USA,Outdoor,East Rutherford,Artificial
2025-12-21,2025,16,Tennessee Titans,,,Kansas City Chiefs,Nissan Stadium,69143,USA,Outdoor,Nashville,Grass
2025-12-21,2025,16,Arizona Cardinals,,,Atlanta Falcons,State Farm Stadium,63400,USA,RetractableDome,Glendale,Grass
2025-12-21,2025,16,Denver Broncos,,,Jacksonville Jaguars,Empower Field at Mile High,76125,USA,Outdoor,Denver,Grass
2025-12-21,2025,16,Detroit Lions,,,Pittsburgh Steelers,Ford Field,65000,USA,Dome,Detroit,Artificial
2025-12-21,2025,16,Houston Texans,,,Las Vegas Raiders,NRG Stadium,72220,USA,RetractableDome,Houston,Artificial
2025-12-21,2025,16,Miami Dolphins,,,Cincinnati Bengals,Hard Rock Stadium,64767,USA,Outdoor,Miami Gardens,Grass
2025-12-22,2025,16,Indianapolis Colts,,,San Francisco 49ers,Lucas Oil Stadium,67000,USA,RetractableDome,Indianapolis,Artificial
2025-12-25,2025,17,Washington Commanders,,,Dallas Cowboys,Northwest Stadium,62000,USA,Outdoor,Landover,Grass
2025-12-25,2025,17,Minnesota Vikings,,,Detroit Lions,U.S. Bank Stadium,66655,USA,Dome,Minneapolis,Artificial
2025-12-25,2025,17,Kansas City Chiefs,,,Denver Broncos,Arrowhead Stadium,76416,USA,Outdoor,Kansas City,Grass
2025-12-27,2025,17,Carolina Panthers,,,Seattle Seahawks,Bank of America Stadium,74867,USA,Outdoor,Charlotte,Artificial
2025-12-27,2025,17,Cincinnati Bengals,,,Arizona Cardinals,Paycor Stadium,65515,USA,Outdoor,Cincinnati,Artificial
2025-12-27,2025,17,Green Bay Packers,,,Baltimore Ravens,Lambeau Field,81441,USA,Outdoor,Green Bay,Grass
2025-12-27,2025,17,Los Angeles Chargers,,,Houston Texans,SoFi Stadium,70240,USA,Dome,Inglewood,Artificial
2025-12-27,2025,17,Las Vegas Raiders,,,New York Giants,Allegiant Stadium,65000,USA,Dome,Las Vegas,Grass
2025-12-28,2025,17,Cleveland Browns,,,Pittsburgh Steelers,Huntington Bank Field,67431,USA,Outdoor,Cleveland,Grass
2025-12-28,2025,17,Indianapolis Colts,,,Jacksonville Jaguars,Lucas Oil Stadium,67000,USA,RetractableDome,Indianapolis,Artificial
2025-12-28,2025,17,Miami Dolphins,,,Tampa Bay Buccaneers,Hard Rock Stadium,64767,USA,Outdoor,Miami Gardens,Grass
2025-12-28,2025,17,New York Jets,,,New England Patriots,MetLife Stadium,82500,USA,Outdoor,East Rutherford,Artificial
2025-12-28,2025,17,Tennessee Titans,,,New Orleans Saints,Nissan Stadium,69143,USA,Outdoor,Nashville,Grass
2025-12-28,2025,17,Buffalo Bills,,,Philadelphia Eagles,Highmark Stadium,71608,USA,Outdoor,Orchard Park,Artificial
2025-12-28,2025,17,San Francisco 49ers,,,Chicago Bears,Levi's Stadium,68500,USA,Outdoor,Santa Clara,Grass
2025-12-29,2025,17,Atlanta Falcons,,,Los Angeles Rams,Mercedes-Benz Stadium,71000,USA,RetractableDome,Atlanta,Artificial
2026-01-04,2026,18,Atlanta Falcons,,,New Orleans Saints,Mercedes-Benz Stadium,71000,USA,RetractableDome,Atlanta,Artificial
2026-01-04,2026,18,Buffalo Bills,,,New York Jets,Highmark Stadium,71608,USA,Outdoor,Orchard Park,Artificial
2026-01-04,2026,18,Chicago Bears,,,Detroit Lions,Soldier Field,61500,USA,Outdoor,Chicago,Grass
2026-01-04,2026,18,Cincinnati Bengals,,,Cleveland Browns,Paycor Stadium,65515,USA,Outdoor,Cincinnati,Artificial
2026-01-04,2026,18,Denver Broncos,,,Los Angeles Chargers,Empower Field at Mile High,76125,USA,Outdoor,Denver,Grass
2026-01-04,2026,18,Houston Texans,,,Indianapolis Colts,NRG Stadium,72220,USA,RetractableDome,Houston,Artificial
2026-01-04,2026,18,Jacksonville Jaguars,,,Tennessee Titans,EverBank Stadium,67814,USA,Outdoor,Jacksonville,Grass
2026-01-04,2026,18,Los Angeles Rams,,,Arizona Cardinals,SoFi Stadium,70240,USA,Dome,Inglewood,Artificial
2026-01-04,2026,18,Las Vegas Raiders,,,Kansas City Chiefs,Allegiant Stadium,65000,USA,Dome,Las Vegas,Grass
2026-01-04,2026,18,Minnesota Vikings,,,Green Bay Packers,U.S. Bank Stadium,66655,USA,Dome,Minneapolis,Artificial
2026-01-04,2026,18,New England Patriots,,,Miami Dolphins,Gillette Stadium,64628,USA,Outdoor,Foxborough,Artificial
2026-01-04,2026,18,New York Giants,,,Dallas Cowboys,MetLife Stadium,82500,USA,Outdoor,East Rutherford,Artificial
2026-01-04,2026,18,Philadelphia Eagles,,,Washington Commanders,Lincoln Financial Field,67594,USA,Outdoor,Philadelphia,Grass
2026-01-04,2026,18,Pittsburgh Steelers,,,Baltimore Ravens,Acrisure Stadium,68400,USA,Outdoor,Pittsburgh,Grass
2026-01-04,2026,18,San Francisco 49ers,,,Seattle Seahawks,Levi's Stadium,68500,USA,Outdoor,Santa Clara,Grass
2026-01-04,2026,18,Tampa Bay Buccaneers,,,Carolina Panthers,Raymond James Stadium,69218,USA,Outdoor,Tampa Bay,Grass
