Date,Year,Week,HomeTeam,HomeTeamScore,AwayTeamScore,AwayTeam,team_favorite_id,PointSpread,OverUnder,Stadium,weather_temperature,weather_wind_mph,weather_detail,LongName
2011-01-02,2010,17,Atlanta Falcons,31.0,10.0,Carolina Panthers,ATL,-14.5,41.5,Georgia Dome,72.0,0.0,indoor,Atlanta Falcons
2011-01-02,2010,17,Baltimore Ravens,13.0,7.0,Cincinnati Bengals,BAL,-9.5,43,M&T Bank Stadium,51.0,7.0,,Baltimore Ravens
2011-01-02,2010,17,Cleveland Browns,9.0,41.0,Pittsburgh Steelers,PIT,-6.5,38,FirstEnergy Stadium,25.0,1.0,,Cleveland Browns
2011-01-02,2010,17,Denver Broncos,28.0,33.0,Los Angeles Chargers,LAC,-3.5,47.5,Sports Authority Field at Mile High,45.0,4.0,,Denver Broncos
2011-01-02,2010,17,Detroit Lions,20.0,13.0,Minnesota Vikings,DET,-3.5,43.5,Ford Field,72.0,0.0,indoor,Detroit Lions
2011-01-02,2010,17,Green Bay Packers,10.0,3.0,Chicago Bears,GB,-10.5,43.5,Lambeau Field,19.0,1.0,,Green Bay Packers
2011-01-02,2010,17,Houston Texans,34.0,17.0,Jacksonville Jaguars,HOU,-4.0,48,Reliant Stadium,60.0,1.0,retractable (open roof),Houston Texans
2011-01-02,2010,17,Indianapolis Colts,23.0,20.0,Tennessee Titans,IND,-9.5,48,Lucas Oil Stadium,72.0,0.0,indoor,Indianapolis Colts
2011-01-02,2010,17,Kansas City Chiefs,10.0,31.0,Las Vegas Raiders,KC,-4.5,43.5,Arrowhead Stadium,30.0,1.0,,Kansas City Chiefs
2011-01-02,2010,17,New England Patriots,38.0,7.0,Miami Dolphins,NE,-6.0,44,Gillette Stadium,47.0,5.0,fog,New England Patriots
2011-01-02,2010,17,New Orleans Saints,13.0,23.0,Tampa Bay Buccaneers,NO,-7.0,47,Louisiana Superdome,72.0,0.0,indoor,New Orleans Saints
2011-01-02,2010,17,New York Jets,38.0,7.0,Buffalo Bills,NYJ,-1.5,38,MetLife Stadium,48.0,5.0,fog,New York Jets
2011-01-02,2010,17,Philadelphia Eagles,13.0,14.0,Dallas Cowboys,PICK,0.0,43.5,Lincoln Financial Field,48.0,1.0,rain,Philadelphia Eagles
2011-01-02,2010,17,San Francisco 49ers,38.0,7.0,Arizona Cardinals,SF,-6.0,39,Candlestick Park,50.0,3.0,,San Francisco 49ers
2011-01-02,2010,17,Seattle Seahawks,16.0,6.0,Los Angeles Rams,LAR,-3.0,41.5,CenturyLink Field,34.0,4.0,,Seattle Seahawks
2011-01-02,2010,17,Washington Commanders,14.0,17.0,New York Giants,NYG,-4.0,44.5,FedEx Field,44.0,7.0,rain,Washington Commanders
2011-09-08,2011,1,Green Bay Packers,42.0,34.0,New Orleans Saints,GB,-5.0,48,Lambeau Field,68.0,5.0,,Green Bay Packers
2011-09-11,2011,1,Arizona Cardinals,28.0,21.0,Carolina Panthers,ARI,-7.0,37.5,University of Phoenix Stadium,72.0,0.0,indoor,Arizona Cardinals
2011-09-11,2011,1,Baltimore Ravens,35.0,7.0,Pittsburgh Steelers,BAL,-1.5,37,M&T Bank Stadium,75.0,2.0,rain,Baltimore Ravens
2011-09-11,2011,1,Chicago Bears,30.0,12.0,Atlanta Falcons,ATL,-1.5,41,Soldier Field,78.0,7.0,,Chicago Bears
2011-09-11,2011,1,Cleveland Browns,17.0,27.0,Cincinnati Bengals,CLE,-7.0,36.5,FirstEnergy Stadium,72.0,9.0,,Cleveland Browns
2011-09-11,2011,1,Houston Texans,34.0,7.0,Indianapolis Colts,HOU,-9.0,44,Reliant Stadium,92.0,4.0,retractable (open roof),Houston Texans
2011-09-11,2011,1,Jacksonville Jaguars,16.0,14.0,Tennessee Titans,TEN,-1.5,38,EverBank Field,90.0,5.0,,Jacksonville Jaguars
2011-09-11,2011,1,Kansas City Chiefs,7.0,41.0,Buffalo Bills,KC,-3.5,40,Arrowhead Stadium,80.0,0.0,,Kansas City Chiefs
2011-09-11,2011,1,New York Jets,27.0,24.0,Dallas Cowboys,NYJ,-6.0,41,MetLife Stadium,71.0,6.0,,New York Jets
2011-09-11,2011,1,Los Angeles Chargers,24.0,17.0,Minnesota Vikings,LAC,-8.5,43,Qualcomm Stadium,74.0,7.0,,Los Angeles Chargers
2011-09-11,2011,1,San Francisco 49ers,33.0,17.0,Seattle Seahawks,SF,-6.0,38,Candlestick Park,71.0,1.0,,San Francisco 49ers
2011-09-11,2011,1,Los Angeles Rams,13.0,31.0,Philadelphia Eagles,PHI,-4.0,44.5,Edward Jones Dome,72.0,0.0,indoor,Los Angeles Rams
2011-09-11,2011,1,Tampa Bay Buccaneers,20.0,27.0,Detroit Lions,TB,-1.5,43.5,Raymond James Stadium,88.0,6.0,,Tampa Bay Buccaneers
2011-09-11,2011,1,Washington Commanders,28.0,14.0,New York Giants,NYG,-2.0,40,FedEx Field,87.0,5.0,,Washington Commanders
2011-09-12,2011,1,Denver Broncos,20.0,23.0,Las Vegas Raiders,DEN,-3.0,42,Sports Authority Field at Mile High,75.0,6.0,,Denver Broncos
2011-09-12,2011,1,Miami Dolphins,24.0,38.0,New England Patriots,NE,-7.5,47,Sun Life Stadium,82.0,1.0,,Miami Dolphins
2011-09-18,2011,2,Atlanta Falcons,35.0,31.0,Philadelphia Eagles,PHI,-2.5,49.5,Georgia Dome,72.0,0.0,indoor,Atlanta Falcons
2011-09-18,2011,2,Buffalo Bills,38.0,35.0,Las Vegas Raiders,BUF,-4.0,41,Ralph Wilson Stadium,66.0,5.0,,Buffalo Bills
2011-09-18,2011,2,Carolina Panthers,23.0,30.0,Green Bay Packers,GB,-11.0,45,Bank of America Stadium,67.0,1.0,,Carolina Panthers
2011-09-18,2011,2,Denver Broncos,24.0,22.0,Cincinnati Bengals,DEN,-3.0,41,Sports Authority Field at Mile High,73.0,6.0,,Denver Broncos
2011-09-18,2011,2,Detroit Lions,48.0,3.0,Kansas City Chiefs,DET,-9.0,45,Ford Field,72.0,0.0,indoor,Detroit Lions
2011-09-18,2011,2,Indianapolis Colts,19.0,27.0,Cleveland Browns,CLE,-1.5,39,Lucas Oil Stadium,72.0,0.0,indoor,Indianapolis Colts
2011-09-18,2011,2,Miami Dolphins,13.0,23.0,Houston Texans,HOU,-3.0,47.5,Sun Life Stadium,87.0,1.0,,Miami Dolphins
2011-09-18,2011,2,Minnesota Vikings,20.0,24.0,Tampa Bay Buccaneers,MIN,-1.0,41,Mall of America Field,72.0,0.0,indoor,Minnesota Vikings
2011-09-18,2011,2,New England Patriots,35.0,21.0,Los Angeles Chargers,NE,-7.0,53.5,Gillette Stadium,63.0,12.0,,New England Patriots
2011-09-18,2011,2,New Orleans Saints,30.0,13.0,Chicago Bears,NO,-5.0,46.5,Louisiana Superdome,72.0,0.0,indoor,New Orleans Saints
2011-09-18,2011,2,New York Jets,32.0,3.0,Jacksonville Jaguars,NYJ,-9.0,38.5,MetLife Stadium,71.0,1.0,,New York Jets
2011-09-18,2011,2,Pittsburgh Steelers,24.0,0.0,Seattle Seahawks,PIT,-14.0,40,Heinz Field,63.0,1.0,,Pittsburgh Steelers
2011-09-18,2011,2,San Francisco 49ers,24.0,27.0,Dallas Cowboys,DAL,-3.0,41.5,Candlestick Park,72.0,3.0,,San Francisco 49ers
2011-09-18,2011,2,Tennessee Titans,26.0,13.0,Baltimore Ravens,BAL,-6.0,39,Nissan Stadium,79.0,1.0,,Tennessee Titans
2011-09-18,2011,2,Washington Commanders,22.0,21.0,Arizona Cardinals,WAS,-4.5,45,FedEx Field,66.0,7.0,,Washington Commanders
2011-09-19,2011,2,New York Giants,28.0,16.0,Los Angeles Rams,NYG,-7.0,44,MetLife Stadium,68.0,6.0,,New York Giants
2011-09-25,2011,3,Buffalo Bills,34.0,31.0,New England Patriots,NE,-7.5,54.5,Ralph Wilson Stadium,81.0,8.0,,Buffalo Bills
2011-09-25,2011,3,Carolina Panthers,16.0,10.0,Jacksonville Jaguars,CAR,-3.5,43.5,Bank of America Stadium,75.0,4.0,rain,Carolina Panthers
2011-09-25,2011,3,Chicago Bears,17.0,27.0,Green Bay Packers,GB,-5.0,45.5,Soldier Field,63.0,1.0,,Chicago Bears
2011-09-25,2011,3,Cincinnati Bengals,8.0,13.0,San Francisco 49ers,CIN,-1.0,38.5,Paul Brown Stadium,75.0,2.0,,Cincinnati Bengals
2011-09-25,2011,3,Cleveland Browns,17.0,16.0,Miami Dolphins,MIA,-2.0,42.5,FirstEnergy Stadium,77.0,5.0,,Cleveland Browns
2011-09-25,2011,3,Indianapolis Colts,20.0,23.0,Pittsburgh Steelers,PIT,-11.0,39.5,Lucas Oil Stadium,72.0,0.0,indoor,Indianapolis Colts
2011-09-25,2011,3,Minnesota Vikings,23.0,26.0,Detroit Lions,DET,-3.0,45,Mall of America Field,72.0,0.0,indoor,Minnesota Vikings
2011-09-25,2011,3,New Orleans Saints,40.0,33.0,Houston Texans,NO,-4.0,51,Louisiana Superdome,72.0,0.0,indoor,New Orleans Saints
2011-09-25,2011,3,Las Vegas Raiders,34.0,24.0,New York Jets,NYJ,-3.0,41,Oakland Coliseum,70.0,7.0,,Las Vegas Raiders
2011-09-25,2011,3,Philadelphia Eagles,16.0,29.0,New York Giants,PHI,-8.0,46.5,Lincoln Financial Field,79.0,5.0,,Philadelphia Eagles
2011-09-25,2011,3,Los Angeles Chargers,20.0,17.0,Kansas City Chiefs,LAC,-14.5,44.5,Qualcomm Stadium,71.0,8.0,,Los Angeles Chargers
2011-09-25,2011,3,Seattle Seahawks,13.0,10.0,Arizona Cardinals,ARI,-3.0,43,CenturyLink Field,66.0,20.0,,Seattle Seahawks
2011-09-25,2011,3,Los Angeles Rams,7.0,37.0,Baltimore Ravens,BAL,-6.0,42,Edward Jones Dome,72.0,0.0,indoor,Los Angeles Rams
2011-09-25,2011,3,Tampa Bay Buccaneers,16.0,13.0,Atlanta Falcons,TB,-1.0,45,Raymond James Stadium,89.0,9.0,,Tampa Bay Buccaneers
2011-09-25,2011,3,Tennessee Titans,17.0,14.0,Denver Broncos,TEN,-7.0,44,Nissan Stadium,78.0,1.0,,Tennessee Titans
2011-09-26,2011,3,Dallas Cowboys,18.0,16.0,Washington Commanders,DAL,-3.5,45,Cowboys Stadium,72.0,0.0,indoor,Dallas Cowboys
2011-10-02,2011,4,Arizona Cardinals,27.0,31.0,New York Giants,NYG,-1.5,45,University of Phoenix Stadium,72.0,0.0,indoor,Arizona Cardinals
2011-10-02,2011,4,Baltimore Ravens,34.0,17.0,New York Jets,BAL,-5.0,43.5,M&T Bank Stadium,51.0,6.0,,Baltimore Ravens
2011-10-02,2011,4,Chicago Bears,34.0,29.0,Carolina Panthers,CHI,-7.0,42,Soldier Field,60.0,8.0,,Chicago Bears
2011-10-02,2011,4,Cincinnati Bengals,23.0,20.0,Buffalo Bills,BUF,-3.0,43,Paul Brown Stadium,59.0,1.0,,Cincinnati Bengals
2011-10-02,2011,4,Cleveland Browns,13.0,31.0,Tennessee Titans,CLE,-1.5,37.5,FirstEnergy Stadium,55.0,2.0,,Cleveland Browns
2011-10-02,2011,4,Dallas Cowboys,30.0,34.0,Detroit Lions,DAL,-2.5,46.5,Cowboys Stadium,72.0,0.0,indoor,Dallas Cowboys
2011-10-02,2011,4,Green Bay Packers,49.0,23.0,Denver Broncos,GB,-12.0,46.5,Lambeau Field,68.0,1.0,,Green Bay Packers
2011-10-02,2011,4,Houston Texans,17.0,10.0,Pittsburgh Steelers,HOU,-4.0,46.5,Reliant Stadium,79.0,1.0,retractable (open roof),Houston Texans
2011-10-02,2011,4,Jacksonville Jaguars,10.0,23.0,New Orleans Saints,NO,-9.0,45,EverBank Field,74.0,5.0,,Jacksonville Jaguars
2011-10-02,2011,4,Kansas City Chiefs,22.0,17.0,Minnesota Vikings,MIN,-3.0,40,Arrowhead Stadium,70.0,7.0,,Kansas City Chiefs
2011-10-02,2011,4,Las Vegas Raiders,19.0,31.0,New England Patriots,NE,-6.5,55.5,Oakland Coliseum,71.0,6.0,,Las Vegas Raiders
2011-10-02,2011,4,Philadelphia Eagles,23.0,24.0,San Francisco 49ers,PHI,-10.0,43.5,Lincoln Financial Field,54.0,2.0,rain | fog,Philadelphia Eagles
2011-10-02,2011,4,Los Angeles Chargers,26.0,16.0,Miami Dolphins,LAC,-7.0,45,Qualcomm Stadium,84.0,9.0,,Los Angeles Chargers
2011-10-02,2011,4,Seattle Seahawks,28.0,30.0,Atlanta Falcons,ATL,-6.0,39,CenturyLink Field,63.0,0.0,,Seattle Seahawks
2011-10-02,2011,4,Los Angeles Rams,10.0,17.0,Washington Commanders,WAS,-3.0,44,Edward Jones Dome,72.0,0.0,indoor,Los Angeles Rams
2011-10-03,2011,4,Tampa Bay Buccaneers,24.0,17.0,Indianapolis Colts,TB,-10.0,40.5,Raymond James Stadium,73.0,0.0,,Tampa Bay Buccaneers
2011-10-09,2011,5,Atlanta Falcons,14.0,25.0,Green Bay Packers,GB,-6.5,53,Georgia Dome,72.0,0.0,indoor,Atlanta Falcons
2011-10-09,2011,5,Buffalo Bills,31.0,24.0,Philadelphia Eagles,PHI,-3.0,53,Ralph Wilson Stadium,75.0,6.0,,Buffalo Bills
2011-10-09,2011,5,Carolina Panthers,27.0,30.0,New Orleans Saints,NO,-6.5,51.5,Bank of America Stadium,75.0,1.0,,Carolina Panthers
2011-10-09,2011,5,Denver Broncos,24.0,29.0,Los Angeles Chargers,LAC,-3.5,46.5,Sports Authority Field at Mile High,54.0,6.0,,Denver Broncos
2011-10-09,2011,5,Houston Texans,20.0,25.0,Las Vegas Raiders,HOU,-4.5,48.5,Reliant Stadium,76.0,6.0,retractable (open roof),Houston Texans
2011-10-09,2011,5,Indianapolis Colts,24.0,28.0,Kansas City Chiefs,IND,-1.5,38,Lucas Oil Stadium,72.0,0.0,indoor,Indianapolis Colts
2011-10-09,2011,5,Jacksonville Jaguars,20.0,30.0,Cincinnati Bengals,CIN,-2.5,37,EverBank Field,79.0,1.0,,Jacksonville Jaguars
2011-10-09,2011,5,Minnesota Vikings,34.0,10.0,Arizona Cardinals,MIN,-3.5,45,Mall of America Field,72.0,0.0,indoor,Minnesota Vikings
2011-10-09,2011,5,New England Patriots,30.0,21.0,New York Jets,NE,-7.5,50,Gillette Stadium,84.0,9.0,,New England Patriots
2011-10-09,2011,5,New York Giants,25.0,36.0,Seattle Seahawks,NYG,-10.0,43.5,MetLife Stadium,81.0,4.0,,New York Giants
2011-10-09,2011,5,Pittsburgh Steelers,38.0,17.0,Tennessee Titans,PIT,-3.0,40,Heinz Field,78.0,3.0,,Pittsburgh Steelers
2011-10-09,2011,5,San Francisco 49ers,48.0,3.0,Tampa Bay Buccaneers,SF,-3.0,41.5,Candlestick Park,66.0,6.0,,San Francisco 49ers
2011-10-10,2011,5,Detroit Lions,24.0,13.0,Chicago Bears,DET,-7.0,47,Ford Field,72.0,0.0,indoor,Detroit Lions
2011-10-16,2011,6,Atlanta Falcons,31.0,17.0,Carolina Panthers,ATL,-3.5,49.5,Georgia Dome,72.0,0.0,indoor,Atlanta Falcons
2011-10-16,2011,6,Baltimore Ravens,29.0,14.0,Houston Texans,BAL,-7.0,43.5,M&T Bank Stadium,72.0,1.0,,Baltimore Ravens
2011-10-16,2011,6,Chicago Bears,39.0,10.0,Minnesota Vikings,CHI,-2.5,42,Soldier Field,56.0,1.0,,Chicago Bears
2011-10-16,2011,6,Cincinnati Bengals,27.0,17.0,Indianapolis Colts,CIN,-4.5,40.5,Paul Brown Stadium,77.0,1.0,,Cincinnati Bengals
2011-10-16,2011,6,Detroit Lions,19.0,25.0,San Francisco 49ers,DET,-5.0,45,Ford Field,72.0,0.0,indoor,Detroit Lions
2011-10-16,2011,6,Green Bay Packers,24.0,3.0,Los Angeles Rams,GB,-14.0,47.5,Lambeau Field,58.0,2.0,,Green Bay Packers
2011-10-16,2011,6,New England Patriots,20.0,16.0,Dallas Cowboys,NE,-7.0,54.5,Gillette Stadium,63.0,8.0,,New England Patriots
2011-10-16,2011,6,New York Giants,27.0,24.0,Buffalo Bills,NYG,-3.0,49,MetLife Stadium,67.0,1.0,,New York Giants
2011-10-16,2011,6,Las Vegas Raiders,24.0,17.0,Cleveland Browns,LVR,-6.5,45,Oakland Coliseum,74.0,8.0,,Las Vegas Raiders
2011-10-16,2011,6,Pittsburgh Steelers,17.0,13.0,Jacksonville Jaguars,PIT,-12.5,40,Heinz Field,64.0,1.0,,Pittsburgh Steelers
2011-10-16,2011,6,Tampa Bay Buccaneers,26.0,20.0,New Orleans Saints,NO,-6.5,49.5,Raymond James Stadium,86.0,11.0,,Tampa Bay Buccaneers
2011-10-16,2011,6,Washington Commanders,13.0,20.0,Philadelphia Eagles,PHI,-3.0,46.5,FedEx Field,69.0,7.0,,Washington Commanders
2011-10-17,2011,6,New York Jets,24.0,6.0,Miami Dolphins,NYJ,-7.5,41.5,MetLife Stadium,69.0,1.0,,New York Jets
2011-10-23,2011,7,Arizona Cardinals,20.0,32.0,Pittsburgh Steelers,PIT,-4.5,46.5,University of Phoenix Stadium,72.0,0.0,indoor,Arizona Cardinals
2011-10-23,2011,7,Carolina Panthers,33.0,20.0,Washington Commanders,CAR,-2.5,44.5,Bank of America Stadium,67.0,0.0,,Carolina Panthers
2011-10-23,2011,7,Cleveland Browns,6.0,3.0,Seattle Seahawks,CLE,-3.0,41,FirstEnergy Stadium,63.0,7.0,,Cleveland Browns
2011-10-23,2011,7,Dallas Cowboys,34.0,7.0,Los Angeles Rams,DAL,-14.0,43,Cowboys Stadium,72.0,0.0,indoor,Dallas Cowboys
2011-10-23,2011,7,Detroit Lions,16.0,23.0,Atlanta Falcons,DET,-4.5,47,Ford Field,72.0,0.0,indoor,Detroit Lions
2011-10-23,2011,7,Miami Dolphins,15.0,18.0,Denver Broncos,DEN,-1.0,41.5,Sun Life Stadium,79.0,9.0,,Miami Dolphins
2011-10-23,2011,7,Minnesota Vikings,27.0,33.0,Green Bay Packers,GB,-11.0,47,Mall of America Field,72.0,0.0,indoor,Minnesota Vikings
2011-10-23,2011,7,New Orleans Saints,62.0,7.0,Indianapolis Colts,NO,-14.0,49,Louisiana Superdome,72.0,0.0,indoor,New Orleans Saints
2011-10-23,2011,7,New York Jets,27.0,21.0,Los Angeles Chargers,LAC,-1.0,43.5,MetLife Stadium,70.0,0.0,,New York Jets
2011-10-23,2011,7,Las Vegas Raiders,0.0,28.0,Kansas City Chiefs,LVR,-3.5,41.5,Oakland Coliseum,79.0,6.0,,Las Vegas Raiders
2011-10-23,2011,7,Tampa Bay Buccaneers,18.0,24.0,Chicago Bears,CHI,-2.0,44,Wembley Stadium,67.0,15.0,,Tampa Bay Buccaneers
2011-10-23,2011,7,Tennessee Titans,7.0,41.0,Houston Texans,TEN,-2.5,44,Nissan Stadium,72.0,0.0,,Tennessee Titans
2011-10-24,2011,7,Jacksonville Jaguars,12.0,7.0,Baltimore Ravens,BAL,-10.5,39,EverBank Field,69.0,0.0,,Jacksonville Jaguars
2011-10-30,2011,8,Baltimore Ravens,30.0,27.0,Arizona Cardinals,BAL,-11.5,43,M&T Bank Stadium,63.0,9.0,,Baltimore Ravens
2011-10-30,2011,8,Buffalo Bills,23.0,0.0,Washington Commanders,BUF,-4.0,46.5,Rogers Centre,72.0,0.0,indoor,Buffalo Bills
2011-10-30,2011,8,Carolina Panthers,21.0,24.0,Minnesota Vikings,CAR,-3.0,47,Bank of America Stadium,59.0,6.0,,Carolina Panthers
2011-10-30,2011,8,Denver Broncos,10.0,45.0,Detroit Lions,DET,-3.5,43.5,Sports Authority Field at Mile High,59.0,5.0,,Denver Broncos
2011-10-30,2011,8,Houston Texans,24.0,14.0,Jacksonville Jaguars,HOU,-10.0,41,Reliant Stadium,69.0,4.0,retractable (open roof),Houston Texans
2011-10-30,2011,8,New York Giants,20.0,17.0,Miami Dolphins,NYG,-10.0,43.5,MetLife Stadium,45.0,1.0,,New York Giants
2011-10-30,2011,8,Philadelphia Eagles,34.0,7.0,Dallas Cowboys,PHI,-3.0,49.5,Lincoln Financial Field,42.0,5.0,,Philadelphia Eagles
2011-10-30,2011,8,Pittsburgh Steelers,25.0,17.0,New England Patriots,NE,-3.0,52,Heinz Field,40.0,3.0,,Pittsburgh Steelers
2011-10-30,2011,8,San Francisco 49ers,20.0,10.0,Cleveland Browns,SF,-9.5,38.5,Candlestick Park,67.0,5.0,,San Francisco 49ers
2011-10-30,2011,8,Seattle Seahawks,12.0,34.0,Cincinnati Bengals,CIN,-1.5,37.5,CenturyLink Field,59.0,14.0,,Seattle Seahawks
2011-10-30,2011,8,Los Angeles Rams,31.0,21.0,New Orleans Saints,NO,-14.0,48.5,Edward Jones Dome,72.0,0.0,indoor,Los Angeles Rams
2011-10-30,2011,8,Tennessee Titans,27.0,10.0,Indianapolis Colts,TEN,-7.5,43.5,Nissan Stadium,62.0,0.0,,Tennessee Titans
2011-10-31,2011,8,Kansas City Chiefs,23.0,20.0,Los Angeles Chargers,LAC,-3.0,44.5,Arrowhead Stadium,63.0,0.0,,Kansas City Chiefs
2011-11-06,2011,9,Arizona Cardinals,19.0,13.0,Los Angeles Rams,ARI,-3.0,41.5,University of Phoenix Stadium,72.0,0.0,indoor,Arizona Cardinals
2011-11-06,2011,9,Buffalo Bills,11.0,27.0,New York Jets,BUF,-2.5,45,Ralph Wilson Stadium,61.0,8.0,,Buffalo Bills
2011-11-06,2011,9,Dallas Cowboys,23.0,13.0,Seattle Seahawks,DAL,-11.0,45,Cowboys Stadium,72.0,0.0,indoor,Dallas Cowboys
2011-11-06,2011,9,Houston Texans,30.0,12.0,Cleveland Browns,HOU,-10.5,41,Reliant Stadium,78.0,1.0,retractable (open roof),Houston Texans
2011-11-06,2011,9,Indianapolis Colts,7.0,31.0,Atlanta Falcons,ATL,-7.0,45.5,Lucas Oil Stadium,72.0,0.0,indoor,Indianapolis Colts
2011-11-06,2011,9,Kansas City Chiefs,3.0,31.0,Miami Dolphins,KC,-4.0,40.5,Arrowhead Stadium,63.0,1.0,,Kansas City Chiefs
2011-11-06,2011,9,New England Patriots,20.0,24.0,New York Giants,NE,-9.0,51,Gillette Stadium,54.0,9.0,,New England Patriots
2011-11-06,2011,9,New Orleans Saints,27.0,16.0,Tampa Bay Buccaneers,NO,-9.0,50.5,Louisiana Superdome,72.0,0.0,indoor,New Orleans Saints
2011-11-06,2011,9,Las Vegas Raiders,24.0,38.0,Denver Broncos,LVR,-7.5,42.5,Oakland Coliseum,62.0,5.0,,Las Vegas Raiders
2011-11-06,2011,9,Pittsburgh Steelers,20.0,23.0,Baltimore Ravens,PIT,-3.5,42,Heinz Field,50.0,2.0,,Pittsburgh Steelers
2011-11-06,2011,9,Los Angeles Chargers,38.0,45.0,Green Bay Packers,GB,-6.0,51,Qualcomm Stadium,54.0,1.0,fog,Los Angeles Chargers
2011-11-06,2011,9,Tennessee Titans,17.0,24.0,Cincinnati Bengals,TEN,-3.0,41.5,Nissan Stadium,68.0,1.0,,Tennessee Titans
2011-11-06,2011,9,Washington Commanders,11.0,19.0,San Francisco 49ers,SF,-4.5,37.5,FedEx Field,58.0,6.0,,Washington Commanders
2011-11-07,2011,9,Philadelphia Eagles,24.0,30.0,Chicago Bears,PHI,-8.0,47.5,Lincoln Financial Field,51.0,2.0,,Philadelphia Eagles
2011-11-10,2011,10,Los Angeles Chargers,17.0,24.0,Las Vegas Raiders,LAC,-7.0,48,Qualcomm Stadium,69.0,5.0,,Los Angeles Chargers
2011-11-13,2011,10,Atlanta Falcons,23.0,26.0,New Orleans Saints,ATL,-1.0,50,Georgia Dome,72.0,0.0,indoor,Atlanta Falcons
2011-11-13,2011,10,Carolina Panthers,3.0,30.0,Tennessee Titans,CAR,-3.5,47.5,Bank of America Stadium,59.0,1.0,,Carolina Panthers
2011-11-13,2011,10,Chicago Bears,37.0,13.0,Detroit Lions,CHI,-3.0,42.5,Soldier Field,71.0,2.0,,Chicago Bears
2011-11-13,2011,10,Cincinnati Bengals,17.0,24.0,Pittsburgh Steelers,PIT,-4.0,40.5,Paul Brown Stadium,65.0,2.0,,Cincinnati Bengals
2011-11-13,2011,10,Cleveland Browns,12.0,13.0,Los Angeles Rams,CLE,-3.0,36.5,FirstEnergy Stadium,63.0,40.0,,Cleveland Browns
2011-11-13,2011,10,Dallas Cowboys,44.0,7.0,Buffalo Bills,DAL,-4.5,49,Cowboys Stadium,72.0,0.0,indoor,Dallas Cowboys
2011-11-13,2011,10,Indianapolis Colts,3.0,17.0,Jacksonville Jaguars,JAX,-3.0,37.5,Lucas Oil Stadium,72.0,0.0,indoor,Indianapolis Colts
2011-11-13,2011,10,Kansas City Chiefs,10.0,17.0,Denver Broncos,KC,-3.5,42.5,Arrowhead Stadium,69.0,1.0,,Kansas City Chiefs
2011-11-13,2011,10,Miami Dolphins,20.0,9.0,Washington Commanders,MIA,-4.0,38,Sun Life Stadium,79.0,1.0,,Miami Dolphins
2011-11-13,2011,10,New York Jets,16.0,37.0,New England Patriots,NYJ,-2.5,47,MetLife Stadium,58.0,1.0,,New York Jets
2011-11-13,2011,10,Philadelphia Eagles,17.0,21.0,Arizona Cardinals,PHI,-13.0,47.5,Lincoln Financial Field,61.0,1.0,,Philadelphia Eagles
2011-11-13,2011,10,San Francisco 49ers,27.0,20.0,New York Giants,SF,-4.0,42.5,Candlestick Park,60.0,1.0,,San Francisco 49ers
2011-11-13,2011,10,Seattle Seahawks,22.0,17.0,Baltimore Ravens,BAL,-7.0,39,CenturyLink Field,50.0,10.0,,Seattle Seahawks
2011-11-13,2011,10,Tampa Bay Buccaneers,9.0,37.0,Houston Texans,HOU,-4.0,45.5,Raymond James Stadium,78.0,9.0,,Tampa Bay Buccaneers
2011-11-14,2011,10,Green Bay Packers,45.0,7.0,Minnesota Vikings,GB,-13.0,50,Lambeau Field,46.0,13.0,,Green Bay Packers
2011-11-17,2011,11,Denver Broncos,17.0,13.0,New York Jets,NYJ,-6.5,38.5,Sports Authority Field at Mile High,54.0,3.0,,Denver Broncos
2011-11-20,2011,11,Atlanta Falcons,23.0,17.0,Tennessee Titans,ATL,-6.5,44,Georgia Dome,72.0,0.0,indoor,Atlanta Falcons
2011-11-20,2011,11,Baltimore Ravens,31.0,24.0,Cincinnati Bengals,BAL,-7.0,40.5,M&T Bank Stadium,67.0,7.0,,Baltimore Ravens
2011-11-20,2011,11,Chicago Bears,31.0,20.0,Los Angeles Chargers,CHI,-4.5,45.5,Soldier Field,42.0,1.0,,Chicago Bears
2011-11-20,2011,11,Cleveland Browns,14.0,10.0,Jacksonville Jaguars,CLE,-1.5,34.5,FirstEnergy Stadium,57.0,1.0,,Cleveland Browns
2011-11-20,2011,11,Detroit Lions,49.0,35.0,Carolina Panthers,DET,-7.0,47.5,Ford Field,72.0,0.0,indoor,Detroit Lions
2011-11-20,2011,11,Green Bay Packers,35.0,26.0,Tampa Bay Buccaneers,GB,-13.5,49,Lambeau Field,32.0,7.0,,Green Bay Packers
2011-11-20,2011,11,Miami Dolphins,35.0,8.0,Buffalo Bills,MIA,-3.0,44,Sun Life Stadium,80.0,1.0,rain,Miami Dolphins
2011-11-20,2011,11,Minnesota Vikings,21.0,27.0,Las Vegas Raiders,MIN,-2.0,46.5,Mall of America Field,72.0,0.0,indoor,Minnesota Vikings
2011-11-20,2011,11,New York Giants,10.0,17.0,Philadelphia Eagles,NYG,-6.0,45.5,MetLife Stadium,58.0,1.0,,New York Giants
2011-11-20,2011,11,San Francisco 49ers,23.0,7.0,Arizona Cardinals,SF,-10.0,40.5,Candlestick Park,55.0,1.0,rain,San Francisco 49ers
2011-11-20,2011,11,Los Angeles Rams,7.0,24.0,Seattle Seahawks,LAR,-3.0,40,Edward Jones Dome,72.0,0.0,indoor,Los Angeles Rams
2011-11-20,2011,11,Washington Commanders,24.0,27.0,Dallas Cowboys,DAL,-7.0,43,FedEx Field,67.0,4.0,,Washington Commanders
2011-11-21,2011,11,New England Patriots,34.0,3.0,Kansas City Chiefs,NE,-17.0,47,Gillette Stadium,30.0,2.0,,New England Patriots
2011-11-24,2011,12,Baltimore Ravens,16.0,6.0,San Francisco 49ers,BAL,-3.5,40.5,M&T Bank Stadium,53.0,5.0,,Baltimore Ravens
2011-11-24,2011,12,Dallas Cowboys,20.0,19.0,Miami Dolphins,DAL,-7.0,46,Cowboys Stadium,72.0,0.0,indoor,Dallas Cowboys
2011-11-24,2011,12,Detroit Lions,15.0,27.0,Green Bay Packers,GB,-4.5,55,Ford Field,72.0,0.0,indoor,Detroit Lions
2011-11-27,2011,12,Atlanta Falcons,24.0,14.0,Minnesota Vikings,ATL,-10.0,44,Georgia Dome,72.0,0.0,indoor,Atlanta Falcons
2011-11-27,2011,12,Cincinnati Bengals,23.0,20.0,Cleveland Browns,CIN,-7.0,38,Paul Brown Stadium,60.0,7.0,rain,Cincinnati Bengals
2011-11-27,2011,12,Indianapolis Colts,19.0,27.0,Carolina Panthers,CAR,-3.5,46.5,Lucas Oil Stadium,72.0,0.0,indoor,Indianapolis Colts
2011-11-27,2011,12,Jacksonville Jaguars,13.0,20.0,Houston Texans,HOU,-6.5,37,EverBank Field,79.0,1.0,,Jacksonville Jaguars
2011-11-27,2011,12,Kansas City Chiefs,9.0,13.0,Pittsburgh Steelers,PIT,-10.5,40.5,Arrowhead Stadium,34.0,5.0,,Kansas City Chiefs
2011-11-27,2011,12,New York Jets,28.0,24.0,Buffalo Bills,NYJ,-9.5,42.5,MetLife Stadium,62.0,1.0,,New York Jets
2011-11-27,2011,12,Las Vegas Raiders,25.0,20.0,Chicago Bears,LVR,-3.0,41,Oakland Coliseum,60.0,6.0,,Las Vegas Raiders
2011-11-27,2011,12,Philadelphia Eagles,20.0,38.0,New England Patriots,NE,-3.5,50.5,Lincoln Financial Field,63.0,1.0,,Philadelphia Eagles
2011-11-27,2011,12,Los Angeles Chargers,13.0,16.0,Denver Broncos,LAC,-5.5,42,Qualcomm Stadium,84.0,0.0,,Los Angeles Chargers
2011-11-27,2011,12,Seattle Seahawks,17.0,23.0,Washington Commanders,SEA,-3.0,37.5,CenturyLink Field,49.0,13.0,rain,Seattle Seahawks
2011-11-27,2011,12,Los Angeles Rams,20.0,23.0,Arizona Cardinals,LAR,-2.5,40,Edward Jones Dome,72.0,0.0,indoor,Los Angeles Rams
2011-11-27,2011,12,Tennessee Titans,23.0,17.0,Tampa Bay Buccaneers,TEN,-3.0,44,Nissan Stadium,47.0,2.0,,Tennessee Titans
2011-11-28,2011,12,New Orleans Saints,49.0,24.0,New York Giants,NO,-7.0,51,Louisiana Superdome,72.0,0.0,indoor,New Orleans Saints
2011-12-01,2011,13,Seattle Seahawks,31.0,14.0,Philadelphia Eagles,PHI,-3.0,43.5,CenturyLink Field,39.0,2.0,,Seattle Seahawks
2011-12-04,2011,13,Arizona Cardinals,19.0,13.0,Dallas Cowboys,DAL,-4.5,46.5,University of Phoenix Stadium,72.0,0.0,indoor,Arizona Cardinals
2011-12-04,2011,13,Buffalo Bills,17.0,23.0,Tennessee Titans,BUF,-1.0,44,Ralph Wilson Stadium,58.0,1.0,,Buffalo Bills
2011-12-04,2011,13,Chicago Bears,3.0,10.0,Kansas City Chiefs,CHI,-9.0,35,Soldier Field,46.0,1.0,rain,Chicago Bears
2011-12-04,2011,13,Cleveland Browns,10.0,24.0,Baltimore Ravens,BAL,-7.0,38.5,FirstEnergy Stadium,51.0,30.0,rain,Cleveland Browns
2011-12-04,2011,13,Houston Texans,17.0,10.0,Atlanta Falcons,ATL,-2.0,38,Reliant Stadium,72.0,2.0,retractable (open roof),Houston Texans
2011-12-04,2011,13,Miami Dolphins,34.0,14.0,Las Vegas Raiders,MIA,-3.0,43,Sun Life Stadium,80.0,2.0,,Miami Dolphins
2011-12-04,2011,13,Minnesota Vikings,32.0,35.0,Denver Broncos,MIN,-1.5,37.5,Mall of America Field,72.0,0.0,indoor,Minnesota Vikings
2011-12-04,2011,13,New England Patriots,31.0,24.0,Indianapolis Colts,NE,-20.5,48.5,Gillette Stadium,54.0,10.0,,New England Patriots
2011-12-04,2011,13,New Orleans Saints,31.0,17.0,Detroit Lions,NO,-9.0,54.5,Louisiana Superdome,72.0,0.0,indoor,New Orleans Saints
2011-12-04,2011,13,New York Giants,35.0,38.0,Green Bay Packers,GB,-7.0,54,MetLife Stadium,52.0,9.0,,New York Giants
2011-12-04,2011,13,Pittsburgh Steelers,35.0,7.0,Cincinnati Bengals,PIT,-7.0,43,Heinz Field,60.0,1.0,,Pittsburgh Steelers
2011-12-04,2011,13,San Francisco 49ers,26.0,0.0,Los Angeles Rams,SF,-14.5,38.5,Candlestick Park,56.0,2.0,,San Francisco 49ers
2011-12-04,2011,13,Tampa Bay Buccaneers,19.0,38.0,Carolina Panthers,CAR,-2.5,46.5,Raymond James Stadium,79.0,1.0,,Tampa Bay Buccaneers
2011-12-04,2011,13,Washington Commanders,19.0,34.0,New York Jets,NYJ,-3.0,38.5,FedEx Field,56.0,5.0,,Washington Commanders
2011-12-05,2011,13,Jacksonville Jaguars,14.0,38.0,Los Angeles Chargers,LAC,-3.0,39.5,EverBank Field,68.0,6.0,,Jacksonville Jaguars
2011-12-08,2011,14,Pittsburgh Steelers,14.0,3.0,Cleveland Browns,PIT,-14.0,40,Heinz Field,31.0,6.0,,Pittsburgh Steelers
2011-12-11,2011,14,Arizona Cardinals,21.0,19.0,San Francisco 49ers,SF,-3.5,40,University of Phoenix Stadium,72.0,0.0,indoor,Arizona Cardinals
2011-12-11,2011,14,Baltimore Ravens,24.0,10.0,Indianapolis Colts,BAL,-16.5,41.5,M&T Bank Stadium,45.0,2.0,,Baltimore Ravens
2011-12-11,2011,14,Carolina Panthers,23.0,31.0,Atlanta Falcons,ATL,-3.0,47.5,Bank of America Stadium,48.0,1.0,,Carolina Panthers
2011-12-11,2011,14,Cincinnati Bengals,19.0,20.0,Houston Texans,CIN,-3.0,37,Paul Brown Stadium,38.0,4.0,,Cincinnati Bengals
2011-12-11,2011,14,Dallas Cowboys,34.0,37.0,New York Giants,DAL,-4.5,50.5,Cowboys Stadium,72.0,0.0,indoor,Dallas Cowboys
2011-12-11,2011,14,Denver Broncos,13.0,10.0,Chicago Bears,DEN,-3.5,35.5,Sports Authority Field at Mile High,50.0,7.0,,Denver Broncos
2011-12-11,2011,14,Detroit Lions,34.0,28.0,Minnesota Vikings,DET,-10.0,47,Ford Field,72.0,0.0,indoor,Detroit Lions
2011-12-11,2011,14,Green Bay Packers,46.0,16.0,Las Vegas Raiders,GB,-11.5,49.5,Lambeau Field,43.0,1.0,,Green Bay Packers
2011-12-11,2011,14,Jacksonville Jaguars,41.0,14.0,Tampa Bay Buccaneers,TB,-3.0,42,EverBank Field,60.0,12.0,rain,Jacksonville Jaguars
2011-12-11,2011,14,Miami Dolphins,10.0,26.0,Philadelphia Eagles,MIA,-3.0,44.5,Sun Life Stadium,78.0,1.0,,Miami Dolphins
2011-12-11,2011,14,New York Jets,37.0,10.0,Kansas City Chiefs,NYJ,-10.5,35.5,MetLife Stadium,40.0,5.0,,New York Jets
2011-12-11,2011,14,Los Angeles Chargers,37.0,10.0,Buffalo Bills,LAC,-7.0,49,Qualcomm Stadium,59.0,5.0,,Los Angeles Chargers
2011-12-11,2011,14,Tennessee Titans,17.0,22.0,New Orleans Saints,NO,-3.5,48,Nissan Stadium,46.0,7.0,,Tennessee Titans
2011-12-11,2011,14,Washington Commanders,27.0,34.0,New England Patriots,NE,-7.5,47,FedEx Field,40.0,0.0,,Washington Commanders
2011-12-12,2011,14,Seattle Seahawks,30.0,13.0,Los Angeles Rams,SEA,-9.5,37,CenturyLink Field,36.0,7.0,,Seattle Seahawks
2011-12-15,2011,15,Atlanta Falcons,41.0,14.0,Jacksonville Jaguars,ATL,-13.5,42,Georgia Dome,72.0,0.0,indoor,Atlanta Falcons
2011-12-17,2011,15,Tampa Bay Buccaneers,15.0,31.0,Dallas Cowboys,DAL,-7.0,47,Raymond James Stadium,67.0,3.0,,Tampa Bay Buccaneers
2011-12-18,2011,15,Arizona Cardinals,20.0,17.0,Cleveland Browns,ARI,-6.5,37.5,University of Phoenix Stadium,72.0,0.0,indoor,Arizona Cardinals
2011-12-18,2011,15,Buffalo Bills,23.0,30.0,Miami Dolphins,BUF,-1.5,40.5,Ralph Wilson Stadium,32.0,1.0,snow,Buffalo Bills
2011-12-18,2011,15,Chicago Bears,14.0,38.0,Seattle Seahawks,CHI,-3.5,35,Soldier Field,40.0,5.0,,Chicago Bears
2011-12-18,2011,15,Denver Broncos,23.0,41.0,New England Patriots,NE,-7.5,47.5,Sports Authority Field at Mile High,63.0,3.0,,Denver Broncos
2011-12-18,2011,15,Houston Texans,13.0,28.0,Carolina Panthers,HOU,-6.0,45.5,Reliant Stadium,61.0,1.0,retractable (open roof),Houston Texans
2011-12-18,2011,15,Indianapolis Colts,27.0,13.0,Tennessee Titans,TEN,-6.5,41.5,Lucas Oil Stadium,72.0,0.0,indoor,Indianapolis Colts
2011-12-18,2011,15,Kansas City Chiefs,19.0,14.0,Green Bay Packers,GB,-11.5,46,Arrowhead Stadium,57.0,1.0,,Kansas City Chiefs
2011-12-18,2011,15,Minnesota Vikings,20.0,42.0,New Orleans Saints,NO,-7.5,53.5,Mall of America Field,72.0,0.0,indoor,Minnesota Vikings
2011-12-18,2011,15,New York Giants,10.0,23.0,Washington Commanders,NYG,-6.0,46.5,MetLife Stadium,31.0,9.0,,New York Giants
2011-12-18,2011,15,Las Vegas Raiders,27.0,28.0,Detroit Lions,DET,-1.5,47.5,Oakland Coliseum,51.0,1.0,,Las Vegas Raiders
2011-12-18,2011,15,Philadelphia Eagles,45.0,19.0,New York Jets,PHI,-3.0,44,Lincoln Financial Field,35.0,9.0,,Philadelphia Eagles
2011-12-18,2011,15,Los Angeles Chargers,34.0,14.0,Baltimore Ravens,BAL,-2.5,44,Qualcomm Stadium,58.0,7.0,,Los Angeles Chargers
2011-12-18,2011,15,Los Angeles Rams,13.0,20.0,Cincinnati Bengals,CIN,-7.0,39,Edward Jones Dome,72.0,0.0,indoor,Los Angeles Rams
2011-12-19,2011,15,San Francisco 49ers,20.0,3.0,Pittsburgh Steelers,SF,-3.0,37,Candlestick Park,52.0,1.0,,San Francisco 49ers
2011-12-22,2011,16,Indianapolis Colts,19.0,16.0,Houston Texans,HOU,-7.0,40.5,Lucas Oil Stadium,72.0,0.0,indoor,Indianapolis Colts
2011-12-24,2011,16,Baltimore Ravens,20.0,14.0,Cleveland Browns,BAL,-11.0,38,M&T Bank Stadium,45.0,1.0,,Baltimore Ravens
2011-12-24,2011,16,Buffalo Bills,40.0,14.0,Denver Broncos,DEN,-3.0,43.5,Ralph Wilson Stadium,31.0,2.0,,Buffalo Bills
2011-12-24,2011,16,Carolina Panthers,48.0,16.0,Tampa Bay Buccaneers,CAR,-7.5,48,Bank of America Stadium,51.0,9.0,,Carolina Panthers
2011-12-24,2011,16,Cincinnati Bengals,23.0,16.0,Arizona Cardinals,CIN,-4.0,41,Paul Brown Stadium,41.0,8.0,,Cincinnati Bengals
2011-12-24,2011,16,Dallas Cowboys,7.0,20.0,Philadelphia Eagles,PHI,-2.5,50,Cowboys Stadium,72.0,0.0,indoor,Dallas Cowboys
2011-12-24,2011,16,Detroit Lions,38.0,10.0,Los Angeles Chargers,LAC,-1.0,53,Ford Field,72.0,0.0,indoor,Detroit Lions
2011-12-24,2011,16,Kansas City Chiefs,13.0,16.0,Las Vegas Raiders,KC,-3.0,43,Arrowhead Stadium,47.0,7.0,,Kansas City Chiefs
2011-12-24,2011,16,New England Patriots,27.0,24.0,Miami Dolphins,NE,-7.5,49.5,Gillette Stadium,32.0,7.0,,New England Patriots
2011-12-24,2011,16,New York Jets,14.0,29.0,New York Giants,NYJ,-3.0,46,MetLife Stadium,37.0,9.0,,New York Jets
2011-12-24,2011,16,Pittsburgh Steelers,27.0,0.0,Los Angeles Rams,PIT,-10.0,34,Heinz Field,37.0,4.0,,Pittsburgh Steelers
2011-12-24,2011,16,Seattle Seahawks,17.0,19.0,San Francisco 49ers,SF,-2.5,37,CenturyLink Field,53.0,8.0,,Seattle Seahawks
2011-12-24,2011,16,Tennessee Titans,23.0,17.0,Jacksonville Jaguars,TEN,-8.5,38.5,Nissan Stadium,47.0,2.0,,Tennessee Titans
2011-12-24,2011,16,Washington Commanders,26.0,33.0,Minnesota Vikings,WAS,-6.0,43,FedEx Field,45.0,9.0,,Washington Commanders
2011-12-25,2011,16,Green Bay Packers,35.0,21.0,Chicago Bears,GB,-13.0,42,Lambeau Field,37.0,1.0,,Green Bay Packers
2011-12-26,2011,16,New Orleans Saints,45.0,16.0,Atlanta Falcons,NO,-7.0,52.5,Louisiana Superdome,72.0,0.0,indoor,New Orleans Saints
2012-01-01,2011,17,Arizona Cardinals,23.0,20.0,Seattle Seahawks,ARI,-2.5,40.5,University of Phoenix Stadium,72.0,0.0,indoor,Arizona Cardinals
2012-01-01,2011,17,Atlanta Falcons,45.0,24.0,Tampa Bay Buccaneers,ATL,-9.5,45,Georgia Dome,72.0,0.0,indoor,Atlanta Falcons
2012-01-01,2011,17,Cincinnati Bengals,16.0,24.0,Baltimore Ravens,BAL,-2.5,38,Paul Brown Stadium,43.0,1.0,,Cincinnati Bengals
2012-01-01,2011,17,Cleveland Browns,9.0,13.0,Pittsburgh Steelers,PIT,-7.0,33,FirstEnergy Stadium,49.0,2.0,,Cleveland Browns
2012-01-01,2011,17,Denver Broncos,3.0,7.0,Kansas City Chiefs,DEN,-2.0,37.5,Sports Authority Field at Mile High,35.0,6.0,,Denver Broncos
2012-01-01,2011,17,Green Bay Packers,45.0,41.0,Detroit Lions,DET,-6.5,42,Lambeau Field,31.0,2.0,,Green Bay Packers
2012-01-01,2011,17,Houston Texans,22.0,23.0,Tennessee Titans,TEN,-2.0,38.5,Reliant Stadium,66.0,1.0,retractable (open roof),Houston Texans
2012-01-01,2011,17,Jacksonville Jaguars,19.0,13.0,Indianapolis Colts,JAX,-3.0,37,EverBank Field,72.0,10.0,,Jacksonville Jaguars
2012-01-01,2011,17,Miami Dolphins,19.0,17.0,New York Jets,MIA,-2.0,39,Sun Life Stadium,78.0,8.0,,Miami Dolphins
2012-01-01,2011,17,Minnesota Vikings,13.0,17.0,Chicago Bears,MIN,-2.5,42,Mall of America Field,72.0,0.0,indoor,Minnesota Vikings
2012-01-01,2011,17,New England Patriots,49.0,21.0,Buffalo Bills,NE,-10.0,50,Gillette Stadium,54.0,5.0,,New England Patriots
2012-01-01,2011,17,New Orleans Saints,45.0,17.0,Carolina Panthers,NO,-7.0,55,Louisiana Superdome,72.0,0.0,indoor,New Orleans Saints
2012-01-01,2011,17,New York Giants,31.0,14.0,Dallas Cowboys,NYG,-3.0,47.5,MetLife Stadium,50.0,7.0,rain,New York Giants
2012-01-01,2011,17,Las Vegas Raiders,26.0,38.0,Los Angeles Chargers,LVR,-3.0,48.5,Oakland Coliseum,56.0,8.0,,Las Vegas Raiders
2012-01-01,2011,17,Philadelphia Eagles,34.0,10.0,Washington Commanders,PHI,-7.0,44.5,Lincoln Financial Field,53.0,1.0,,Philadelphia Eagles
2012-01-01,2011,17,Los Angeles Rams,27.0,34.0,San Francisco 49ers,SF,-12.5,34.5,Edward Jones Dome,72.0,0.0,indoor,Los Angeles Rams
2012-09-05,2012,1,New York Giants,17.0,24.0,Dallas Cowboys,NYG,-4.0,46,MetLife Stadium,77.0,5.0,,New York Giants
2012-09-09,2012,1,Arizona Cardinals,20.0,16.0,Seattle Seahawks,SEA,-3.0,41,University of Phoenix Stadium,72.0,0.0,indoor,Arizona Cardinals
2012-09-09,2012,1,Chicago Bears,41.0,21.0,Indianapolis Colts,CHI,-10.0,42.5,Soldier Field,70.0,11.0,,Chicago Bears
2012-09-09,2012,1,Cleveland Browns,16.0,17.0,Philadelphia Eagles,PHI,-9.5,42,FirstEnergy Stadium,68.0,9.0,,Cleveland Browns
2012-09-09,2012,1,Denver Broncos,31.0,19.0,Pittsburgh Steelers,DEN,-2.0,45.5,Sports Authority Field at Mile High,85.0,9.0,,Denver Broncos
2012-09-09,2012,1,Detroit Lions,27.0,23.0,Los Angeles Rams,DET,-9.0,46.5,Ford Field,72.0,0.0,indoor,Detroit Lions
2012-09-09,2012,1,Green Bay Packers,22.0,30.0,San Francisco 49ers,GB,-5.5,46.5,Lambeau Field,72.0,6.0,,Green Bay Packers
2012-09-09,2012,1,Houston Texans,30.0,10.0,Miami Dolphins,HOU,-13.5,41.5,Reliant Stadium,83.0,10.0,retractable (open roof),Houston Texans
2012-09-09,2012,1,Kansas City Chiefs,24.0,40.0,Atlanta Falcons,ATL,-2.5,43,Arrowhead Stadium,73.0,7.0,,Kansas City Chiefs
2012-09-09,2012,1,Minnesota Vikings,26.0,23.0,Jacksonville Jaguars,MIN,-3.5,38,Mall of America Field,72.0,0.0,indoor,Minnesota Vikings
2012-09-09,2012,1,New Orleans Saints,32.0,40.0,Washington Commanders,NO,-9.0,50.5,Louisiana Superdome,72.0,0.0,indoor,New Orleans Saints
2012-09-09,2012,1,New York Jets,48.0,28.0,Buffalo Bills,NYJ,-3.0,39,MetLife Stadium,77.0,4.0,,New York Jets
2012-09-09,2012,1,Tampa Bay Buccaneers,16.0,10.0,Carolina Panthers,CAR,-3.0,45.5,Raymond James Stadium,83.0,5.0,rain,Tampa Bay Buccaneers
2012-09-09,2012,1,Tennessee Titans,13.0,34.0,New England Patriots,NE,-6.5,48,Nissan Stadium,77.0,4.0,,Tennessee Titans
2012-09-10,2012,1,Baltimore Ravens,44.0,13.0,Cincinnati Bengals,BAL,-7.0,43,M&T Bank Stadium,74.0,1.0,,Baltimore Ravens
2012-09-10,2012,1,Las Vegas Raiders,14.0,22.0,Los Angeles Chargers,LVR,-1.0,47.5,Oakland Coliseum,67.0,7.0,fog,Las Vegas Raiders
2012-09-13,2012,2,Green Bay Packers,23.0,10.0,Chicago Bears,GB,-5.5,51,Lambeau Field,60.0,3.0,,Green Bay Packers
2012-09-16,2012,2,Buffalo Bills,35.0,17.0,Kansas City Chiefs,BUF,-3.0,45,Ralph Wilson Stadium,68.0,13.0,,Buffalo Bills
2012-09-16,2012,2,Carolina Panthers,35.0,27.0,New Orleans Saints,NO,-3.0,54,Bank of America Stadium,71.0,4.0,,Carolina Panthers
2012-09-16,2012,2,Cincinnati Bengals,34.0,27.0,Cleveland Browns,CIN,-7.0,39.5,Paul Brown Stadium,76.0,5.0,,Cincinnati Bengals
2012-09-16,2012,2,Indianapolis Colts,23.0,20.0,Minnesota Vikings,MIN,-3.0,45.5,Lucas Oil Stadium,72.0,0.0,indoor,Indianapolis Colts
2012-09-16,2012,2,Jacksonville Jaguars,7.0,27.0,Houston Texans,HOU,-7.0,40,EverBank Field,85.0,9.0,,Jacksonville Jaguars
2012-09-16,2012,2,Miami Dolphins,35.0,13.0,Las Vegas Raiders,LVR,-2.0,41,Sun Life Stadium,83.0,8.0,,Miami Dolphins
2012-09-16,2012,2,New England Patriots,18.0,20.0,Arizona Cardinals,NE,-13.5,47,Gillette Stadium,71.0,2.0,,New England Patriots
2012-09-16,2012,2,New York Giants,41.0,34.0,Tampa Bay Buccaneers,NYG,-8.0,43.5,MetLife Stadium,75.0,8.0,,New York Giants
2012-09-16,2012,2,Philadelphia Eagles,24.0,23.0,Baltimore Ravens,PHI,-3.0,47,Lincoln Financial Field,74.0,5.0,,Philadelphia Eagles
2012-09-16,2012,2,Pittsburgh Steelers,27.0,10.0,New York Jets,PIT,-4.5,43,Heinz Field,71.0,5.0,,Pittsburgh Steelers
2012-09-16,2012,2,Los Angeles Chargers,38.0,10.0,Tennessee Titans,LAC,-6.0,43.5,Qualcomm Stadium,85.0,8.0,,Los Angeles Chargers
2012-09-16,2012,2,San Francisco 49ers,27.0,19.0,Detroit Lions,SF,-7.0,46,Candlestick Park,62.0,2.0,,San Francisco 49ers
2012-09-16,2012,2,Seattle Seahawks,27.0,7.0,Dallas Cowboys,DAL,-3.0,43,CenturyLink Field,71.0,6.0,,Seattle Seahawks
2012-09-16,2012,2,Los Angeles Rams,31.0,28.0,Washington Commanders,WAS,-3.5,42.5,Edward Jones Dome,72.0,0.0,indoor,Los Angeles Rams
2012-09-17,2012,2,Atlanta Falcons,27.0,21.0,Denver Broncos,ATL,-3.0,50.5,Georgia Dome,72.0,0.0,indoor,Atlanta Falcons
2012-09-20,2012,3,Carolina Panthers,7.0,36.0,New York Giants,CAR,-3.0,49,Bank of America Stadium,75.0,3.0,,Carolina Panthers
2012-09-23,2012,3,Arizona Cardinals,27.0,6.0,Philadelphia Eagles,PHI,-3.0,42,University of Phoenix Stadium,72.0,0.0,indoor,Arizona Cardinals
2012-09-23,2012,3,Baltimore Ravens,31.0,30.0,New England Patriots,BAL,-3.0,48,M&T Bank Stadium,67.0,5.0,,Baltimore Ravens
2012-09-23,2012,3,Chicago Bears,23.0,6.0,Los Angeles Rams,CHI,-7.0,42,Soldier Field,58.0,9.0,,Chicago Bears
2012-09-23,2012,3,Cleveland Browns,14.0,24.0,Buffalo Bills,BUF,-3.0,45,FirstEnergy Stadium,53.0,9.0,,Cleveland Browns
2012-09-23,2012,3,Dallas Cowboys,16.0,10.0,Tampa Bay Buccaneers,DAL,-7.0,45.5,Cowboys Stadium,88.0,0.0,,Dallas Cowboys
2012-09-23,2012,3,Denver Broncos,25.0,31.0,Houston Texans,HOU,-1.5,43.5,Sports Authority Field at Mile High,86.0,11.0,,Denver Broncos
2012-09-23,2012,3,Indianapolis Colts,17.0,22.0,Jacksonville Jaguars,IND,-3.0,42,Lucas Oil Stadium,72.0,0.0,indoor,Indianapolis Colts
2012-09-23,2012,3,Miami Dolphins,20.0,23.0,New York Jets,NYJ,-3.0,40.5,Sun Life Stadium,83.0,6.0,rain | fog,Miami Dolphins
2012-09-23,2012,3,Minnesota Vikings,24.0,13.0,San Francisco 49ers,SF,-7.0,42.5,Mall of America Field,72.0,0.0,indoor,Minnesota Vikings
2012-09-23,2012,3,New Orleans Saints,24.0,27.0,Kansas City Chiefs,NO,-8.5,51.5,Louisiana Superdome,72.0,0.0,indoor,New Orleans Saints
2012-09-23,2012,3,Las Vegas Raiders,34.0,31.0,Pittsburgh Steelers,PIT,-4.0,45,Oakland Coliseum,69.0,15.0,,Las Vegas Raiders
2012-09-23,2012,3,Los Angeles Chargers,3.0,27.0,Atlanta Falcons,LAC,-3.0,47.5,Qualcomm Stadium,83.0,5.0,,Los Angeles Chargers
2012-09-23,2012,3,Tennessee Titans,44.0,41.0,Detroit Lions,DET,-4.0,47,Nissan Stadium,68.0,8.0,,Tennessee Titans
2012-09-23,2012,3,Washington Commanders,31.0,38.0,Cincinnati Bengals,WAS,-3.0,49.5,FedEx Field,67.0,6.0,,Washington Commanders
2012-09-24,2012,3,Seattle Seahawks,14.0,12.0,Green Bay Packers,GB,-3.5,45.5,CenturyLink Field,69.0,7.0,,Seattle Seahawks
2012-09-27,2012,4,Baltimore Ravens,23.0,16.0,Cleveland Browns,BAL,-11.5,43.5,M&T Bank Stadium,77.0,5.0,,Baltimore Ravens
2012-09-30,2012,4,Arizona Cardinals,24.0,21.0,Miami Dolphins,ARI,-4.0,39.5,University of Phoenix Stadium,72.0,0.0,indoor,Arizona Cardinals
2012-09-30,2012,4,Atlanta Falcons,30.0,28.0,Carolina Panthers,ATL,-7.0,48,Georgia Dome,72.0,0.0,indoor,Atlanta Falcons
2012-09-30,2012,4,Buffalo Bills,28.0,52.0,New England Patriots,NE,-4.5,48.5,Ralph Wilson Stadium,61.0,7.0,,Buffalo Bills
2012-09-30,2012,4,Denver Broncos,37.0,6.0,Las Vegas Raiders,DEN,-6.5,47,Sports Authority Field at Mile High,73.0,6.0,,Denver Broncos
2012-09-30,2012,4,Detroit Lions,13.0,20.0,Minnesota Vikings,DET,-4.0,48.5,Ford Field,72.0,0.0,indoor,Detroit Lions
2012-09-30,2012,4,Green Bay Packers,28.0,27.0,New Orleans Saints,GB,-7.5,54,Lambeau Field,65.0,7.0,,Green Bay Packers
2012-09-30,2012,4,Houston Texans,38.0,14.0,Tennessee Titans,HOU,-13.5,45,Reliant Stadium,71.0,13.0,retractable (open roof),Houston Texans
2012-09-30,2012,4,Jacksonville Jaguars,10.0,27.0,Cincinnati Bengals,JAX,-1.5,45.5,EverBank Field,83.0,8.0,,Jacksonville Jaguars
2012-09-30,2012,4,Kansas City Chiefs,20.0,37.0,Los Angeles Chargers,LAC,-2.5,43.5,Arrowhead Stadium,73.0,0.0,,Kansas City Chiefs
2012-09-30,2012,4,New York Jets,0.0,34.0,San Francisco 49ers,SF,-4.0,41,MetLife Stadium,67.0,9.0,,New York Jets
2012-09-30,2012,4,Philadelphia Eagles,19.0,17.0,New York Giants,PHI,-1.5,46.5,Lincoln Financial Field,63.0,8.0,rain,Philadelphia Eagles
2012-09-30,2012,4,Los Angeles Rams,19.0,13.0,Seattle Seahawks,SEA,-2.5,39,Edward Jones Dome,72.0,0.0,indoor,Los Angeles Rams
2012-09-30,2012,4,Tampa Bay Buccaneers,22.0,24.0,Washington Commanders,TB,-2.0,45,Raymond James Stadium,89.0,8.0,,Tampa Bay Buccaneers
2012-10-01,2012,4,Dallas Cowboys,18.0,34.0,Chicago Bears,DAL,-3.0,41.5,Cowboys Stadium,80.0,6.0,,Dallas Cowboys
2012-10-04,2012,5,Los Angeles Rams,17.0,3.0,Arizona Cardinals,ARI,-1.5,38,Edward Jones Dome,72.0,0.0,indoor,Los Angeles Rams
2012-10-07,2012,5,Carolina Panthers,12.0,16.0,Seattle Seahawks,CAR,-2.0,42,Bank of America Stadium,63.0,6.0,,Carolina Panthers
2012-10-07,2012,5,Cincinnati Bengals,13.0,17.0,Miami Dolphins,CIN,-3.0,45,Paul Brown Stadium,51.0,7.0,,Cincinnati Bengals
2012-10-07,2012,5,Indianapolis Colts,30.0,27.0,Green Bay Packers,GB,-6.5,49,Lucas Oil Stadium,72.0,0.0,indoor,Indianapolis Colts
2012-10-07,2012,5,Jacksonville Jaguars,3.0,41.0,Chicago Bears,CHI,-6.5,40,EverBank Field,88.0,6.0,,Jacksonville Jaguars
2012-10-07,2012,5,Kansas City Chiefs,6.0,9.0,Baltimore Ravens,BAL,-6.5,47,Arrowhead Stadium,53.0,3.0,,Kansas City Chiefs
2012-10-07,2012,5,Minnesota Vikings,30.0,7.0,Tennessee Titans,MIN,-6.0,44,Mall of America Field,72.0,0.0,indoor,Minnesota Vikings
2012-10-07,2012,5,New England Patriots,31.0,21.0,Denver Broncos,NE,-6.0,51.5,Gillette Stadium,54.0,4.0,,New England Patriots
2012-10-07,2012,5,New Orleans Saints,31.0,24.0,Los Angeles Chargers,NO,-3.5,52.5,Louisiana Superdome,72.0,0.0,indoor,New Orleans Saints
2012-10-07,2012,5,New York Giants,41.0,27.0,Cleveland Browns,NYG,-8.0,44,MetLife Stadium,52.0,4.0,,New York Giants
2012-10-07,2012,5,Pittsburgh Steelers,16.0,14.0,Philadelphia Eagles,PIT,-4.0,44,Heinz Field,48.0,7.0,rain,Pittsburgh Steelers
2012-10-07,2012,5,San Francisco 49ers,45.0,3.0,Buffalo Bills,SF,-10.0,45,Candlestick Park,70.0,8.0,,San Francisco 49ers
2012-10-07,2012,5,Washington Commanders,17.0,24.0,Atlanta Falcons,ATL,-3.0,51,FedEx Field,52.0,4.0,,Washington Commanders
2012-10-08,2012,5,New York Jets,17.0,23.0,Houston Texans,HOU,-10.0,41,MetLife Stadium,51.0,3.0,,New York Jets
2012-10-11,2012,6,Tennessee Titans,26.0,23.0,Pittsburgh Steelers,PIT,-6.5,43,Nissan Stadium,64.0,4.0,,Tennessee Titans
2012-10-14,2012,6,Arizona Cardinals,16.0,19.0,Buffalo Bills,ARI,-5.0,44,University of Phoenix Stadium,72.0,0.0,indoor,Arizona Cardinals
2012-10-14,2012,6,Atlanta Falcons,23.0,20.0,Las Vegas Raiders,ATL,-10.0,49,Georgia Dome,72.0,0.0,indoor,Atlanta Falcons
2012-10-14,2012,6,Baltimore Ravens,31.0,29.0,Dallas Cowboys,BAL,-3.0,45,M&T Bank Stadium,80.0,8.0,,Baltimore Ravens
2012-10-14,2012,6,Cleveland Browns,34.0,24.0,Cincinnati Bengals,CIN,-2.0,42,FirstEnergy Stadium,75.0,18.0,,Cleveland Browns
2012-10-14,2012,6,Houston Texans,24.0,42.0,Green Bay Packers,HOU,-4.0,46.5,Reliant Stadium,81.0,7.0,retractable (open roof),Houston Texans
2012-10-14,2012,6,Miami Dolphins,17.0,14.0,Los Angeles Rams,MIA,-5.0,38,Sun Life Stadium,85.0,2.0,,Miami Dolphins
2012-10-14,2012,6,New York Jets,35.0,9.0,Indianapolis Colts,NYJ,-3.0,44,MetLife Stadium,70.0,11.0,,New York Jets
2012-10-14,2012,6,Philadelphia Eagles,23.0,26.0,Detroit Lions,PHI,-3.5,47.5,Lincoln Financial Field,73.0,14.0,,Philadelphia Eagles
2012-10-14,2012,6,San Francisco 49ers,3.0,26.0,New York Giants,SF,-7.0,46.5,Candlestick Park,77.0,7.0,,San Francisco 49ers
2012-10-14,2012,6,Seattle Seahawks,24.0,23.0,New England Patriots,NE,-4.0,42.5,CenturyLink Field,63.0,9.0,rain,Seattle Seahawks
2012-10-14,2012,6,Tampa Bay Buccaneers,38.0,10.0,Kansas City Chiefs,TB,-5.0,39.5,Raymond James Stadium,88.0,9.0,,Tampa Bay Buccaneers
2012-10-14,2012,6,Washington Commanders,38.0,26.0,Minnesota Vikings,MIN,-2.0,44,FedEx Field,74.0,12.0,,Washington Commanders
2012-10-15,2012,6,Los Angeles Chargers,24.0,35.0,Denver Broncos,PICK,0.0,47.5,Qualcomm Stadium,78.0,7.0,,Los Angeles Chargers
2012-10-18,2012,7,San Francisco 49ers,13.0,6.0,Seattle Seahawks,SF,-7.5,37.5,Candlestick Park,80.0,6.0,,San Francisco 49ers
2012-10-21,2012,7,Buffalo Bills,34.0,35.0,Tennessee Titans,BUF,-4.5,46.5,Ralph Wilson Stadium,55.0,14.0,,Buffalo Bills
2012-10-21,2012,7,Carolina Panthers,14.0,19.0,Dallas Cowboys,DAL,-2.5,45,Bank of America Stadium,67.0,8.0,,Carolina Panthers
2012-10-21,2012,7,Cincinnati Bengals,17.0,24.0,Pittsburgh Steelers,CIN,-1.0,45.5,Paul Brown Stadium,55.0,1.0,,Cincinnati Bengals
2012-10-21,2012,7,Houston Texans,43.0,13.0,Baltimore Ravens,HOU,-6.5,47.5,Reliant Stadium,84.0,11.0,retractable (open roof),Houston Texans
2012-10-21,2012,7,Indianapolis Colts,17.0,13.0,Cleveland Browns,IND,-1.0,46.5,Lucas Oil Stadium,72.0,0.0,indoor,Indianapolis Colts
2012-10-21,2012,7,Minnesota Vikings,21.0,14.0,Arizona Cardinals,MIN,-6.5,39.5,Mall of America Field,72.0,0.0,indoor,Minnesota Vikings
2012-10-21,2012,7,New England Patriots,29.0,26.0,New York Jets,NE,-10.5,47,Gillette Stadium,62.0,5.0,,New England Patriots
2012-10-21,2012,7,New York Giants,27.0,23.0,Washington Commanders,NYG,-6.5,51.5,MetLife Stadium,67.0,15.0,,New York Giants
2012-10-21,2012,7,Las Vegas Raiders,26.0,23.0,Jacksonville Jaguars,LVR,-6.0,44,Oakland Coliseum,63.0,11.0,,Las Vegas Raiders
2012-10-21,2012,7,Los Angeles Rams,20.0,30.0,Green Bay Packers,GB,-5.0,45,Edward Jones Dome,72.0,0.0,indoor,Los Angeles Rams
2012-10-21,2012,7,Tampa Bay Buccaneers,28.0,35.0,New Orleans Saints,NO,-1.5,49.5,Raymond James Stadium,81.0,8.0,,Tampa Bay Buccaneers
2012-10-22,2012,7,Chicago Bears,13.0,7.0,Detroit Lions,CHI,-6.5,47,Soldier Field,66.0,9.0,,Chicago Bears
2012-10-25,2012,8,Minnesota Vikings,17.0,36.0,Tampa Bay Buccaneers,MIN,-5.5,43,Mall of America Field,72.0,0.0,indoor,Minnesota Vikings
2012-10-28,2012,8,Chicago Bears,23.0,22.0,Carolina Panthers,CHI,-7.5,41.5,Soldier Field,49.0,18.0,,Chicago Bears
2012-10-28,2012,8,Cleveland Browns,7.0,6.0,Los Angeles Chargers,LAC,-3.0,41,FirstEnergy Stadium,45.0,18.0,rain | fog,Cleveland Browns
2012-10-28,2012,8,Dallas Cowboys,24.0,29.0,New York Giants,NYG,-2.5,48,Cowboys Stadium,63.0,7.0,,Dallas Cowboys
2012-10-28,2012,8,Denver Broncos,34.0,14.0,New Orleans Saints,DEN,-6.5,55,Sports Authority Field at Mile High,59.0,5.0,,Denver Broncos
2012-10-28,2012,8,Detroit Lions,28.0,24.0,Seattle Seahawks,DET,-3.0,42.5,Ford Field,72.0,0.0,indoor,Detroit Lions
2012-10-28,2012,8,Green Bay Packers,24.0,15.0,Jacksonville Jaguars,GB,-16.0,45.5,Lambeau Field,45.0,7.0,,Green Bay Packers
2012-10-28,2012,8,Kansas City Chiefs,16.0,26.0,Las Vegas Raiders,KC,-1.0,42.5,Arrowhead Stadium,51.0,3.0,,Kansas City Chiefs
2012-10-28,2012,8,New York Jets,9.0,30.0,Miami Dolphins,NYJ,-1.0,39,MetLife Stadium,59.0,8.0,,New York Jets
2012-10-28,2012,8,Philadelphia Eagles,17.0,30.0,Atlanta Falcons,PHI,-3.0,43,Lincoln Financial Field,58.0,13.0,rain,Philadelphia Eagles
2012-10-28,2012,8,Pittsburgh Steelers,27.0,12.0,Washington Commanders,PIT,-4.5,44,Heinz Field,45.0,8.0,rain | fog,Pittsburgh Steelers
2012-10-28,2012,8,Los Angeles Rams,7.0,45.0,New England Patriots,NE,-7.0,46,Wembley Stadium,49.0,9.0,rain,Los Angeles Rams
2012-10-28,2012,8,Tennessee Titans,13.0,19.0,Indianapolis Colts,TEN,-3.0,47,Nissan Stadium,57.0,12.0,,Tennessee Titans
2012-10-29,2012,8,Arizona Cardinals,3.0,24.0,San Francisco 49ers,SF,-7.0,38.5,University of Phoenix Stadium,72.0,0.0,indoor,Arizona Cardinals
2012-11-01,2012,9,Los Angeles Chargers,31.0,13.0,Kansas City Chiefs,LAC,-7.0,41,Qualcomm Stadium,63.0,3.0,,Los Angeles Chargers
2012-11-04,2012,9,Atlanta Falcons,19.0,13.0,Dallas Cowboys,ATL,-4.5,47.5,Georgia Dome,72.0,0.0,indoor,Atlanta Falcons
2012-11-04,2012,9,Cincinnati Bengals,23.0,31.0,Denver Broncos,DEN,-5.5,47.5,Paul Brown Stadium,48.0,3.0,,Cincinnati Bengals
2012-11-04,2012,9,Cleveland Browns,15.0,25.0,Baltimore Ravens,BAL,-3.5,44,FirstEnergy Stadium,41.0,8.0,,Cleveland Browns
2012-11-04,2012,9,Green Bay Packers,31.0,17.0,Arizona Cardinals,GB,-10.5,43.5,Lambeau Field,39.0,7.0,,Green Bay Packers
2012-11-04,2012,9,Houston Texans,21.0,9.0,Buffalo Bills,HOU,-11.5,48,Reliant Stadium,79.0,6.0,retractable (open roof),Houston Texans
2012-11-04,2012,9,Indianapolis Colts,23.0,20.0,Miami Dolphins,MIA,-2.0,43.5,Lucas Oil Stadium,72.0,0.0,indoor,Indianapolis Colts
2012-11-04,2012,9,Jacksonville Jaguars,14.0,31.0,Detroit Lions,DET,-6.0,44,EverBank Field,81.0,9.0,,Jacksonville Jaguars
2012-11-04,2012,9,New York Giants,20.0,24.0,Pittsburgh Steelers,NYG,-3.5,47.5,MetLife Stadium,45.0,9.0,,New York Giants
2012-11-04,2012,9,Las Vegas Raiders,32.0,42.0,Tampa Bay Buccaneers,LVR,-1.0,47.5,Oakland Coliseum,73.0,7.0,,Las Vegas Raiders
2012-11-04,2012,9,Seattle Seahawks,30.0,20.0,Minnesota Vikings,SEA,-4.0,38.5,CenturyLink Field,61.0,5.0,,Seattle Seahawks
2012-11-04,2012,9,Tennessee Titans,20.0,51.0,Chicago Bears,CHI,-5.0,43.5,Nissan Stadium,51.0,6.0,,Tennessee Titans
2012-11-04,2012,9,Washington Commanders,13.0,21.0,Carolina Panthers,WAS,-3.0,48.5,FedEx Field,50.0,3.0,,Washington Commanders
2012-11-05,2012,9,New Orleans Saints,28.0,13.0,Philadelphia Eagles,NO,-3.0,52,Louisiana Superdome,72.0,0.0,indoor,New Orleans Saints
2012-11-08,2012,10,Jacksonville Jaguars,10.0,27.0,Indianapolis Colts,IND,-3.5,43.5,EverBank Field,47.0,0.0,,Jacksonville Jaguars
2012-11-11,2012,10,Baltimore Ravens,55.0,20.0,Las Vegas Raiders,BAL,-7.5,47.5,M&T Bank Stadium,69.0,6.0,,Baltimore Ravens
2012-11-11,2012,10,Carolina Panthers,14.0,36.0,Denver Broncos,DEN,-4.0,47,Bank of America Stadium,71.0,7.0,,Carolina Panthers
2012-11-11,2012,10,Chicago Bears,6.0,13.0,Houston Texans,CHI,-1.0,40,Soldier Field,54.0,8.0,fog,Chicago Bears
2012-11-11,2012,10,Cincinnati Bengals,31.0,13.0,New York Giants,NYG,-4.5,47.5,Paul Brown Stadium,69.0,14.0,,Cincinnati Bengals
2012-11-11,2012,10,Miami Dolphins,3.0,37.0,Tennessee Titans,MIA,-7.0,44,Sun Life Stadium,79.0,2.0,,Miami Dolphins
2012-11-11,2012,10,Minnesota Vikings,34.0,24.0,Detroit Lions,DET,-3.0,45.5,Mall of America Field,72.0,0.0,indoor,Minnesota Vikings
2012-11-11,2012,10,New England Patriots,37.0,31.0,Buffalo Bills,NE,-13.5,54,Gillette Stadium,64.0,8.0,,New England Patriots
2012-11-11,2012,10,New Orleans Saints,31.0,27.0,Atlanta Falcons,ATL,-1.5,54,Louisiana Superdome,72.0,0.0,indoor,New Orleans Saints
2012-11-11,2012,10,Philadelphia Eagles,23.0,38.0,Dallas Cowboys,DAL,-2.5,44.5,Lincoln Financial Field,63.0,7.0,,Philadelphia Eagles
2012-11-11,2012,10,San Francisco 49ers,24.0,24.0,Los Angeles Rams,SF,-13.0,38,Candlestick Park,60.0,5.0,,San Francisco 49ers
2012-11-11,2012,10,Seattle Seahawks,28.0,7.0,New York Jets,SEA,-5.5,38.5,CenturyLink Field,48.0,2.0,,Seattle Seahawks
2012-11-11,2012,10,Tampa Bay Buccaneers,34.0,24.0,Los Angeles Chargers,TB,-3.0,47,Raymond James Stadium,80.0,6.0,,Tampa Bay Buccaneers
2012-11-12,2012,10,Pittsburgh Steelers,16.0,13.0,Kansas City Chiefs,PIT,-13.0,40,Heinz Field,45.0,11.0,rain | fog,Pittsburgh Steelers
2012-11-15,2012,11,Buffalo Bills,19.0,14.0,Miami Dolphins,BUF,-2.5,46,Ralph Wilson Stadium,36.0,5.0,,Buffalo Bills
2012-11-18,2012,11,Atlanta Falcons,23.0,19.0,Arizona Cardinals,ATL,-9.5,44,Georgia Dome,72.0,0.0,indoor,Atlanta Falcons
2012-11-18,2012,11,Carolina Panthers,21.0,27.0,Tampa Bay Buccaneers,TB,-1.5,47,Bank of America Stadium,55.0,9.0,,Carolina Panthers
2012-11-18,2012,11,Dallas Cowboys,23.0,20.0,Cleveland Browns,DAL,-7.0,43.5,Cowboys Stadium,63.0,5.0,,Dallas Cowboys
2012-11-18,2012,11,Denver Broncos,30.0,23.0,Los Angeles Chargers,DEN,-7.5,48,Sports Authority Field at Mile High,63.0,3.0,,Denver Broncos
2012-11-18,2012,11,Detroit Lions,20.0,24.0,Green Bay Packers,GB,-3.0,53.5,Ford Field,72.0,0.0,indoor,Detroit Lions
2012-11-18,2012,11,Houston Texans,43.0,37.0,Jacksonville Jaguars,HOU,-15.5,40.5,Reliant Stadium,70.0,7.0,retractable (open roof),Houston Texans
2012-11-18,2012,11,Kansas City Chiefs,6.0,28.0,Cincinnati Bengals,CIN,-3.0,42.5,Arrowhead Stadium,60.0,12.0,,Kansas City Chiefs
2012-11-18,2012,11,New England Patriots,59.0,24.0,Indianapolis Colts,NE,-10.0,55,Gillette Stadium,42.0,1.0,,New England Patriots
2012-11-18,2012,11,Las Vegas Raiders,17.0,38.0,New Orleans Saints,NO,-6.5,56,Oakland Coliseum,62.0,3.0,,Las Vegas Raiders
2012-11-18,2012,11,Pittsburgh Steelers,10.0,13.0,Baltimore Ravens,BAL,-3.0,40.5,Heinz Field,46.0,6.0,,Pittsburgh Steelers
2012-11-18,2012,11,Los Angeles Rams,13.0,27.0,New York Jets,LAR,-3.5,38.5,Edward Jones Dome,72.0,0.0,indoor,Los Angeles Rams
2012-11-18,2012,11,Washington Commanders,31.0,6.0,Philadelphia Eagles,WAS,-3.5,46,FedEx Field,52.0,9.0,,Washington Commanders
2012-11-19,2012,11,San Francisco 49ers,32.0,7.0,Chicago Bears,SF,-5.0,35,Candlestick Park,64.0,2.0,,San Francisco 49ers
2012-11-22,2012,12,Dallas Cowboys,31.0,38.0,Washington Commanders,DAL,-3.5,47.5,Cowboys Stadium,75.0,14.0,,Dallas Cowboys
2012-11-22,2012,12,Detroit Lions,31.0,34.0,Houston Texans,HOU,-4.0,49,Ford Field,72.0,0.0,indoor,Detroit Lions
2012-11-22,2012,12,New York Jets,19.0,49.0,New England Patriots,NE,-7.0,48.5,MetLife Stadium,46.0,2.0,,New York Jets
2012-11-25,2012,12,Arizona Cardinals,17.0,31.0,Los Angeles Rams,ARI,-1.0,36.5,University of Phoenix Stadium,72.0,0.0,indoor,Arizona Cardinals
2012-11-25,2012,12,Chicago Bears,28.0,10.0,Minnesota Vikings,CHI,-6.5,39,Soldier Field,41.0,5.0,,Chicago Bears
2012-11-25,2012,12,Cincinnati Bengals,34.0,10.0,Las Vegas Raiders,CIN,-8.0,51,Paul Brown Stadium,45.0,9.0,,Cincinnati Bengals
2012-11-25,2012,12,Cleveland Browns,20.0,14.0,Pittsburgh Steelers,PIT,-2.0,33.5,FirstEnergy Stadium,38.0,12.0,,Cleveland Browns
2012-11-25,2012,12,Indianapolis Colts,20.0,13.0,Buffalo Bills,IND,-3.0,51.5,Lucas Oil Stadium,72.0,0.0,indoor,Indianapolis Colts
2012-11-25,2012,12,Jacksonville Jaguars,24.0,19.0,Tennessee Titans,TEN,-3.5,45,EverBank Field,63.0,0.0,,Jacksonville Jaguars
2012-11-25,2012,12,Kansas City Chiefs,9.0,17.0,Denver Broncos,DEN,-10.5,42.5,Arrowhead Stadium,54.0,5.0,,Kansas City Chiefs
2012-11-25,2012,12,Miami Dolphins,24.0,21.0,Seattle Seahawks,SEA,-3.0,38,Sun Life Stadium,74.0,6.0,,Miami Dolphins
2012-11-25,2012,12,New Orleans Saints,21.0,31.0,San Francisco 49ers,SF,-1.5,50,Louisiana Superdome,72.0,0.0,indoor,New Orleans Saints
2012-11-25,2012,12,New York Giants,38.0,10.0,Green Bay Packers,NYG,-2.5,51.5,MetLife Stadium,37.0,11.0,,New York Giants
2012-11-25,2012,12,Los Angeles Chargers,13.0,16.0,Baltimore Ravens,BAL,-1.0,47,Qualcomm Stadium,62.0,4.0,fog,Los Angeles Chargers
2012-11-25,2012,12,Tampa Bay Buccaneers,23.0,24.0,Atlanta Falcons,ATL,-1.5,51.5,Raymond James Stadium,65.0,7.0,,Tampa Bay Buccaneers
2012-11-26,2012,12,Philadelphia Eagles,22.0,30.0,Carolina Panthers,CAR,-3.0,42,Lincoln Financial Field,37.0,2.0,,Philadelphia Eagles
2012-11-29,2012,13,Atlanta Falcons,23.0,13.0,New Orleans Saints,ATL,-3.5,55,Georgia Dome,72.0,0.0,indoor,Atlanta Falcons
2012-12-02,2012,13,Baltimore Ravens,20.0,23.0,Pittsburgh Steelers,BAL,-7.5,36.5,M&T Bank Stadium,57.0,9.0,,Baltimore Ravens
2012-12-02,2012,13,Buffalo Bills,34.0,18.0,Jacksonville Jaguars,BUF,-6.0,42,Ralph Wilson Stadium,52.0,13.0,rain | fog,Buffalo Bills
2012-12-02,2012,13,Chicago Bears,17.0,23.0,Seattle Seahawks,CHI,-3.5,37,Soldier Field,61.0,4.0,,Chicago Bears
2012-12-02,2012,13,Dallas Cowboys,38.0,33.0,Philadelphia Eagles,DAL,-10.5,44,Cowboys Stadium,77.0,8.0,,Dallas Cowboys
2012-12-02,2012,13,Denver Broncos,31.0,23.0,Tampa Bay Buccaneers,DEN,-7.5,50,Sports Authority Field at Mile High,64.0,4.0,,Denver Broncos
2012-12-02,2012,13,Detroit Lions,33.0,35.0,Indianapolis Colts,DET,-7.0,51,Ford Field,72.0,0.0,indoor,Detroit Lions
2012-12-02,2012,13,Green Bay Packers,23.0,14.0,Minnesota Vikings,GB,-7.5,47,Lambeau Field,45.0,8.0,,Green Bay Packers
2012-12-02,2012,13,Kansas City Chiefs,27.0,21.0,Carolina Panthers,CAR,-6.0,41,Arrowhead Stadium,61.0,0.0,,Kansas City Chiefs
2012-12-02,2012,13,Miami Dolphins,16.0,23.0,New England Patriots,NE,-9.0,51.5,Sun Life Stadium,78.0,13.0,,Miami Dolphins
2012-12-02,2012,13,New York Jets,7.0,6.0,Arizona Cardinals,NYJ,-6.0,36.5,MetLife Stadium,46.0,4.0,fog,New York Jets
2012-12-02,2012,13,Las Vegas Raiders,17.0,20.0,Cleveland Browns,CLE,-2.5,39.5,Oakland Coliseum,62.0,2.0,,Las Vegas Raiders
2012-12-02,2012,13,Los Angeles Chargers,13.0,20.0,Cincinnati Bengals,CIN,-2.5,46,Qualcomm Stadium,66.0,4.0,fog,Los Angeles Chargers
2012-12-02,2012,13,Los Angeles Rams,16.0,13.0,San Francisco 49ers,SF,-8.0,41,Edward Jones Dome,72.0,0.0,indoor,Los Angeles Rams
2012-12-02,2012,13,Tennessee Titans,10.0,24.0,Houston Texans,HOU,-7.0,47,Nissan Stadium,71.0,12.0,,Tennessee Titans
2012-12-03,2012,13,Washington Commanders,17.0,16.0,New York Giants,NYG,-3.0,50,FedEx Field,60.0,1.0,,Washington Commanders
2012-12-06,2012,14,Las Vegas Raiders,13.0,26.0,Denver Broncos,DEN,-10.5,47,Oakland Coliseum,57.0,7.0,,Las Vegas Raiders
2012-12-09,2012,14,Buffalo Bills,12.0,15.0,Los Angeles Rams,BUF,-3.0,42.5,Ralph Wilson Stadium,37.0,11.0,,Buffalo Bills
2012-12-09,2012,14,Carolina Panthers,30.0,20.0,Atlanta Falcons,ATL,-3.5,47,Bank of America Stadium,70.0,5.0,fog,Carolina Panthers
2012-12-09,2012,14,Cincinnati Bengals,19.0,20.0,Dallas Cowboys,CIN,-3.5,46,Paul Brown Stadium,54.0,6.0,,Cincinnati Bengals
2012-12-09,2012,14,Cleveland Browns,30.0,7.0,Kansas City Chiefs,CLE,-7.0,38,FirstEnergy Stadium,44.0,5.0,,Cleveland Browns
2012-12-09,2012,14,Green Bay Packers,27.0,20.0,Detroit Lions,GB,-6.5,49,Lambeau Field,33.0,9.0,snow | fog,Green Bay Packers
2012-12-09,2012,14,Indianapolis Colts,27.0,23.0,Tennessee Titans,IND,-4.0,47,Lucas Oil Stadium,72.0,0.0,indoor,Indianapolis Colts
2012-12-09,2012,14,Jacksonville Jaguars,10.0,17.0,New York Jets,NYJ,-3.0,39,EverBank Field,69.0,5.0,fog,Jacksonville Jaguars
2012-12-09,2012,14,Minnesota Vikings,21.0,14.0,Chicago Bears,CHI,-1.5,40.5,Mall of America Field,72.0,0.0,indoor,Minnesota Vikings
2012-12-09,2012,14,New York Giants,52.0,27.0,New Orleans Saints,NYG,-4.5,51.5,MetLife Stadium,43.0,3.0,rain,New York Giants
2012-12-09,2012,14,Pittsburgh Steelers,24.0,34.0,Los Angeles Chargers,PIT,-7.5,38,Heinz Field,51.0,6.0,,Pittsburgh Steelers
2012-12-09,2012,14,San Francisco 49ers,27.0,13.0,Miami Dolphins,SF,-10.5,38.5,Candlestick Park,64.0,3.0,,San Francisco 49ers
2012-12-09,2012,14,Seattle Seahawks,58.0,0.0,Arizona Cardinals,SEA,-10.0,36,CenturyLink Field,48.0,8.0,rain | fog,Seattle Seahawks
2012-12-09,2012,14,Tampa Bay Buccaneers,21.0,23.0,Philadelphia Eagles,TB,-7.0,48,Raymond James Stadium,73.0,1.0,,Tampa Bay Buccaneers
2012-12-09,2012,14,Washington Commanders,31.0,28.0,Baltimore Ravens,WAS,-1.5,48,FedEx Field,51.0,8.0,,Washington Commanders
2012-12-10,2012,14,New England Patriots,42.0,14.0,Houston Texans,NE,-5.5,51,Gillette Stadium,59.0,7.0,,New England Patriots
2012-12-13,2012,15,Philadelphia Eagles,13.0,34.0,Cincinnati Bengals,CIN,-5.0,45,Lincoln Financial Field,40.0,3.0,,Philadelphia Eagles
2012-12-16,2012,15,Arizona Cardinals,38.0,10.0,Detroit Lions,DET,-6.5,43.5,University of Phoenix Stadium,72.0,0.0,indoor,Arizona Cardinals
2012-12-16,2012,15,Atlanta Falcons,34.0,0.0,New York Giants,PICK,0.0,50,Georgia Dome,72.0,0.0,indoor,Atlanta Falcons
2012-12-16,2012,15,Baltimore Ravens,17.0,34.0,Denver Broncos,DEN,-3.0,48,M&T Bank Stadium,64.0,7.0,rain,Baltimore Ravens
2012-12-16,2012,15,Buffalo Bills,17.0,50.0,Seattle Seahawks,SEA,-5.0,44,Rogers Centre,72.0,0.0,indoor,Buffalo Bills
2012-12-16,2012,15,Chicago Bears,13.0,21.0,Green Bay Packers,GB,-3.0,43.5,Soldier Field,44.0,9.0,,Chicago Bears
2012-12-16,2012,15,Cleveland Browns,21.0,38.0,Washington Commanders,CLE,-4.0,40.5,FirstEnergy Stadium,59.0,9.0,,Cleveland Browns
2012-12-16,2012,15,Dallas Cowboys,27.0,24.0,Pittsburgh Steelers,PIT,-2.5,46,Cowboys Stadium,72.0,6.0,,Dallas Cowboys
2012-12-16,2012,15,Houston Texans,29.0,17.0,Indianapolis Colts,HOU,-10.5,48,Reliant Stadium,64.0,10.0,retractable (open roof),Houston Texans
2012-12-16,2012,15,Miami Dolphins,24.0,3.0,Jacksonville Jaguars,MIA,-7.5,38,Sun Life Stadium,80.0,9.0,,Miami Dolphins
2012-12-16,2012,15,New England Patriots,34.0,41.0,San Francisco 49ers,NE,-5.0,47.5,Gillette Stadium,37.0,5.0,fog,New England Patriots
2012-12-16,2012,15,New Orleans Saints,41.0,0.0,Tampa Bay Buccaneers,NO,-3.5,55,Louisiana Superdome,72.0,0.0,indoor,New Orleans Saints
2012-12-16,2012,15,Las Vegas Raiders,15.0,0.0,Kansas City Chiefs,LVR,-4.5,44,Oakland Coliseum,56.0,5.0,,Las Vegas Raiders
2012-12-16,2012,15,Los Angeles Chargers,7.0,31.0,Carolina Panthers,LAC,-3.0,45.5,Qualcomm Stadium,59.0,6.0,,Los Angeles Chargers
2012-12-16,2012,15,Los Angeles Rams,22.0,36.0,Minnesota Vikings,LAR,-2.5,39.5,Edward Jones Dome,72.0,0.0,indoor,Los Angeles Rams
2012-12-17,2012,15,Tennessee Titans,14.0,10.0,New York Jets,TEN,-1.0,42,Nissan Stadium,54.0,11.0,,Tennessee Titans
2012-12-22,2012,16,Detroit Lions,18.0,31.0,Atlanta Falcons,ATL,-4.0,50.5,Ford Field,72.0,0.0,indoor,Detroit Lions
2012-12-23,2012,16,Arizona Cardinals,13.0,28.0,Chicago Bears,CHI,-7.0,36.5,University of Phoenix Stadium,72.0,0.0,indoor,Arizona Cardinals
2012-12-23,2012,16,Baltimore Ravens,33.0,14.0,New York Giants,NYG,-2.5,47,M&T Bank Stadium,51.0,7.0,,Baltimore Ravens
2012-12-23,2012,16,Carolina Panthers,17.0,6.0,Las Vegas Raiders,CAR,-9.5,47,Bank of America Stadium,53.0,5.0,,Carolina Panthers
2012-12-23,2012,16,Dallas Cowboys,31.0,34.0,New Orleans Saints,DAL,-3.0,54.5,Cowboys Stadium,64.0,8.0,,Dallas Cowboys
2012-12-23,2012,16,Denver Broncos,34.0,12.0,Cleveland Browns,DEN,-11.0,44,Sports Authority Field at Mile High,51.0,3.0,,Denver Broncos
2012-12-23,2012,16,Green Bay Packers,55.0,7.0,Tennessee Titans,GB,-11.0,44.5,Lambeau Field,24.0,9.0,,Green Bay Packers
2012-12-23,2012,16,Houston Texans,6.0,23.0,Minnesota Vikings,HOU,-7.5,43.5,Reliant Stadium,75.0,12.0,retractable (open roof),Houston Texans
2012-12-23,2012,16,Jacksonville Jaguars,16.0,23.0,New England Patriots,NE,-14.5,51,EverBank Field,60.0,0.0,,Jacksonville Jaguars
2012-12-23,2012,16,Kansas City Chiefs,13.0,20.0,Indianapolis Colts,IND,-6.0,41.5,Arrowhead Stadium,36.0,6.0,,Kansas City Chiefs
2012-12-23,2012,16,Miami Dolphins,24.0,10.0,Buffalo Bills,MIA,-5.0,43,Sun Life Stadium,73.0,9.0,,Miami Dolphins
2012-12-23,2012,16,New York Jets,17.0,27.0,Los Angeles Chargers,NYJ,-3.0,38,MetLife Stadium,41.0,8.0,,New York Jets
2012-12-23,2012,16,Philadelphia Eagles,20.0,27.0,Washington Commanders,WAS,-6.0,46,Lincoln Financial Field,44.0,9.0,,Philadelphia Eagles
2012-12-23,2012,16,Pittsburgh Steelers,10.0,13.0,Cincinnati Bengals,PIT,-3.5,40,Heinz Field,38.0,12.0,,Pittsburgh Steelers
2012-12-23,2012,16,Seattle Seahawks,42.0,13.0,San Francisco 49ers,SEA,-2.0,40.5,CenturyLink Field,45.0,3.0,rain,Seattle Seahawks
2012-12-23,2012,16,Tampa Bay Buccaneers,13.0,28.0,Los Angeles Rams,TB,-3.0,44,Raymond James Stadium,63.0,8.0,,Tampa Bay Buccaneers
2012-12-30,2012,17,Atlanta Falcons,17.0,22.0,Tampa Bay Buccaneers,ATL,-3.0,46,Georgia Dome,72.0,0.0,indoor,Atlanta Falcons
2012-12-30,2012,17,Buffalo Bills,28.0,9.0,New York Jets,BUF,-3.5,41,Ralph Wilson Stadium,28.0,8.0,,Buffalo Bills
2012-12-30,2012,17,Cincinnati Bengals,23.0,17.0,Baltimore Ravens,CIN,-3.0,42.5,Paul Brown Stadium,28.0,8.0,,Cincinnati Bengals
2012-12-30,2012,17,Denver Broncos,38.0,3.0,Kansas City Chiefs,DEN,-17.0,41.5,Sports Authority Field at Mile High,35.0,13.0,,Denver Broncos
2012-12-30,2012,17,Detroit Lions,24.0,26.0,Chicago Bears,CHI,-3.0,46,Ford Field,72.0,0.0,indoor,Detroit Lions
2012-12-30,2012,17,Indianapolis Colts,28.0,16.0,Houston Texans,HOU,-6.0,47,Lucas Oil Stadium,72.0,0.0,indoor,Indianapolis Colts
2012-12-30,2012,17,Minnesota Vikings,37.0,34.0,Green Bay Packers,GB,-3.0,46,Mall of America Field,72.0,0.0,indoor,Minnesota Vikings
2012-12-30,2012,17,New England Patriots,28.0,0.0,Miami Dolphins,NE,-10.0,46.5,Gillette Stadium,28.0,13.0,,New England Patriots
2012-12-30,2012,17,New Orleans Saints,38.0,44.0,Carolina Panthers,NO,-4.0,54,Louisiana Superdome,72.0,0.0,indoor,New Orleans Saints
2012-12-30,2012,17,New York Giants,42.0,7.0,Philadelphia Eagles,NYG,-6.5,44.5,MetLife Stadium,34.0,21.0,snow,New York Giants
2012-12-30,2012,17,Pittsburgh Steelers,24.0,10.0,Cleveland Browns,PIT,-9.5,36,Heinz Field,28.0,13.0,,Pittsburgh Steelers
2012-12-30,2012,17,Los Angeles Chargers,24.0,21.0,Las Vegas Raiders,LAC,-8.0,41.5,Qualcomm Stadium,54.0,5.0,,Los Angeles Chargers
2012-12-30,2012,17,San Francisco 49ers,27.0,13.0,Arizona Cardinals,SF,-16.5,39.5,Candlestick Park,53.0,5.0,,San Francisco 49ers
2012-12-30,2012,17,Seattle Seahawks,20.0,13.0,Los Angeles Rams,SEA,-12.0,42.5,CenturyLink Field,42.0,4.0,,Seattle Seahawks
2012-12-30,2012,17,Tennessee Titans,38.0,20.0,Jacksonville Jaguars,TEN,-5.5,42,Nissan Stadium,39.0,4.0,,Tennessee Titans
2012-12-30,2012,17,Washington Commanders,28.0,18.0,Dallas Cowboys,WAS,-3.0,49,FedEx Field,37.0,9.0,,Washington Commanders
2013-09-05,2013,1,Denver Broncos,49.0,27.0,Baltimore Ravens,DEN,-7.5,49.5,Sports Authority Field at Mile High,83.0,7.0,,Denver Broncos
2013-09-08,2013,1,Buffalo Bills,21.0,23.0,New England Patriots,NE,-10.5,51.5,Ralph Wilson Stadium,65.0,6.0,,Buffalo Bills
2013-09-08,2013,1,Carolina Panthers,7.0,12.0,Seattle Seahawks,SEA,-3.5,45,Bank of America Stadium,87.0,7.0,,Carolina Panthers
2013-09-08,2013,1,Chicago Bears,24.0,21.0,Cincinnati Bengals,CHI,-3.0,42,Soldier Field,77.0,13.0,,Chicago Bears
2013-09-08,2013,1,Cleveland Browns,10.0,23.0,Miami Dolphins,CLE,-2.5,40.5,FirstEnergy Stadium,72.0,16.0,,Cleveland Browns
2013-09-08,2013,1,Dallas Cowboys,36.0,31.0,New York Giants,DAL,-3.5,50,Cowboys Stadium,72.0,0.0,indoor,Dallas Cowboys
2013-09-08,2013,1,Detroit Lions,34.0,24.0,Minnesota Vikings,DET,-4.5,47.5,Ford Field,72.0,0.0,indoor,Detroit Lions
2013-09-08,2013,1,Indianapolis Colts,21.0,17.0,Las Vegas Raiders,IND,-11.5,45.5,Lucas Oil Stadium,72.0,0.0,indoor,Indianapolis Colts
2013-09-08,2013,1,Jacksonville Jaguars,2.0,28.0,Kansas City Chiefs,KC,-4.5,43,EverBank Field,87.0,10.0,,Jacksonville Jaguars
2013-09-08,2013,1,New Orleans Saints,23.0,17.0,Atlanta Falcons,NO,-3.5,56,Louisiana Superdome,72.0,0.0,indoor,New Orleans Saints
2013-09-08,2013,1,New York Jets,18.0,17.0,Tampa Bay Buccaneers,TB,-6.0,39,MetLife Stadium,82.0,9.0,,New York Jets
2013-09-08,2013,1,Pittsburgh Steelers,9.0,16.0,Tennessee Titans,PIT,-6.0,42,Heinz Field,74.0,9.0,,Pittsburgh Steelers
2013-09-08,2013,1,San Francisco 49ers,34.0,28.0,Green Bay Packers,SF,-5.0,48.5,Candlestick Park,69.0,6.0,,San Francisco 49ers
2013-09-08,2013,1,Los Angeles Rams,27.0,24.0,Arizona Cardinals,LAR,-3.5,41.5,Edward Jones Dome,72.0,0.0,indoor,Los Angeles Rams
2013-09-09,2013,1,Los Angeles Chargers,28.0,31.0,Houston Texans,HOU,-6.5,45.5,Qualcomm Stadium,70.0,3.0,,Los Angeles Chargers
2013-09-09,2013,1,Washington Commanders,27.0,33.0,Philadelphia Eagles,WAS,-4.5,53.5,FedEx Field,80.0,9.0,,Washington Commanders
2013-09-12,2013,2,New England Patriots,13.0,10.0,New York Jets,NE,-11.5,43.5,Gillette Stadium,72.0,8.0,rain | fog,New England Patriots
2013-09-15,2013,2,Arizona Cardinals,25.0,21.0,Detroit Lions,DET,-2.0,48.5,University of Phoenix Stadium,72.0,0.0,indoor,Arizona Cardinals
2013-09-15,2013,2,Atlanta Falcons,31.0,24.0,Los Angeles Rams,ATL,-5.5,47.5,Georgia Dome,72.0,0.0,indoor,Atlanta Falcons
2013-09-15,2013,2,Baltimore Ravens,14.0,6.0,Cleveland Browns,BAL,-7.0,44,M&T Bank Stadium,78.0,6.0,,Baltimore Ravens
2013-09-15,2013,2,Buffalo Bills,24.0,23.0,Carolina Panthers,CAR,-3.5,43.5,Ralph Wilson Stadium,66.0,10.0,,Buffalo Bills
2013-09-15,2013,2,Chicago Bears,31.0,30.0,Minnesota Vikings,CHI,-6.5,42,Soldier Field,62.0,6.0,rain,Chicago Bears
2013-09-15,2013,2,Green Bay Packers,38.0,20.0,Washington Commanders,GB,-8.0,50,Lambeau Field,62.0,4.0,rain,Green Bay Packers
2013-09-15,2013,2,Houston Texans,30.0,24.0,Tennessee Titans,HOU,-9.0,43,Reliant Stadium,91.0,9.0,retractable (open roof),Houston Texans
2013-09-15,2013,2,Indianapolis Colts,20.0,24.0,Miami Dolphins,IND,-3.0,44,Lucas Oil Stadium,72.0,0.0,indoor,Indianapolis Colts
2013-09-15,2013,2,Kansas City Chiefs,17.0,16.0,Dallas Cowboys,KC,-3.0,46,Arrowhead Stadium,79.0,6.0,,Kansas City Chiefs
2013-09-15,2013,2,New York Giants,23.0,41.0,Denver Broncos,DEN,-4.0,55.5,MetLife Stadium,70.0,3.0,,New York Giants
2013-09-15,2013,2,Las Vegas Raiders,19.0,9.0,Jacksonville Jaguars,LVR,-5.0,40,Oakland Coliseum,76.0,9.0,,Las Vegas Raiders
2013-09-15,2013,2,Philadelphia Eagles,30.0,33.0,Los Angeles Chargers,PHI,-7.5,54,Lincoln Financial Field,72.0,7.0,,Philadelphia Eagles
2013-09-15,2013,2,Seattle Seahawks,29.0,3.0,San Francisco 49ers,SEA,-2.5,44.5,CenturyLink Field,64.0,6.0,rain,Seattle Seahawks
2013-09-15,2013,2,Tampa Bay Buccaneers,14.0,16.0,New Orleans Saints,NO,-4.0,48.5,Raymond James Stadium,93.0,8.0,,Tampa Bay Buccaneers
2013-09-16,2013,2,Cincinnati Bengals,20.0,10.0,Pittsburgh Steelers,CIN,-6.5,41,Paul Brown Stadium,62.0,5.0,,Cincinnati Bengals
2013-09-19,2013,3,Philadelphia Eagles,16.0,26.0,Kansas City Chiefs,PHI,-3.5,51,Lincoln Financial Field,73.0,5.0,,Philadelphia Eagles
2013-09-22,2013,3,Baltimore Ravens,30.0,9.0,Houston Texans,HOU,-1.0,44.5,M&T Bank Stadium,73.0,9.0,,Baltimore Ravens
2013-09-22,2013,3,Carolina Panthers,38.0,0.0,New York Giants,NYG,-3.0,47,Bank of America Stadium,77.0,15.0,,Carolina Panthers
2013-09-22,2013,3,Cincinnati Bengals,34.0,30.0,Green Bay Packers,GB,-3.0,50.5,Paul Brown Stadium,67.0,7.0,,Cincinnati Bengals
2013-09-22,2013,3,Dallas Cowboys,31.0,7.0,Los Angeles Rams,DAL,-3.5,47,Cowboys Stadium,72.0,0.0,indoor,Dallas Cowboys
2013-09-22,2013,3,Miami Dolphins,27.0,23.0,Atlanta Falcons,MIA,-2.5,46,Sun Life Stadium,89.0,8.0,,Miami Dolphins
2013-09-22,2013,3,Minnesota Vikings,27.0,31.0,Cleveland Browns,MIN,-7.0,40.5,Mall of America Field,72.0,0.0,indoor,Minnesota Vikings
2013-09-22,2013,3,New England Patriots,23.0,3.0,Tampa Bay Buccaneers,NE,-7.5,45,Gillette Stadium,72.0,9.0,,New England Patriots
2013-09-22,2013,3,New Orleans Saints,31.0,7.0,Arizona Cardinals,NO,-7.5,49.5,Louisiana Superdome,72.0,0.0,indoor,New Orleans Saints
2013-09-22,2013,3,New York Jets,27.0,20.0,Buffalo Bills,NYJ,-2.5,41,MetLife Stadium,67.0,9.0,,New York Jets
2013-09-22,2013,3,Pittsburgh Steelers,23.0,40.0,Chicago Bears,CHI,-2.5,41,Heinz Field,56.0,5.0,,Pittsburgh Steelers
2013-09-22,2013,3,San Francisco 49ers,7.0,27.0,Indianapolis Colts,SF,-10.0,47,Candlestick Park,66.0,5.0,,San Francisco 49ers
2013-09-22,2013,3,Seattle Seahawks,45.0,17.0,Jacksonville Jaguars,SEA,-20.0,39.5,CenturyLink Field,61.0,17.0,,Seattle Seahawks
2013-09-22,2013,3,Tennessee Titans,20.0,17.0,Los Angeles Chargers,TEN,-3.0,43.5,Nissan Stadium,76.0,7.0,,Tennessee Titans
2013-09-22,2013,3,Washington Commanders,20.0,27.0,Detroit Lions,DET,-1.0,49.5,FedEx Field,72.0,8.0,,Washington Commanders
2013-09-23,2013,3,Denver Broncos,37.0,21.0,Las Vegas Raiders,DEN,-16.5,50,Sports Authority Field at Mile High,64.0,16.0,,Denver Broncos
2013-09-26,2013,4,Los Angeles Rams,11.0,35.0,San Francisco 49ers,SF,-4.0,43.5,Edward Jones Dome,72.0,0.0,indoor,Los Angeles Rams
2013-09-29,2013,4,Atlanta Falcons,23.0,30.0,New England Patriots,ATL,-3.0,50,Georgia Dome,72.0,0.0,indoor,Atlanta Falcons
2013-09-29,2013,4,Buffalo Bills,23.0,20.0,Baltimore Ravens,BAL,-4.0,45,Ralph Wilson Stadium,74.0,8.0,,Buffalo Bills
2013-09-29,2013,4,Cleveland Browns,17.0,6.0,Cincinnati Bengals,CIN,-4.5,42.5,FirstEnergy Stadium,73.0,9.0,,Cleveland Browns
2013-09-29,2013,4,Denver Broncos,52.0,20.0,Philadelphia Eagles,DEN,-11.5,59,Sports Authority Field at Mile High,76.0,8.0,,Denver Broncos
2013-09-29,2013,4,Detroit Lions,40.0,32.0,Chicago Bears,DET,-2.5,49.5,Ford Field,72.0,0.0,indoor,Detroit Lions
2013-09-29,2013,4,Houston Texans,20.0,23.0,Seattle Seahawks,SEA,-2.0,41,Reliant Stadium,82.0,9.0,retractable (open roof),Houston Texans
2013-09-29,2013,4,Jacksonville Jaguars,3.0,37.0,Indianapolis Colts,IND,-9.5,42.5,EverBank Field,80.0,12.0,,Jacksonville Jaguars
2013-09-29,2013,4,Kansas City Chiefs,31.0,7.0,New York Giants,KC,-4.5,44,Arrowhead Stadium,73.0,5.0,,Kansas City Chiefs
2013-09-29,2013,4,Minnesota Vikings,34.0,27.0,Pittsburgh Steelers,PIT,-3.0,41.5,Wembley Stadium,54.0,11.0,,Minnesota Vikings
2013-09-29,2013,4,Las Vegas Raiders,14.0,24.0,Washington Commanders,WAS,-4.0,46,Oakland Coliseum,77.0,5.0,,Las Vegas Raiders
2013-09-29,2013,4,Los Angeles Chargers,30.0,21.0,Dallas Cowboys,DAL,-1.5,48,Qualcomm Stadium,80.0,7.0,,Los Angeles Chargers
2013-09-29,2013,4,Tampa Bay Buccaneers,10.0,13.0,Arizona Cardinals,TB,-2.5,40,Raymond James Stadium,84.0,7.0,,Tampa Bay Buccaneers
2013-09-29,2013,4,Tennessee Titans,38.0,13.0,New York Jets,TEN,-3.5,40.5,Nissan Stadium,74.0,4.0,rain,Tennessee Titans
2013-09-30,2013,4,New Orleans Saints,38.0,17.0,Miami Dolphins,NO,-7.5,49,Louisiana Superdome,72.0,0.0,indoor,New Orleans Saints
2013-10-03,2013,5,Cleveland Browns,37.0,24.0,Buffalo Bills,CLE,-4.0,41,FirstEnergy Stadium,75.0,8.0,rain,Cleveland Browns
2013-10-06,2013,5,Arizona Cardinals,22.0,6.0,Carolina Panthers,CAR,-3.0,42.5,University of Phoenix Stadium,72.0,0.0,indoor,Arizona Cardinals
2013-10-06,2013,5,Chicago Bears,18.0,26.0,New Orleans Saints,NO,-1.5,51.5,Soldier Field,61.0,12.0,,Chicago Bears
2013-10-06,2013,5,Cincinnati Bengals,13.0,6.0,New England Patriots,NE,-1.0,45.5,Paul Brown Stadium,74.0,7.0,,Cincinnati Bengals
2013-10-06,2013,5,Dallas Cowboys,48.0,51.0,Denver Broncos,DEN,-9.0,57.5,Cowboys Stadium,72.0,0.0,indoor,Dallas Cowboys
2013-10-06,2013,5,Green Bay Packers,22.0,9.0,Detroit Lions,GB,-9.5,55,Lambeau Field,61.0,12.0,,Green Bay Packers
2013-10-06,2013,5,Indianapolis Colts,34.0,28.0,Seattle Seahawks,SEA,-3.0,44,Lucas Oil Stadium,72.0,0.0,indoor,Indianapolis Colts
2013-10-06,2013,5,Miami Dolphins,23.0,26.0,Baltimore Ravens,MIA,-2.5,43,Sun Life Stadium,87.0,6.0,,Miami Dolphins
2013-10-06,2013,5,New York Giants,21.0,36.0,Philadelphia Eagles,NYG,-1.5,54,MetLife Stadium,69.0,9.0,fog,New York Giants
2013-10-06,2013,5,Las Vegas Raiders,27.0,17.0,Los Angeles Chargers,LAC,-5.0,47,Oakland Coliseum,70.0,2.0,,Las Vegas Raiders
2013-10-06,2013,5,San Francisco 49ers,34.0,3.0,Houston Texans,SF,-4.5,44,Candlestick Park,76.0,9.0,,San Francisco 49ers
2013-10-06,2013,5,Los Angeles Rams,34.0,20.0,Jacksonville Jaguars,LAR,-11.0,41,Edward Jones Dome,72.0,0.0,indoor,Los Angeles Rams
2013-10-06,2013,5,Tennessee Titans,17.0,26.0,Kansas City Chiefs,KC,-3.0,38.5,Nissan Stadium,74.0,6.0,rain,Tennessee Titans
2013-10-07,2013,5,Atlanta Falcons,28.0,30.0,New York Jets,ATL,-10.5,45,Georgia Dome,72.0,0.0,indoor,Atlanta Falcons
2013-10-10,2013,6,Chicago Bears,27.0,21.0,New York Giants,CHI,-8.5,48,Soldier Field,63.0,6.0,,Chicago Bears
2013-10-13,2013,6,Baltimore Ravens,17.0,19.0,Green Bay Packers,GB,-2.0,48,M&T Bank Stadium,68.0,10.0,rain,Baltimore Ravens
2013-10-13,2013,6,Buffalo Bills,24.0,27.0,Cincinnati Bengals,CIN,-6.0,41,Ralph Wilson Stadium,68.0,5.0,,Buffalo Bills
2013-10-13,2013,6,Cleveland Browns,17.0,31.0,Detroit Lions,DET,-2.5,43.5,FirstEnergy Stadium,67.0,8.0,,Cleveland Browns
2013-10-13,2013,6,Dallas Cowboys,31.0,16.0,Washington Commanders,DAL,-5.5,51.5,Cowboys Stadium,72.0,0.0,indoor,Dallas Cowboys
2013-10-13,2013,6,Denver Broncos,35.0,19.0,Jacksonville Jaguars,DEN,-26.5,52,Sports Authority Field at Mile High,59.0,7.0,,Denver Broncos
2013-10-13,2013,6,Houston Texans,13.0,38.0,Los Angeles Rams,HOU,-9.0,42.5,Reliant Stadium,76.0,5.0,retractable (open roof),Houston Texans
2013-10-13,2013,6,Kansas City Chiefs,24.0,7.0,Las Vegas Raiders,KC,-7.5,41.5,Arrowhead Stadium,70.0,7.0,,Kansas City Chiefs
2013-10-13,2013,6,Minnesota Vikings,10.0,35.0,Carolina Panthers,MIN,-2.5,44.5,Mall of America Field,72.0,0.0,indoor,Minnesota Vikings
2013-10-13,2013,6,New England Patriots,30.0,27.0,New Orleans Saints,NE,-2.5,50,Gillette Stadium,59.0,7.0,,New England Patriots
2013-10-13,2013,6,New York Jets,6.0,19.0,Pittsburgh Steelers,PIT,-1.5,41,MetLife Stadium,65.0,10.0,,New York Jets
2013-10-13,2013,6,San Francisco 49ers,32.0,20.0,Arizona Cardinals,SF,-10.5,41,Candlestick Park,67.0,5.0,,San Francisco 49ers
2013-10-13,2013,6,Seattle Seahawks,20.0,13.0,Tennessee Titans,SEA,-11.5,41.5,CenturyLink Field,57.0,4.0,,Seattle Seahawks
2013-10-13,2013,6,Tampa Bay Buccaneers,20.0,31.0,Philadelphia Eagles,PHI,-3.0,44,Raymond James Stadium,84.0,4.0,,Tampa Bay Buccaneers
2013-10-14,2013,6,Los Angeles Chargers,19.0,9.0,Indianapolis Colts,PICK,0.0,50.5,Qualcomm Stadium,69.0,3.0,,Los Angeles Chargers
2013-10-17,2013,7,Arizona Cardinals,22.0,34.0,Seattle Seahawks,SEA,-4.5,41.5,University of Phoenix Stadium,72.0,0.0,indoor,Arizona Cardinals
2013-10-20,2013,7,Atlanta Falcons,31.0,23.0,Tampa Bay Buccaneers,ATL,-6.5,43,Georgia Dome,72.0,0.0,indoor,Atlanta Falcons
2013-10-20,2013,7,Carolina Panthers,30.0,15.0,Los Angeles Rams,CAR,-7.0,42,Bank of America Stadium,68.0,4.0,,Carolina Panthers
2013-10-20,2013,7,Detroit Lions,24.0,27.0,Cincinnati Bengals,DET,-1.5,46,Ford Field,72.0,0.0,indoor,Detroit Lions
2013-10-20,2013,7,Green Bay Packers,31.0,13.0,Cleveland Browns,GB,-9.5,45,Lambeau Field,46.0,8.0,,Green Bay Packers
2013-10-20,2013,7,Indianapolis Colts,39.0,33.0,Denver Broncos,DEN,-6.0,55.5,Lucas Oil Stadium,72.0,0.0,indoor,Indianapolis Colts
2013-10-20,2013,7,Jacksonville Jaguars,6.0,24.0,Los Angeles Chargers,LAC,-7.0,44.5,EverBank Field,77.0,7.0,,Jacksonville Jaguars
2013-10-20,2013,7,Kansas City Chiefs,17.0,16.0,Houston Texans,KC,-6.0,39,Arrowhead Stadium,70.0,15.0,,Kansas City Chiefs
2013-10-20,2013,7,Miami Dolphins,21.0,23.0,Buffalo Bills,MIA,-6.5,44.5,Sun Life Stadium,87.0,5.0,,Miami Dolphins
2013-10-20,2013,7,New York Jets,30.0,27.0,New England Patriots,NE,-3.0,43,MetLife Stadium,65.0,12.0,,New York Jets
2013-10-20,2013,7,Philadelphia Eagles,3.0,17.0,Dallas Cowboys,PHI,-2.5,55,Lincoln Financial Field,62.0,13.0,,Philadelphia Eagles
2013-10-20,2013,7,Pittsburgh Steelers,19.0,16.0,Baltimore Ravens,PIT,-2.5,41,Heinz Field,57.0,7.0,,Pittsburgh Steelers
2013-10-20,2013,7,Tennessee Titans,17.0,31.0,San Francisco 49ers,SF,-3.0,40.5,Nissan Stadium,68.0,4.0,,Tennessee Titans
2013-10-20,2013,7,Washington Commanders,45.0,41.0,Chicago Bears,CHI,-1.0,48,FedEx Field,62.0,8.0,,Washington Commanders
2013-10-21,2013,7,New York Giants,23.0,7.0,Minnesota Vikings,NYG,-3.5,47,MetLife Stadium,57.0,7.0,,New York Giants
2013-10-24,2013,8,Tampa Bay Buccaneers,13.0,31.0,Carolina Panthers,CAR,-6.5,38.5,Raymond James Stadium,70.0,5.0,,Tampa Bay Buccaneers
2013-10-27,2013,8,Arizona Cardinals,27.0,13.0,Atlanta Falcons,ARI,-3.0,46.5,University of Phoenix Stadium,72.0,0.0,indoor,Arizona Cardinals
2013-10-27,2013,8,Cincinnati Bengals,49.0,9.0,New York Jets,CIN,-4.5,41.5,Paul Brown Stadium,57.0,3.0,,Cincinnati Bengals
2013-10-27,2013,8,Denver Broncos,45.0,21.0,Washington Commanders,DEN,-11.0,58,Sports Authority Field at Mile High,69.0,8.0,,Denver Broncos
2013-10-27,2013,8,Detroit Lions,31.0,30.0,Dallas Cowboys,DET,-3.0,50.5,Ford Field,72.0,0.0,indoor,Detroit Lions
2013-10-27,2013,8,Jacksonville Jaguars,10.0,42.0,San Francisco 49ers,SF,-14.5,40,Wembley Stadium,73.0,13.0,,Jacksonville Jaguars
2013-10-27,2013,8,Kansas City Chiefs,23.0,17.0,Cleveland Browns,KC,-7.0,39,Arrowhead Stadium,61.0,9.0,,Kansas City Chiefs
2013-10-27,2013,8,Minnesota Vikings,31.0,44.0,Green Bay Packers,GB,-7.5,47,Mall of America Field,72.0,0.0,indoor,Minnesota Vikings
2013-10-27,2013,8,New England Patriots,27.0,17.0,Miami Dolphins,NE,-5.5,45,Gillette Stadium,53.0,14.0,,New England Patriots
2013-10-27,2013,8,New Orleans Saints,35.0,17.0,Buffalo Bills,NO,-10.5,48,Louisiana Superdome,72.0,0.0,indoor,New Orleans Saints
2013-10-27,2013,8,Las Vegas Raiders,21.0,18.0,Pittsburgh Steelers,PIT,-2.5,40.5,Oakland Coliseum,59.0,17.0,,Las Vegas Raiders
2013-10-27,2013,8,Philadelphia Eagles,7.0,15.0,New York Giants,PHI,-5.5,49.5,Lincoln Financial Field,58.0,13.0,,Philadelphia Eagles
2013-10-28,2013,8,Los Angeles Rams,9.0,14.0,Seattle Seahawks,SEA,-13.0,43.5,Edward Jones Dome,72.0,0.0,indoor,Los Angeles Rams
2013-10-31,2013,9,Miami Dolphins,22.0,20.0,Cincinnati Bengals,CIN,-3.0,42,Sun Life Stadium,79.0,8.0,,Miami Dolphins
2013-11-03,2013,9,Buffalo Bills,13.0,23.0,Kansas City Chiefs,KC,-4.5,41,Ralph Wilson Stadium,38.0,7.0,,Buffalo Bills
2013-11-03,2013,9,Carolina Panthers,34.0,10.0,Atlanta Falcons,CAR,-8.0,47,Bank of America Stadium,62.0,12.0,,Carolina Panthers
2013-11-03,2013,9,Cleveland Browns,24.0,18.0,Baltimore Ravens,BAL,-1.0,42,FirstEnergy Stadium,46.0,9.0,,Cleveland Browns
2013-11-03,2013,9,Dallas Cowboys,27.0,23.0,Minnesota Vikings,DAL,-8.5,50.5,Cowboys Stadium,72.0,0.0,indoor,Dallas Cowboys
2013-11-03,2013,9,Houston Texans,24.0,27.0,Indianapolis Colts,IND,-1.0,44,Reliant Stadium,60.0,8.0,retractable (open roof),Houston Texans
2013-11-03,2013,9,New England Patriots,55.0,31.0,Pittsburgh Steelers,NE,-5.5,43,Gillette Stadium,44.0,6.0,,New England Patriots
2013-11-03,2013,9,New York Jets,26.0,20.0,New Orleans Saints,NO,-5.5,46,MetLife Stadium,53.0,8.0,,New York Jets
2013-11-03,2013,9,Las Vegas Raiders,20.0,49.0,Philadelphia Eagles,LVR,-1.0,45.5,Oakland Coliseum,62.0,6.0,,Las Vegas Raiders
2013-11-03,2013,9,Seattle Seahawks,27.0,24.0,Tampa Bay Buccaneers,SEA,-14.5,40.5,CenturyLink Field,52.0,4.0,,Seattle Seahawks
2013-11-03,2013,9,Los Angeles Rams,21.0,28.0,Tennessee Titans,TEN,-3.0,40.5,Edward Jones Dome,72.0,0.0,indoor,Los Angeles Rams
2013-11-03,2013,9,Washington Commanders,30.0,24.0,Los Angeles Chargers,PICK,0.0,48.5,FedEx Field,57.0,20.0,,Washington Commanders
2013-11-04,2013,9,Green Bay Packers,20.0,27.0,Chicago Bears,GB,-9.5,50.5,Lambeau Field,49.0,6.0,,Green Bay Packers
2013-11-07,2013,10,Minnesota Vikings,34.0,27.0,Washington Commanders,WAS,-1.0,48,Mall of America Field,72.0,0.0,indoor,Minnesota Vikings
2013-11-10,2013,10,Arizona Cardinals,27.0,24.0,Houston Texans,ARI,-3.5,42,University of Phoenix Stadium,72.0,0.0,indoor,Arizona Cardinals
2013-11-10,2013,10,Atlanta Falcons,10.0,33.0,Seattle Seahawks,SEA,-3.0,47,Georgia Dome,72.0,0.0,indoor,Atlanta Falcons
2013-11-10,2013,10,Baltimore Ravens,20.0,17.0,Cincinnati Bengals,BAL,-2.0,43.5,M&T Bank Stadium,62.0,17.0,,Baltimore Ravens
2013-11-10,2013,10,Chicago Bears,19.0,21.0,Detroit Lions,DET,-1.5,52,Soldier Field,47.0,6.0,,Chicago Bears
2013-11-10,2013,10,Green Bay Packers,13.0,27.0,Philadelphia Eagles,PHI,-1.0,47,Lambeau Field,46.0,9.0,,Green Bay Packers
2013-11-10,2013,10,Indianapolis Colts,8.0,38.0,Los Angeles Rams,IND,-7.0,43,Lucas Oil Stadium,72.0,0.0,indoor,Indianapolis Colts
2013-11-10,2013,10,New Orleans Saints,49.0,17.0,Dallas Cowboys,NO,-5.5,53.5,Louisiana Superdome,72.0,0.0,indoor,New Orleans Saints
2013-11-10,2013,10,New York Giants,24.0,20.0,Las Vegas Raiders,NYG,-7.0,41,MetLife Stadium,53.0,14.0,rain,New York Giants
2013-11-10,2013,10,Pittsburgh Steelers,23.0,10.0,Buffalo Bills,PIT,-2.5,43,Heinz Field,46.0,21.0,,Pittsburgh Steelers
2013-11-10,2013,10,Los Angeles Chargers,20.0,28.0,Denver Broncos,DEN,-7.0,57,Qualcomm Stadium,78.0,6.0,,Los Angeles Chargers
2013-11-10,2013,10,San Francisco 49ers,9.0,10.0,Carolina Panthers,SF,-5.5,42.5,Candlestick Park,62.0,6.0,,San Francisco 49ers
2013-11-10,2013,10,Tennessee Titans,27.0,29.0,Jacksonville Jaguars,TEN,-11.5,42,Nissan Stadium,65.0,6.0,,Tennessee Titans
2013-11-11,2013,10,Tampa Bay Buccaneers,22.0,19.0,Miami Dolphins,MIA,-2.5,39.5,Raymond James Stadium,73.0,5.0,,Tampa Bay Buccaneers
2013-11-14,2013,11,Tennessee Titans,27.0,30.0,Indianapolis Colts,IND,-3.0,42,Nissan Stadium,44.0,5.0,,Tennessee Titans
2013-11-17,2013,11,Buffalo Bills,37.0,14.0,New York Jets,NYJ,-2.0,39.5,Ralph Wilson Stadium,62.0,17.0,,Buffalo Bills
2013-11-17,2013,11,Chicago Bears,23.0,20.0,Baltimore Ravens,CHI,-3.5,41,Soldier Field,68.0,24.0,,Chicago Bears
2013-11-17,2013,11,Cincinnati Bengals,41.0,20.0,Cleveland Browns,CIN,-4.5,40,Paul Brown Stadium,64.0,7.0,,Cincinnati Bengals
2013-11-17,2013,11,Denver Broncos,27.0,17.0,Kansas City Chiefs,DEN,-7.5,49,Sports Authority Field at Mile High,43.0,6.0,,Denver Broncos
2013-11-17,2013,11,Houston Texans,23.0,28.0,Las Vegas Raiders,HOU,-10.5,40.5,Reliant Stadium,85.0,3.0,retractable (open roof),Houston Texans
2013-11-17,2013,11,Jacksonville Jaguars,14.0,27.0,Arizona Cardinals,ARI,-9.0,40.5,EverBank Field,79.0,8.0,,Jacksonville Jaguars
2013-11-17,2013,11,Miami Dolphins,20.0,16.0,Los Angeles Chargers,LAC,-3.0,44.5,Sun Life Stadium,81.0,8.0,,Miami Dolphins
2013-11-17,2013,11,New Orleans Saints,23.0,20.0,San Francisco 49ers,NO,-3.5,49.5,Louisiana Superdome,72.0,0.0,indoor,New Orleans Saints
2013-11-17,2013,11,New York Giants,27.0,13.0,Green Bay Packers,NYG,-3.0,40.5,MetLife Stadium,61.0,2.0,fog,New York Giants
2013-11-17,2013,11,Philadelphia Eagles,24.0,16.0,Washington Commanders,PHI,-4.0,54,Lincoln Financial Field,67.0,7.0,,Philadelphia Eagles
2013-11-17,2013,11,Pittsburgh Steelers,37.0,27.0,Detroit Lions,DET,-3.0,45,Heinz Field,60.0,12.0,rain,Pittsburgh Steelers
2013-11-17,2013,11,Seattle Seahawks,41.0,20.0,Minnesota Vikings,SEA,-13.0,45,CenturyLink Field,50.0,5.0,,Seattle Seahawks
2013-11-17,2013,11,Tampa Bay Buccaneers,41.0,28.0,Atlanta Falcons,TB,-2.0,43.5,Raymond James Stadium,79.0,6.0,,Tampa Bay Buccaneers
2013-11-18,2013,11,Carolina Panthers,24.0,20.0,New England Patriots,CAR,-3.0,45.5,Bank of America Stadium,59.0,8.0,,Carolina Panthers
2013-11-21,2013,12,Atlanta Falcons,13.0,17.0,New Orleans Saints,NO,-7.0,52.5,Georgia Dome,72.0,0.0,indoor,Atlanta Falcons
2013-11-24,2013,12,Arizona Cardinals,40.0,11.0,Indianapolis Colts,ARI,-3.0,44.5,University of Phoenix Stadium,72.0,0.0,indoor,Arizona Cardinals
2013-11-24,2013,12,Baltimore Ravens,19.0,3.0,New York Jets,BAL,-3.5,38.5,M&T Bank Stadium,34.0,26.0,,Baltimore Ravens
2013-11-24,2013,12,Cleveland Browns,11.0,27.0,Pittsburgh Steelers,CLE,-2.0,39,FirstEnergy Stadium,33.0,31.0,snow,Cleveland Browns
2013-11-24,2013,12,Detroit Lions,21.0,24.0,Tampa Bay Buccaneers,DET,-7.0,48,Ford Field,72.0,0.0,indoor,Detroit Lions
2013-11-24,2013,12,Green Bay Packers,26.0,26.0,Minnesota Vikings,GB,-5.5,44.5,Lambeau Field,20.0,10.0,,Green Bay Packers
2013-11-24,2013,12,Houston Texans,6.0,13.0,Jacksonville Jaguars,HOU,-10.0,43.5,Reliant Stadium,50.0,9.0,retractable (open roof),Houston Texans
2013-11-24,2013,12,Kansas City Chiefs,38.0,41.0,Los Angeles Chargers,KC,-3.0,42.5,Arrowhead Stadium,28.0,4.0,,Kansas City Chiefs
2013-11-24,2013,12,Miami Dolphins,16.0,20.0,Carolina Panthers,CAR,-4.0,40.5,Sun Life Stadium,82.0,17.0,rain,Miami Dolphins
2013-11-24,2013,12,New England Patriots,34.0,31.0,Denver Broncos,DEN,-2.5,53,Gillette Stadium,23.0,22.0,,New England Patriots
2013-11-24,2013,12,New York Giants,21.0,24.0,Dallas Cowboys,NYG,-2.5,44,MetLife Stadium,26.0,7.0,,New York Giants
2013-11-24,2013,12,Las Vegas Raiders,19.0,23.0,Tennessee Titans,TEN,-2.0,42,Oakland Coliseum,59.0,5.0,,Las Vegas Raiders
2013-11-24,2013,12,Los Angeles Rams,42.0,21.0,Chicago Bears,LAR,-1.5,45,Edward Jones Dome,72.0,0.0,indoor,Los Angeles Rams
2013-11-25,2013,12,Washington Commanders,6.0,27.0,San Francisco 49ers,SF,-5.0,47,FedEx Field,35.0,8.0,,Washington Commanders
2013-11-28,2013,13,Baltimore Ravens,22.0,20.0,Pittsburgh Steelers,BAL,-3.0,40.5,M&T Bank Stadium,37.0,2.0,,Baltimore Ravens
2013-11-28,2013,13,Dallas Cowboys,31.0,24.0,Las Vegas Raiders,DAL,-8.0,48,Cowboys Stadium,72.0,0.0,indoor,Dallas Cowboys
2013-11-28,2013,13,Detroit Lions,40.0,10.0,Green Bay Packers,DET,-6.0,48.5,Ford Field,72.0,0.0,indoor,Detroit Lions
2013-12-01,2013,13,Buffalo Bills,31.0,34.0,Atlanta Falcons,BUF,-4.5,48.5,Rogers Centre,72.0,0.0,indoor,Buffalo Bills
2013-12-01,2013,13,Carolina Panthers,27.0,6.0,Tampa Bay Buccaneers,CAR,-6.5,40.5,Bank of America Stadium,57.0,5.0,,Carolina Panthers
2013-12-01,2013,13,Cleveland Browns,28.0,32.0,Jacksonville Jaguars,CLE,-7.5,39,FirstEnergy Stadium,44.0,8.0,,Cleveland Browns
2013-12-01,2013,13,Houston Texans,31.0,34.0,New England Patriots,NE,-6.5,47.5,Reliant Stadium,67.0,7.0,retractable (open roof),Houston Texans
2013-12-01,2013,13,Indianapolis Colts,22.0,14.0,Tennessee Titans,IND,-3.5,46,Lucas Oil Stadium,72.0,0.0,indoor,Indianapolis Colts
2013-12-01,2013,13,Kansas City Chiefs,28.0,35.0,Denver Broncos,DEN,-6.0,50,Arrowhead Stadium,55.0,4.0,,Kansas City Chiefs
2013-12-01,2013,13,Minnesota Vikings,23.0,20.0,Chicago Bears,MIN,-1.0,50.5,Mall of America Field,72.0,0.0,indoor,Minnesota Vikings
2013-12-01,2013,13,New York Jets,3.0,23.0,Miami Dolphins,NYJ,-2.0,40.5,MetLife Stadium,49.0,5.0,,New York Jets
2013-12-01,2013,13,Philadelphia Eagles,24.0,21.0,Arizona Cardinals,PHI,-3.5,48.5,Lincoln Financial Field,47.0,5.0,,Philadelphia Eagles
2013-12-01,2013,13,Los Angeles Chargers,10.0,17.0,Cincinnati Bengals,CIN,-1.5,48.5,Qualcomm Stadium,77.0,5.0,,Los Angeles Chargers
2013-12-01,2013,13,San Francisco 49ers,23.0,13.0,Los Angeles Rams,SF,-7.5,40,Candlestick Park,66.0,6.0,fog,San Francisco 49ers
2013-12-01,2013,13,Washington Commanders,17.0,24.0,New York Giants,WAS,-1.0,44.5,FedEx Field,43.0,3.0,,Washington Commanders
2013-12-02,2013,13,Seattle Seahawks,34.0,7.0,New Orleans Saints,SEA,-5.0,47.5,CenturyLink Field,42.0,6.0,,Seattle Seahawks
2013-12-05,2013,14,Jacksonville Jaguars,27.0,20.0,Houston Texans,HOU,-3.5,43,EverBank Field,72.0,7.0,,Jacksonville Jaguars
2013-12-08,2013,14,Arizona Cardinals,30.0,10.0,Los Angeles Rams,ARI,-4.5,41,University of Phoenix Stadium,72.0,0.0,indoor,Arizona Cardinals
2013-12-08,2013,14,Baltimore Ravens,29.0,26.0,Minnesota Vikings,BAL,-6.0,41.5,M&T Bank Stadium,33.0,7.0,snow | Freezing rain,Baltimore Ravens
2013-12-08,2013,14,Cincinnati Bengals,42.0,28.0,Indianapolis Colts,CIN,-7.0,43.5,Paul Brown Stadium,28.0,7.0,,Cincinnati Bengals
2013-12-08,2013,14,Denver Broncos,51.0,28.0,Tennessee Titans,DEN,-13.5,49.5,Sports Authority Field at Mile High,19.0,7.0,,Denver Broncos
2013-12-08,2013,14,Green Bay Packers,22.0,21.0,Atlanta Falcons,GB,-3.5,45,Lambeau Field,9.0,9.0,snow,Green Bay Packers
2013-12-08,2013,14,New England Patriots,27.0,26.0,Cleveland Browns,NE,-9.5,47.5,Gillette Stadium,31.0,5.0,,New England Patriots
2013-12-08,2013,14,New Orleans Saints,31.0,13.0,Carolina Panthers,NO,-3.0,46.5,Louisiana Superdome,72.0,0.0,indoor,New Orleans Saints
2013-12-08,2013,14,New York Jets,37.0,27.0,Las Vegas Raiders,NYJ,-3.0,39.5,MetLife Stadium,34.0,6.0,,New York Jets
2013-12-08,2013,14,Philadelphia Eagles,34.0,20.0,Detroit Lions,PHI,-2.0,53.5,Lincoln Financial Field,27.0,7.0,snow | fog,Philadelphia Eagles
2013-12-08,2013,14,Pittsburgh Steelers,28.0,34.0,Miami Dolphins,PIT,-3.0,41,Heinz Field,26.0,9.0,snow | fog,Pittsburgh Steelers
2013-12-08,2013,14,Los Angeles Chargers,37.0,14.0,New York Giants,LAC,-4.0,46.5,Qualcomm Stadium,53.0,8.0,,Los Angeles Chargers
2013-12-08,2013,14,San Francisco 49ers,19.0,17.0,Seattle Seahawks,SF,-2.0,41,Candlestick Park,45.0,5.0,,San Francisco 49ers
2013-12-08,2013,14,Tampa Bay Buccaneers,27.0,6.0,Buffalo Bills,TB,-2.5,42.5,Raymond James Stadium,83.0,13.0,,Tampa Bay Buccaneers
2013-12-08,2013,14,Washington Commanders,10.0,45.0,Kansas City Chiefs,KC,-3.0,44.5,FedEx Field,30.0,5.0,rain,Washington Commanders
2013-12-09,2013,14,Chicago Bears,45.0,28.0,Dallas Cowboys,CHI,-1.5,49.5,Soldier Field,8.0,9.0,,Chicago Bears
2013-12-12,2013,15,Denver Broncos,20.0,27.0,Los Angeles Chargers,DEN,-9.5,57,Sports Authority Field at Mile High,39.0,6.0,,Denver Broncos
2013-12-15,2013,15,Atlanta Falcons,27.0,26.0,Washington Commanders,ATL,-5.5,49,Georgia Dome,72.0,0.0,indoor,Atlanta Falcons
2013-12-15,2013,15,Carolina Panthers,30.0,20.0,New York Jets,CAR,-10.0,40.5,Bank of America Stadium,54.0,5.0,,Carolina Panthers
2013-12-15,2013,15,Cleveland Browns,31.0,38.0,Chicago Bears,CLE,-1.0,44,FirstEnergy Stadium,25.0,12.0,snow,Cleveland Browns
2013-12-15,2013,15,Dallas Cowboys,36.0,37.0,Green Bay Packers,DAL,-4.0,49.5,Cowboys Stadium,72.0,0.0,indoor,Dallas Cowboys
2013-12-15,2013,15,Indianapolis Colts,25.0,3.0,Houston Texans,IND,-6.0,47,Lucas Oil Stadium,72.0,0.0,indoor,Indianapolis Colts
2013-12-15,2013,15,Jacksonville Jaguars,20.0,27.0,Buffalo Bills,BUF,-4.0,43.5,EverBank Field,66.0,8.0,,Jacksonville Jaguars
2013-12-15,2013,15,Miami Dolphins,24.0,20.0,New England Patriots,MIA,-2.5,46.5,Sun Life Stadium,85.0,14.0,,Miami Dolphins
2013-12-15,2013,15,Minnesota Vikings,48.0,30.0,Philadelphia Eagles,PHI,-7.0,53,Mall of America Field,72.0,0.0,indoor,Minnesota Vikings
2013-12-15,2013,15,New York Giants,0.0,23.0,Seattle Seahawks,SEA,-9.5,43,MetLife Stadium,40.0,7.0,,New York Giants
2013-12-15,2013,15,Las Vegas Raiders,31.0,56.0,Kansas City Chiefs,KC,-6.0,44.5,Oakland Coliseum,64.0,6.0,,Las Vegas Raiders
2013-12-15,2013,15,Pittsburgh Steelers,30.0,20.0,Cincinnati Bengals,CIN,-1.5,43,Heinz Field,27.0,20.0,,Pittsburgh Steelers
2013-12-15,2013,15,Los Angeles Rams,27.0,16.0,New Orleans Saints,NO,-7.0,48,Edward Jones Dome,72.0,0.0,indoor,Los Angeles Rams
2013-12-15,2013,15,Tampa Bay Buccaneers,14.0,33.0,San Francisco 49ers,SF,-4.5,41,Raymond James Stadium,70.0,7.0,,Tampa Bay Buccaneers
2013-12-15,2013,15,Tennessee Titans,34.0,37.0,Arizona Cardinals,ARI,-3.0,42.5,Nissan Stadium,37.0,5.0,,Tennessee Titans
2013-12-16,2013,15,Detroit Lions,16.0,18.0,Baltimore Ravens,DET,-5.5,49,Ford Field,72.0,0.0,indoor,Detroit Lions
2013-12-22,2013,16,Baltimore Ravens,7.0,41.0,New England Patriots,BAL,-1.5,44.5,M&T Bank Stadium,65.0,8.0,rain,Baltimore Ravens
2013-12-22,2013,16,Buffalo Bills,19.0,0.0,Miami Dolphins,MIA,-1.5,42.5,Ralph Wilson Stadium,41.0,8.0,rain | fog,Buffalo Bills
2013-12-22,2013,16,Carolina Panthers,17.0,13.0,New Orleans Saints,CAR,-3.0,44.5,Bank of America Stadium,72.0,18.0,rain | fog,Carolina Panthers
2013-12-22,2013,16,Cincinnati Bengals,42.0,14.0,Minnesota Vikings,CIN,-7.5,47.5,Paul Brown Stadium,53.0,13.0,,Cincinnati Bengals
2013-12-22,2013,16,Detroit Lions,20.0,23.0,New York Giants,DET,-9.0,48.5,Ford Field,72.0,0.0,indoor,Detroit Lions
2013-12-22,2013,16,Green Bay Packers,31.0,38.0,Pittsburgh Steelers,GB,-2.0,44.5,Lambeau Field,23.0,5.0,snow | fog,Green Bay Packers
2013-12-22,2013,16,Houston Texans,13.0,37.0,Denver Broncos,DEN,-9.5,53.5,Reliant Stadium,59.0,3.0,retractable (open roof),Houston Texans
2013-12-22,2013,16,Jacksonville Jaguars,16.0,20.0,Tennessee Titans,TEN,-4.0,44,EverBank Field,82.0,13.0,,Jacksonville Jaguars
2013-12-22,2013,16,Kansas City Chiefs,7.0,23.0,Indianapolis Colts,KC,-7.0,46.5,Arrowhead Stadium,25.0,8.0,,Kansas City Chiefs
2013-12-22,2013,16,New York Jets,24.0,13.0,Cleveland Browns,NYJ,-1.5,42,MetLife Stadium,70.0,12.0,,New York Jets
2013-12-22,2013,16,Philadelphia Eagles,54.0,11.0,Chicago Bears,PHI,-3.0,55,Lincoln Financial Field,62.0,5.0,,Philadelphia Eagles
2013-12-22,2013,16,Los Angeles Chargers,26.0,13.0,Las Vegas Raiders,LAC,-9.0,51,Qualcomm Stadium,69.0,7.0,,Los Angeles Chargers
2013-12-22,2013,16,Seattle Seahawks,10.0,17.0,Arizona Cardinals,SEA,-9.0,43,CenturyLink Field,50.0,6.0,fog,Seattle Seahawks
2013-12-22,2013,16,Los Angeles Rams,23.0,13.0,Tampa Bay Buccaneers,LAR,-3.5,43,Edward Jones Dome,72.0,0.0,indoor,Los Angeles Rams
2013-12-22,2013,16,Washington Commanders,23.0,24.0,Dallas Cowboys,DAL,-2.5,52,FedEx Field,65.0,9.0,,Washington Commanders
2013-12-23,2013,16,San Francisco 49ers,34.0,24.0,Atlanta Falcons,SF,-14.5,46,Candlestick Park,60.0,0.0,,San Francisco 49ers
2013-12-29,2013,17,Arizona Cardinals,20.0,23.0,San Francisco 49ers,ARI,-3.0,41,University of Phoenix Stadium,72.0,0.0,indoor,Arizona Cardinals
2013-12-29,2013,17,Atlanta Falcons,20.0,21.0,Carolina Panthers,CAR,-5.5,46.5,Georgia Dome,72.0,0.0,indoor,Atlanta Falcons
2013-12-29,2013,17,Chicago Bears,28.0,33.0,Green Bay Packers,GB,-3.0,51.5,Soldier Field,26.0,16.0,,Chicago Bears
2013-12-29,2013,17,Cincinnati Bengals,34.0,17.0,Baltimore Ravens,CIN,-7.0,42.5,Paul Brown Stadium,59.0,9.0,,Cincinnati Bengals
2013-12-29,2013,17,Dallas Cowboys,22.0,24.0,Philadelphia Eagles,PHI,-7.0,52.5,Cowboys Stadium,72.0,0.0,indoor,Dallas Cowboys
2013-12-29,2013,17,Indianapolis Colts,30.0,10.0,Jacksonville Jaguars,IND,-11.5,45,Lucas Oil Stadium,72.0,0.0,indoor,Indianapolis Colts
2013-12-29,2013,17,Miami Dolphins,7.0,20.0,New York Jets,MIA,-7.0,41,Sun Life Stadium,79.0,12.0,,Miami Dolphins
2013-12-29,2013,17,Minnesota Vikings,14.0,13.0,Detroit Lions,DET,-2.5,49.5,Mall of America Field,72.0,0.0,indoor,Minnesota Vikings
2013-12-29,2013,17,New England Patriots,34.0,20.0,Buffalo Bills,NE,-7.0,46,Gillette Stadium,41.0,8.0,rain | fog,New England Patriots
2013-12-29,2013,17,New Orleans Saints,42.0,17.0,Tampa Bay Buccaneers,NO,-10.5,46.5,Louisiana Superdome,72.0,0.0,indoor,New Orleans Saints
2013-12-29,2013,17,New York Giants,20.0,6.0,Washington Commanders,NYG,-3.5,44.5,MetLife Stadium,42.0,5.0,rain | fog,New York Giants
2013-12-29,2013,17,Las Vegas Raiders,14.0,34.0,Denver Broncos,DEN,-10.0,53.5,Oakland Coliseum,71.0,8.0,,Las Vegas Raiders
2013-12-29,2013,17,Pittsburgh Steelers,20.0,7.0,Cleveland Browns,PIT,-9.5,44.5,Heinz Field,41.0,7.0,rain | fog,Pittsburgh Steelers
2013-12-29,2013,17,Los Angeles Chargers,27.0,24.0,Kansas City Chiefs,LAC,-14.5,45,Qualcomm Stadium,73.0,2.0,,Los Angeles Chargers
2013-12-29,2013,17,Seattle Seahawks,27.0,9.0,Los Angeles Rams,SEA,-12.5,41,CenturyLink Field,44.0,5.0,,Seattle Seahawks
2013-12-29,2013,17,Tennessee Titans,16.0,10.0,Houston Texans,TEN,-6.5,44.5,Nissan Stadium,53.0,4.0,,Tennessee Titans
2014-09-04,2014,1,Seattle Seahawks,36.0,16.0,Green Bay Packers,SEA,-4.5,46.5,CenturyLink Field,70.0,5.0,,Seattle Seahawks
2014-09-07,2014,1,Atlanta Falcons,37.0,34.0,New Orleans Saints,NO,-3.0,52,Georgia Dome,72.0,0.0,indoor,Atlanta Falcons
2014-09-07,2014,1,Baltimore Ravens,16.0,23.0,Cincinnati Bengals,BAL,-1.0,42.5,M&T Bank Stadium,78.0,0.0,,Baltimore Ravens
2014-09-07,2014,1,Chicago Bears,20.0,23.0,Buffalo Bills,CHI,-7.0,47,Soldier Field,77.0,7.0,,Chicago Bears
2014-09-07,2014,1,Dallas Cowboys,17.0,28.0,San Francisco 49ers,SF,-3.5,51,Cowboys Stadium,72.0,0.0,indoor,Dallas Cowboys
2014-09-07,2014,1,Denver Broncos,31.0,24.0,Indianapolis Colts,DEN,-8.0,55,Sports Authority Field at Mile High,70.0,6.0,,Denver Broncos
2014-09-07,2014,1,Houston Texans,17.0,6.0,Washington Commanders,HOU,-3.0,44.5,Reliant Stadium,82.0,12.0,retractable (open roof),Houston Texans
2014-09-07,2014,1,Kansas City Chiefs,10.0,26.0,Tennessee Titans,KC,-3.0,44,Arrowhead Stadium,77.0,5.0,,Kansas City Chiefs
2014-09-07,2014,1,Miami Dolphins,33.0,20.0,New England Patriots,NE,-3.5,46.5,Sun Life Stadium,89.0,13.0,,Miami Dolphins
2014-09-07,2014,1,New York Jets,19.0,14.0,Las Vegas Raiders,NYJ,-6.5,40.5,MetLife Stadium,80.0,3.0,,New York Jets
2014-09-07,2014,1,Philadelphia Eagles,34.0,17.0,Jacksonville Jaguars,PHI,-10.0,51.5,Lincoln Financial Field,80.0,6.0,,Philadelphia Eagles
2014-09-07,2014,1,Pittsburgh Steelers,30.0,27.0,Cleveland Browns,PIT,-5.5,41,Heinz Field,72.0,6.0,,Pittsburgh Steelers
2014-09-07,2014,1,Los Angeles Rams,6.0,34.0,Minnesota Vikings,LAR,-3.0,43,Edward Jones Dome,72.0,0.0,indoor,Los Angeles Rams
2014-09-07,2014,1,Tampa Bay Buccaneers,14.0,20.0,Carolina Panthers,TB,-5.5,37.5,Raymond James Stadium,79.0,7.0,,Tampa Bay Buccaneers
2014-09-08,2014,1,Arizona Cardinals,18.0,17.0,Los Angeles Chargers,ARI,-3.0,47,University of Phoenix Stadium,72.0,0.0,indoor,Arizona Cardinals
2014-09-08,2014,1,Detroit Lions,35.0,14.0,New York Giants,DET,-6.5,47,Ford Field,72.0,0.0,indoor,Detroit Lions
2014-09-11,2014,2,Baltimore Ravens,26.0,6.0,Pittsburgh Steelers,BAL,-2.5,44.5,M&T Bank Stadium,80.0,0.0,,Baltimore Ravens
2014-09-14,2014,2,Buffalo Bills,29.0,10.0,Miami Dolphins,BUF,-1.0,43,Ralph Wilson Stadium,61.0,4.0,,Buffalo Bills
2014-09-14,2014,2,Carolina Panthers,24.0,7.0,Detroit Lions,CAR,-1.0,43.5,Bank of America Stadium,68.0,7.0,,Carolina Panthers
2014-09-14,2014,2,Cincinnati Bengals,24.0,10.0,Atlanta Falcons,CIN,-5.5,49,Paul Brown Stadium,68.0,4.0,,Cincinnati Bengals
2014-09-14,2014,2,Cleveland Browns,26.0,24.0,New Orleans Saints,NO,-4.5,49.5,FirstEnergy Stadium,62.0,5.0,,Cleveland Browns
2014-09-14,2014,2,Denver Broncos,24.0,17.0,Kansas City Chiefs,DEN,-13.0,49,Sports Authority Field at Mile High,82.0,14.0,rain,Denver Broncos
2014-09-14,2014,2,Green Bay Packers,31.0,24.0,New York Jets,GB,-7.0,46.5,Lambeau Field,63.0,11.0,,Green Bay Packers
2014-09-14,2014,2,Minnesota Vikings,7.0,30.0,New England Patriots,NE,-3.5,49,TCF Bank Stadium,65.0,11.0,,Minnesota Vikings
2014-09-14,2014,2,New York Giants,14.0,25.0,Arizona Cardinals,NYG,-1.0,41.5,MetLife Stadium,71.0,5.0,,New York Giants
2014-09-14,2014,2,Las Vegas Raiders,14.0,30.0,Houston Texans,HOU,-3.0,42,Oakland Coliseum,73.0,10.0,,Las Vegas Raiders
2014-09-14,2014,2,Los Angeles Chargers,30.0,21.0,Seattle Seahawks,SEA,-4.5,45,Qualcomm Stadium,85.0,6.0,,Los Angeles Chargers
2014-09-14,2014,2,San Francisco 49ers,20.0,28.0,Chicago Bears,SF,-7.0,47.5,Levi's Stadium,73.0,9.0,,San Francisco 49ers
2014-09-14,2014,2,Tampa Bay Buccaneers,17.0,19.0,Los Angeles Rams,TB,-4.0,37.5,Raymond James Stadium,78.0,0.0,,Tampa Bay Buccaneers
2014-09-14,2014,2,Tennessee Titans,10.0,26.0,Dallas Cowboys,TEN,-3.0,49.5,Nissan Stadium,77.0,6.0,,Tennessee Titans
2014-09-14,2014,2,Washington Commanders,41.0,10.0,Jacksonville Jaguars,WAS,-5.0,43,FedEx Field,67.0,4.0,,Washington Commanders
2014-09-15,2014,2,Indianapolis Colts,27.0,30.0,Philadelphia Eagles,IND,-3.0,54,Lucas Oil Stadium,72.0,0.0,indoor,Indianapolis Colts
2014-09-18,2014,3,Atlanta Falcons,56.0,14.0,Tampa Bay Buccaneers,ATL,-6.5,47,Georgia Dome,72.0,0.0,indoor,Atlanta Falcons
2014-09-21,2014,3,Arizona Cardinals,23.0,14.0,San Francisco 49ers,SF,-3.0,41,University of Phoenix Stadium,72.0,0.0,indoor,Arizona Cardinals
2014-09-21,2014,3,Buffalo Bills,10.0,22.0,Los Angeles Chargers,BUF,-2.5,45.5,Ralph Wilson Stadium,72.0,16.0,,Buffalo Bills
2014-09-21,2014,3,Carolina Panthers,19.0,37.0,Pittsburgh Steelers,CAR,-3.0,42.5,Bank of America Stadium,74.0,3.0,,Carolina Panthers
2014-09-21,2014,3,Cincinnati Bengals,33.0,7.0,Tennessee Titans,CIN,-6.5,44.5,Paul Brown Stadium,79.0,14.0,,Cincinnati Bengals
2014-09-21,2014,3,Cleveland Browns,21.0,23.0,Baltimore Ravens,BAL,-2.0,43,FirstEnergy Stadium,69.0,19.0,,Cleveland Browns
2014-09-21,2014,3,Detroit Lions,19.0,7.0,Green Bay Packers,DET,-1.5,52,Ford Field,72.0,0.0,indoor,Detroit Lions
2014-09-21,2014,3,Jacksonville Jaguars,17.0,44.0,Indianapolis Colts,IND,-6.0,45,EverBank Field,85.0,5.0,,Jacksonville Jaguars
2014-09-21,2014,3,Miami Dolphins,15.0,34.0,Kansas City Chiefs,MIA,-6.0,42.5,Sun Life Stadium,84.0,8.0,,Miami Dolphins
2014-09-21,2014,3,New England Patriots,16.0,9.0,Las Vegas Raiders,NE,-14.0,47,Gillette Stadium,78.0,7.0,,New England Patriots
2014-09-21,2014,3,New Orleans Saints,20.0,9.0,Minnesota Vikings,NO,-10.0,49.5,Louisiana Superdome,72.0,0.0,indoor,New Orleans Saints
2014-09-21,2014,3,New York Giants,30.0,17.0,Houston Texans,NYG,-1.0,41.5,MetLife Stadium,76.0,0.0,fog,New York Giants
2014-09-21,2014,3,Philadelphia Eagles,37.0,34.0,Washington Commanders,PHI,-4.0,50,Lincoln Financial Field,76.0,4.0,,Philadelphia Eagles
2014-09-21,2014,3,Seattle Seahawks,26.0,20.0,Denver Broncos,SEA,-4.0,48,CenturyLink Field,83.0,6.0,,Seattle Seahawks
2014-09-21,2014,3,Los Angeles Rams,31.0,34.0,Dallas Cowboys,DAL,-1.5,45,Edward Jones Dome,72.0,0.0,indoor,Los Angeles Rams
2014-09-22,2014,3,New York Jets,19.0,27.0,Chicago Bears,NYJ,-1.5,45,MetLife Stadium,56.0,4.0,,New York Jets
2014-09-25,2014,4,Washington Commanders,14.0,45.0,New York Giants,WAS,-3.0,44.5,FedEx Field,63.0,7.0,,Washington Commanders
2014-09-28,2014,4,Baltimore Ravens,38.0,10.0,Carolina Panthers,BAL,-3.5,42,M&T Bank Stadium,79.0,0.0,,Baltimore Ravens
2014-09-28,2014,4,Chicago Bears,17.0,38.0,Green Bay Packers,GB,-2.0,51,Soldier Field,78.0,6.0,,Chicago Bears
2014-09-28,2014,4,Dallas Cowboys,38.0,17.0,New Orleans Saints,NO,-3.0,54,Cowboys Stadium,72.0,0.0,indoor,Dallas Cowboys
2014-09-28,2014,4,Houston Texans,23.0,17.0,Buffalo Bills,HOU,-3.0,44,Reliant Stadium,86.0,4.0,retractable (open roof),Houston Texans
2014-09-28,2014,4,Indianapolis Colts,41.0,17.0,Tennessee Titans,IND,-7.5,46,Lucas Oil Stadium,72.0,0.0,indoor,Indianapolis Colts
2014-09-28,2014,4,Minnesota Vikings,41.0,28.0,Atlanta Falcons,ATL,-5.5,47.5,TCF Bank Stadium,80.0,8.0,,Minnesota Vikings
2014-09-28,2014,4,New York Jets,17.0,24.0,Detroit Lions,NYJ,-2.0,44,MetLife Stadium,85.0,6.0,,New York Jets
2014-09-28,2014,4,Las Vegas Raiders,14.0,38.0,Miami Dolphins,MIA,-4.0,41,Wembley Stadium,68.0,6.0,,Las Vegas Raiders
2014-09-28,2014,4,Pittsburgh Steelers,24.0,27.0,Tampa Bay Buccaneers,PIT,-7.5,45,Heinz Field,73.0,6.0,,Pittsburgh Steelers
2014-09-28,2014,4,Los Angeles Chargers,33.0,14.0,Jacksonville Jaguars,LAC,-13.0,44.5,Qualcomm Stadium,72.0,7.0,,Los Angeles Chargers
2014-09-28,2014,4,San Francisco 49ers,26.0,21.0,Philadelphia Eagles,SF,-3.5,49.5,Levi's Stadium,75.0,7.0,,San Francisco 49ers
2014-09-29,2014,4,Kansas City Chiefs,41.0,14.0,New England Patriots,NE,-3.0,45.5,Arrowhead Stadium,72.0,3.0,,Kansas City Chiefs
2014-10-02,2014,5,Green Bay Packers,42.0,10.0,Minnesota Vikings,GB,-8.5,46.5,Lambeau Field,63.0,7.0,fog,Green Bay Packers
2014-10-05,2014,5,Carolina Panthers,31.0,24.0,Chicago Bears,CAR,-1.5,47,Bank of America Stadium,63.0,7.0,,Carolina Panthers
2014-10-05,2014,5,Dallas Cowboys,20.0,17.0,Houston Texans,DAL,-5.0,48,Cowboys Stadium,72.0,0.0,indoor,Dallas Cowboys
2014-10-05,2014,5,Denver Broncos,41.0,20.0,Arizona Cardinals,DEN,-8.0,47.5,Sports Authority Field at Mile High,72.0,8.0,,Denver Broncos
2014-10-05,2014,5,Detroit Lions,14.0,17.0,Buffalo Bills,DET,-4.5,43.5,Ford Field,72.0,0.0,indoor,Detroit Lions
2014-10-05,2014,5,Indianapolis Colts,20.0,13.0,Baltimore Ravens,IND,-2.5,49.5,Lucas Oil Stadium,72.0,0.0,indoor,Indianapolis Colts
2014-10-05,2014,5,Jacksonville Jaguars,9.0,17.0,Pittsburgh Steelers,PIT,-6.0,47.5,EverBank Field,73.0,4.0,,Jacksonville Jaguars
2014-10-05,2014,5,New England Patriots,43.0,17.0,Cincinnati Bengals,CIN,-2.5,46.5,Gillette Stadium,35.0,0.0,fog,New England Patriots
2014-10-05,2014,5,New Orleans Saints,37.0,31.0,Tampa Bay Buccaneers,NO,-11.0,48,Louisiana Superdome,72.0,0.0,indoor,New Orleans Saints
2014-10-05,2014,5,New York Giants,30.0,20.0,Atlanta Falcons,NYG,-4.0,50.5,MetLife Stadium,61.0,6.0,,New York Giants
2014-10-05,2014,5,Philadelphia Eagles,34.0,28.0,Los Angeles Rams,PHI,-3.5,48,Lincoln Financial Field,60.0,6.0,,Philadelphia Eagles
2014-10-05,2014,5,Los Angeles Chargers,31.0,0.0,New York Jets,LAC,-7.0,44.5,Qualcomm Stadium,83.0,6.0,,Los Angeles Chargers
2014-10-05,2014,5,San Francisco 49ers,22.0,17.0,Kansas City Chiefs,SF,-4.0,43.5,Levi's Stadium,88.0,6.0,,San Francisco 49ers
2014-10-05,2014,5,Tennessee Titans,28.0,29.0,Cleveland Browns,CLE,-1.0,44,Nissan Stadium,71.0,13.0,,Tennessee Titans
2014-10-06,2014,5,Washington Commanders,17.0,27.0,Seattle Seahawks,SEA,-7.0,46,FedEx Field,63.0,11.0,,Washington Commanders
2014-10-09,2014,6,Houston Texans,28.0,33.0,Indianapolis Colts,IND,-2.5,46,Reliant Stadium,77.0,3.0,retractable (open roof),Houston Texans
2014-10-12,2014,6,Arizona Cardinals,30.0,20.0,Washington Commanders,ARI,-5.0,46.5,University of Phoenix Stadium,72.0,0.0,indoor,Arizona Cardinals
2014-10-12,2014,6,Atlanta Falcons,13.0,27.0,Chicago Bears,ATL,-3.5,56,Georgia Dome,72.0,0.0,indoor,Atlanta Falcons
2014-10-12,2014,6,Buffalo Bills,22.0,37.0,New England Patriots,BUF,-1.0,44.5,Ralph Wilson Stadium,59.0,3.0,,Buffalo Bills
2014-10-12,2014,6,Cincinnati Bengals,37.0,37.0,Carolina Panthers,CIN,-7.0,44,Paul Brown Stadium,62.0,6.0,,Cincinnati Bengals
2014-10-12,2014,6,Cleveland Browns,31.0,10.0,Pittsburgh Steelers,CLE,-2.5,46.5,FirstEnergy Stadium,64.0,7.0,,Cleveland Browns
2014-10-12,2014,6,Miami Dolphins,24.0,27.0,Green Bay Packers,GB,-1.5,47,Sun Life Stadium,88.0,12.0,,Miami Dolphins
2014-10-12,2014,6,Minnesota Vikings,3.0,17.0,Detroit Lions,MIN,-1.0,43,TCF Bank Stadium,61.0,20.0,,Minnesota Vikings
2014-10-12,2014,6,New York Jets,17.0,31.0,Denver Broncos,DEN,-10.0,47.5,MetLife Stadium,64.0,3.0,,New York Jets
2014-10-12,2014,6,Las Vegas Raiders,28.0,31.0,Los Angeles Chargers,LAC,-7.0,44,Oakland Coliseum,86.0,7.0,,Las Vegas Raiders
2014-10-12,2014,6,Philadelphia Eagles,27.0,0.0,New York Giants,PHI,-1.0,51,Lincoln Financial Field,57.0,5.0,,Philadelphia Eagles
2014-10-12,2014,6,Seattle Seahawks,23.0,30.0,Dallas Cowboys,SEA,-10.0,47,CenturyLink Field,66.0,5.0,,Seattle Seahawks
2014-10-12,2014,6,Tampa Bay Buccaneers,17.0,48.0,Baltimore Ravens,BAL,-3.5,44.5,Raymond James Stadium,87.0,4.0,,Tampa Bay Buccaneers
2014-10-12,2014,6,Tennessee Titans,16.0,14.0,Jacksonville Jaguars,TEN,-4.0,42.5,Nissan Stadium,74.0,7.0,,Tennessee Titans
2014-10-13,2014,6,Los Angeles Rams,17.0,31.0,San Francisco 49ers,SF,-3.5,44.5,Edward Jones Dome,72.0,0.0,indoor,Los Angeles Rams
2014-10-16,2014,7,New England Patriots,27.0,25.0,New York Jets,NE,-9.5,44.5,Gillette Stadium,63.0,5.0,,New England Patriots
2014-10-19,2014,7,Baltimore Ravens,29.0,7.0,Atlanta Falcons,BAL,-7.0,50,M&T Bank Stadium,57.0,0.0,,Baltimore Ravens
2014-10-19,2014,7,Buffalo Bills,17.0,16.0,Minnesota Vikings,BUF,-7.0,43,Ralph Wilson Stadium,45.0,8.0,,Buffalo Bills
2014-10-19,2014,7,Chicago Bears,14.0,27.0,Miami Dolphins,CHI,-3.0,48,Soldier Field,55.0,12.0,,Chicago Bears
2014-10-19,2014,7,Dallas Cowboys,31.0,21.0,New York Giants,DAL,-5.0,47,Cowboys Stadium,72.0,0.0,indoor,Dallas Cowboys
2014-10-19,2014,7,Denver Broncos,42.0,17.0,San Francisco 49ers,DEN,-7.0,48.5,Sports Authority Field at Mile High,63.0,0.0,,Denver Broncos
2014-10-19,2014,7,Detroit Lions,24.0,23.0,New Orleans Saints,DET,-1.5,46.5,Ford Field,72.0,0.0,indoor,Detroit Lions
2014-10-19,2014,7,Green Bay Packers,38.0,17.0,Carolina Panthers,GB,-6.5,49.5,Lambeau Field,53.0,11.0,,Green Bay Packers
2014-10-19,2014,7,Indianapolis Colts,27.0,0.0,Cincinnati Bengals,IND,-3.0,50.5,Lucas Oil Stadium,72.0,0.0,indoor,Indianapolis Colts
2014-10-19,2014,7,Jacksonville Jaguars,24.0,6.0,Cleveland Browns,CLE,-4.0,45,EverBank Field,74.0,10.0,,Jacksonville Jaguars
2014-10-19,2014,7,Las Vegas Raiders,13.0,24.0,Arizona Cardinals,ARI,-3.5,46.5,Oakland Coliseum,70.0,14.0,,Las Vegas Raiders
2014-10-19,2014,7,Los Angeles Chargers,20.0,23.0,Kansas City Chiefs,LAC,-3.0,46,Qualcomm Stadium,71.0,6.0,,Los Angeles Chargers
2014-10-19,2014,7,Los Angeles Rams,28.0,26.0,Seattle Seahawks,SEA,-7.0,43.5,Edward Jones Dome,72.0,0.0,indoor,Los Angeles Rams
2014-10-19,2014,7,Washington Commanders,19.0,17.0,Tennessee Titans,WAS,-6.0,46.5,FedEx Field,57.0,16.0,,Washington Commanders
2014-10-20,2014,7,Pittsburgh Steelers,30.0,23.0,Houston Texans,PIT,-3.0,44.5,Heinz Field,51.0,8.0,rain,Pittsburgh Steelers
2014-10-23,2014,8,Denver Broncos,35.0,21.0,Los Angeles Chargers,DEN,-9.0,51,Sports Authority Field at Mile High,61.0,3.0,,Denver Broncos
2014-10-26,2014,8,Arizona Cardinals,24.0,20.0,Philadelphia Eagles,ARI,-1.0,48.5,University of Phoenix Stadium,72.0,0.0,indoor,Arizona Cardinals
2014-10-26,2014,8,Atlanta Falcons,21.0,22.0,Detroit Lions,DET,-3.5,45.5,Wembley Stadium,58.0,13.0,,Atlanta Falcons
2014-10-26,2014,8,Carolina Panthers,9.0,13.0,Seattle Seahawks,SEA,-6.0,45,Bank of America Stadium,81.0,11.0,,Carolina Panthers
2014-10-26,2014,8,Cincinnati Bengals,27.0,24.0,Baltimore Ravens,BAL,-2.5,44.5,Paul Brown Stadium,67.0,5.0,,Cincinnati Bengals
2014-10-26,2014,8,Cleveland Browns,23.0,13.0,Las Vegas Raiders,CLE,-6.5,44.5,FirstEnergy Stadium,54.0,9.0,,Cleveland Browns
2014-10-26,2014,8,Jacksonville Jaguars,13.0,27.0,Miami Dolphins,MIA,-7.0,42,EverBank Field,81.0,0.0,,Jacksonville Jaguars
2014-10-26,2014,8,Kansas City Chiefs,34.0,7.0,Los Angeles Rams,KC,-7.5,44,Arrowhead Stadium,85.0,13.0,,Kansas City Chiefs
2014-10-26,2014,8,New England Patriots,51.0,23.0,Chicago Bears,NE,-6.0,52,Gillette Stadium,57.0,14.0,,New England Patriots
2014-10-26,2014,8,New Orleans Saints,44.0,23.0,Green Bay Packers,NO,-2.0,55.5,Louisiana Superdome,72.0,0.0,indoor,New Orleans Saints
2014-10-26,2014,8,New York Jets,23.0,43.0,Buffalo Bills,NYJ,-3.0,40.5,MetLife Stadium,61.0,19.0,,New York Jets
2014-10-26,2014,8,Pittsburgh Steelers,51.0,34.0,Indianapolis Colts,IND,-5.0,48.5,Heinz Field,56.0,7.0,,Pittsburgh Steelers
2014-10-26,2014,8,Tampa Bay Buccaneers,13.0,19.0,Minnesota Vikings,TB,-1.0,43,Raymond James Stadium,78.0,7.0,,Tampa Bay Buccaneers
2014-10-26,2014,8,Tennessee Titans,16.0,30.0,Houston Texans,HOU,-3.5,43,Nissan Stadium,79.0,5.0,,Tennessee Titans
2014-10-27,2014,8,Dallas Cowboys,17.0,20.0,Washington Commanders,DAL,-9.5,49,Cowboys Stadium,72.0,0.0,indoor,Dallas Cowboys
2014-10-30,2014,9,Carolina Panthers,10.0,28.0,New Orleans Saints,NO,-3.0,49,Bank of America Stadium,53.0,3.0,,Carolina Panthers
2014-11-02,2014,9,Cincinnati Bengals,33.0,23.0,Jacksonville Jaguars,CIN,-10.0,43.5,Paul Brown Stadium,46.0,4.0,,Cincinnati Bengals
2014-11-02,2014,9,Cleveland Browns,22.0,17.0,Tampa Bay Buccaneers,CLE,-7.0,44,FirstEnergy Stadium,42.0,8.0,,Cleveland Browns
2014-11-02,2014,9,Dallas Cowboys,17.0,28.0,Arizona Cardinals,DAL,-1.5,45,Cowboys Stadium,64.0,0.0,retractable (open roof),Dallas Cowboys
2014-11-02,2014,9,Houston Texans,21.0,31.0,Philadelphia Eagles,PHI,-1.5,48.5,Reliant Stadium,71.0,8.0,retractable (open roof),Houston Texans
2014-11-02,2014,9,Kansas City Chiefs,24.0,10.0,New York Jets,KC,-9.5,41.5,Arrowhead Stadium,64.0,20.0,,Kansas City Chiefs
2014-11-02,2014,9,Miami Dolphins,37.0,0.0,Los Angeles Chargers,MIA,-3.0,45,Sun Life Stadium,69.0,5.0,,Miami Dolphins
2014-11-02,2014,9,Minnesota Vikings,29.0,26.0,Washington Commanders,WAS,-1.0,44,TCF Bank Stadium,54.0,12.0,,Minnesota Vikings
2014-11-02,2014,9,New England Patriots,43.0,21.0,Denver Broncos,DEN,-3.0,53,Gillette Stadium,41.0,18.0,,New England Patriots
2014-11-02,2014,9,Pittsburgh Steelers,43.0,23.0,Baltimore Ravens,PIT,-2.5,48,Heinz Field,37.0,5.0,,Pittsburgh Steelers
2014-11-02,2014,9,San Francisco 49ers,10.0,13.0,Los Angeles Rams,SF,-10.5,44,Levi's Stadium,64.0,10.0,,San Francisco 49ers
2014-11-02,2014,9,Seattle Seahawks,30.0,24.0,Las Vegas Raiders,SEA,-13.5,44,CenturyLink Field,56.0,7.0,rain,Seattle Seahawks
2014-11-03,2014,9,New York Giants,24.0,40.0,Indianapolis Colts,IND,-3.0,51.5,MetLife Stadium,53.0,8.0,,New York Giants
2014-11-06,2014,10,Cincinnati Bengals,3.0,24.0,Cleveland Browns,CIN,-6.5,46,Paul Brown Stadium,43.0,0.0,,Cincinnati Bengals
2014-11-09,2014,10,Arizona Cardinals,31.0,14.0,Los Angeles Rams,ARI,-7.0,43.5,University of Phoenix Stadium,72.0,0.0,indoor,Arizona Cardinals
2014-11-09,2014,10,Baltimore Ravens,21.0,7.0,Tennessee Titans,BAL,-10.5,44,M&T Bank Stadium,57.0,0.0,,Baltimore Ravens
2014-11-09,2014,10,Buffalo Bills,13.0,17.0,Kansas City Chiefs,BUF,-2.0,42,Ralph Wilson Stadium,41.0,11.0,rain,Buffalo Bills
2014-11-09,2014,10,Detroit Lions,20.0,16.0,Miami Dolphins,DET,-3.0,43,Ford Field,72.0,0.0,indoor,Detroit Lions
2014-11-09,2014,10,Green Bay Packers,55.0,14.0,Chicago Bears,GB,-9.5,54,Lambeau Field,32.0,6.0,,Green Bay Packers
2014-11-09,2014,10,Jacksonville Jaguars,17.0,31.0,Dallas Cowboys,DAL,-7.5,45,Wembley Stadium,50.0,3.0,rain,Jacksonville Jaguars
2014-11-09,2014,10,New Orleans Saints,24.0,27.0,San Francisco 49ers,NO,-6.0,49.5,Louisiana Superdome,72.0,0.0,indoor,New Orleans Saints
2014-11-09,2014,10,New York Jets,20.0,13.0,Pittsburgh Steelers,PIT,-4.5,47,MetLife Stadium,57.0,9.0,,New York Jets
2014-11-09,2014,10,Las Vegas Raiders,17.0,41.0,Denver Broncos,DEN,-13.0,51,Oakland Coliseum,69.0,7.0,,Las Vegas Raiders
2014-11-09,2014,10,Seattle Seahawks,38.0,17.0,New York Giants,SEA,-9.0,45,CenturyLink Field,56.0,0.0,rain,Seattle Seahawks
2014-11-09,2014,10,Tampa Bay Buccaneers,17.0,27.0,Atlanta Falcons,ATL,-3.5,47,Raymond James Stadium,66.0,5.0,,Tampa Bay Buccaneers
2014-11-10,2014,10,Philadelphia Eagles,45.0,21.0,Carolina Panthers,PHI,-7.0,48.5,Lincoln Financial Field,49.0,0.0,,Philadelphia Eagles
2014-11-13,2014,11,Miami Dolphins,22.0,9.0,Buffalo Bills,MIA,-4.0,41,Sun Life Stadium,71.0,0.0,,Miami Dolphins
2014-11-16,2014,11,Arizona Cardinals,14.0,6.0,Detroit Lions,DET,-1.0,41.5,University of Phoenix Stadium,72.0,0.0,indoor,Arizona Cardinals
2014-11-16,2014,11,Carolina Panthers,17.0,19.0,Atlanta Falcons,ATL,-2.5,47,Bank of America Stadium,52.0,3.0,,Carolina Panthers
2014-11-16,2014,11,Chicago Bears,21.0,13.0,Minnesota Vikings,CHI,-2.5,46.5,Soldier Field,32.0,10.0,snow,Chicago Bears
2014-11-16,2014,11,Cleveland Browns,7.0,23.0,Houston Texans,CLE,-4.5,42,FirstEnergy Stadium,34.0,7.0,,Cleveland Browns
2014-11-16,2014,11,Green Bay Packers,53.0,20.0,Philadelphia Eagles,GB,-4.5,55.5,Lambeau Field,27.0,9.0,,Green Bay Packers
2014-11-16,2014,11,Indianapolis Colts,20.0,42.0,New England Patriots,IND,-3.0,59,Lucas Oil Stadium,72.0,0.0,indoor,Indianapolis Colts
2014-11-16,2014,11,Kansas City Chiefs,24.0,20.0,Seattle Seahawks,SEA,-1.0,43.5,Arrowhead Stadium,21.0,10.0,,Kansas City Chiefs
2014-11-16,2014,11,New Orleans Saints,10.0,27.0,Cincinnati Bengals,NO,-8.5,51.5,Louisiana Superdome,72.0,0.0,indoor,New Orleans Saints
2014-11-16,2014,11,New York Giants,10.0,16.0,San Francisco 49ers,SF,-4.0,45,MetLife Stadium,43.0,4.0,,New York Giants
2014-11-16,2014,11,Los Angeles Chargers,13.0,6.0,Las Vegas Raiders,LAC,-10.5,45.5,Qualcomm Stadium,71.0,7.0,,Los Angeles Chargers
2014-11-16,2014,11,Los Angeles Rams,22.0,7.0,Denver Broncos,DEN,-8.0,50,Edward Jones Dome,72.0,0.0,indoor,Los Angeles Rams
2014-11-16,2014,11,Washington Commanders,7.0,27.0,Tampa Bay Buccaneers,WAS,-6.5,46,FedEx Field,46.0,7.0,,Washington Commanders
2014-11-17,2014,11,Tennessee Titans,24.0,27.0,Pittsburgh Steelers,PIT,-7.0,46,Nissan Stadium,25.0,0.0,,Tennessee Titans
2014-11-20,2014,12,Las Vegas Raiders,24.0,20.0,Kansas City Chiefs,KC,-7.5,42,Oakland Coliseum,55.0,11.0,rain | fog,Las Vegas Raiders
2014-11-23,2014,12,Atlanta Falcons,24.0,26.0,Cleveland Browns,ATL,-3.0,48.5,Georgia Dome,72.0,0.0,indoor,Atlanta Falcons
2014-11-23,2014,12,Chicago Bears,21.0,13.0,Tampa Bay Buccaneers,CHI,-4.0,46.5,Soldier Field,53.0,10.0,rain,Chicago Bears
2014-11-23,2014,12,Denver Broncos,39.0,36.0,Miami Dolphins,DEN,-6.5,47.5,Sports Authority Field at Mile High,36.0,7.0,rain,Denver Broncos
2014-11-23,2014,12,Houston Texans,13.0,22.0,Cincinnati Bengals,HOU,-3.0,44.5,Reliant Stadium,76.0,14.0,retractable (open roof),Houston Texans
2014-11-23,2014,12,Indianapolis Colts,23.0,3.0,Jacksonville Jaguars,IND,-13.0,49.5,Lucas Oil Stadium,72.0,0.0,indoor,Indianapolis Colts
2014-11-23,2014,12,Minnesota Vikings,21.0,24.0,Green Bay Packers,GB,-7.5,49.5,TCF Bank Stadium,46.0,6.0,fog,Minnesota Vikings
2014-11-23,2014,12,New England Patriots,34.0,9.0,Detroit Lions,NE,-7.5,47.5,Gillette Stadium,61.0,6.0,,New England Patriots
2014-11-23,2014,12,New York Giants,28.0,31.0,Dallas Cowboys,DAL,-4.0,49,MetLife Stadium,48.0,0.0,,New York Giants
2014-11-23,2014,12,Philadelphia Eagles,43.0,24.0,Tennessee Titans,PHI,-11.0,49,Lincoln Financial Field,53.0,6.0,,Philadelphia Eagles
2014-11-23,2014,12,Los Angeles Chargers,27.0,24.0,Los Angeles Rams,LAC,-4.0,43.5,Qualcomm Stadium,72.0,3.0,,Los Angeles Chargers
2014-11-23,2014,12,San Francisco 49ers,17.0,13.0,Washington Commanders,SF,-9.0,44,Levi's Stadium,63.0,4.0,,San Francisco 49ers
2014-11-23,2014,12,Seattle Seahawks,19.0,3.0,Arizona Cardinals,SEA,-7.5,41.5,CenturyLink Field,57.0,6.0,,Seattle Seahawks
2014-11-24,2014,12,Buffalo Bills,38.0,3.0,New York Jets,BUF,-2.5,42.5,Ford Field,72.0,0.0,indoor,Buffalo Bills
2014-11-24,2014,12,New Orleans Saints,27.0,34.0,Baltimore Ravens,NO,-2.5,50.5,Louisiana Superdome,72.0,0.0,indoor,New Orleans Saints
2014-11-27,2014,13,Dallas Cowboys,10.0,33.0,Philadelphia Eagles,DAL,-3.0,57,Cowboys Stadium,57.0,0.0,retractable (open roof),Dallas Cowboys
2014-11-27,2014,13,Detroit Lions,34.0,17.0,Chicago Bears,DET,-7.5,46,Ford Field,72.0,0.0,indoor,Detroit Lions
2014-11-27,2014,13,San Francisco 49ers,3.0,19.0,Seattle Seahawks,SF,-1.0,40.5,Levi's Stadium,58.0,0.0,,San Francisco 49ers
2014-11-30,2014,13,Atlanta Falcons,29.0,18.0,Arizona Cardinals,ARI,-1.5,45,Georgia Dome,72.0,0.0,indoor,Atlanta Falcons
2014-11-30,2014,13,Baltimore Ravens,33.0,34.0,Los Angeles Chargers,BAL,-6.5,46,M&T Bank Stadium,58.0,0.0,,Baltimore Ravens
2014-11-30,2014,13,Buffalo Bills,26.0,10.0,Cleveland Browns,BUF,-3.0,42,Ralph Wilson Stadium,57.0,11.0,,Buffalo Bills
2014-11-30,2014,13,Green Bay Packers,26.0,21.0,New England Patriots,GB,-3.0,58,Lambeau Field,23.0,7.0,,Green Bay Packers
2014-11-30,2014,13,Houston Texans,45.0,21.0,Tennessee Titans,HOU,-7.0,42.5,Reliant Stadium,78.0,10.0,retractable (open roof),Houston Texans
2014-11-30,2014,13,Indianapolis Colts,49.0,27.0,Washington Commanders,IND,-7.5,49,Lucas Oil Stadium,72.0,0.0,indoor,Indianapolis Colts
2014-11-30,2014,13,Jacksonville Jaguars,25.0,24.0,New York Giants,NYG,-3.0,44,EverBank Field,72.0,7.0,,Jacksonville Jaguars
2014-11-30,2014,13,Kansas City Chiefs,16.0,29.0,Denver Broncos,KC,-1.0,49.5,Arrowhead Stadium,25.0,12.0,,Kansas City Chiefs
2014-11-30,2014,13,Minnesota Vikings,31.0,13.0,Carolina Panthers,MIN,-2.5,41.5,TCF Bank Stadium,15.0,15.0,,Minnesota Vikings
2014-11-30,2014,13,Pittsburgh Steelers,32.0,35.0,New Orleans Saints,PIT,-3.5,54.5,Heinz Field,61.0,12.0,,Pittsburgh Steelers
2014-11-30,2014,13,Los Angeles Rams,52.0,0.0,Las Vegas Raiders,LAR,-6.5,43,Edward Jones Dome,72.0,0.0,indoor,Los Angeles Rams
2014-11-30,2014,13,Tampa Bay Buccaneers,13.0,14.0,Cincinnati Bengals,CIN,-6.0,43.5,Raymond James Stadium,76.0,7.0,,Tampa Bay Buccaneers
2014-12-01,2014,13,New York Jets,13.0,16.0,Miami Dolphins,MIA,-6.5,41.5,MetLife Stadium,43.0,9.0,,New York Jets
2014-12-04,2014,14,Chicago Bears,28.0,41.0,Dallas Cowboys,DAL,-3.5,50,Soldier Field,34.0,6.0,,Chicago Bears
2014-12-07,2014,14,Arizona Cardinals,17.0,14.0,Kansas City Chiefs,KC,-2.5,41,University of Phoenix Stadium,72.0,0.0,indoor,Arizona Cardinals
2014-12-07,2014,14,Cincinnati Bengals,21.0,42.0,Pittsburgh Steelers,CIN,-3.0,47.5,Paul Brown Stadium,42.0,3.0,,Cincinnati Bengals
2014-12-07,2014,14,Cleveland Browns,24.0,25.0,Indianapolis Colts,IND,-3.0,50,FirstEnergy Stadium,38.0,11.0,,Cleveland Browns
2014-12-07,2014,14,Denver Broncos,24.0,17.0,Buffalo Bills,DEN,-9.0,47,Sports Authority Field at Mile High,55.0,3.0,,Denver Broncos
2014-12-07,2014,14,Detroit Lions,34.0,17.0,Tampa Bay Buccaneers,DET,-10.5,42,Ford Field,72.0,0.0,indoor,Detroit Lions
2014-12-07,2014,14,Jacksonville Jaguars,13.0,27.0,Houston Texans,HOU,-6.5,42,EverBank Field,58.0,9.0,,Jacksonville Jaguars
2014-12-07,2014,14,Miami Dolphins,13.0,28.0,Baltimore Ravens,MIA,-3.0,45,Sun Life Stadium,77.0,12.0,,Miami Dolphins
2014-12-07,2014,14,Minnesota Vikings,30.0,24.0,New York Jets,MIN,-4.5,40,TCF Bank Stadium,34.0,11.0,,Minnesota Vikings
2014-12-07,2014,14,New Orleans Saints,10.0,41.0,Carolina Panthers,NO,-8.5,50.5,Louisiana Superdome,72.0,0.0,indoor,New Orleans Saints
2014-12-07,2014,14,Las Vegas Raiders,24.0,13.0,San Francisco 49ers,SF,-8.0,40.5,Oakland Coliseum,61.0,2.0,,Las Vegas Raiders
2014-12-07,2014,14,Philadelphia Eagles,14.0,24.0,Seattle Seahawks,SEA,-1.5,48,Lincoln Financial Field,39.0,6.0,,Philadelphia Eagles
2014-12-07,2014,14,Los Angeles Chargers,14.0,23.0,New England Patriots,NE,-4.0,54,Qualcomm Stadium,64.0,2.0,,Los Angeles Chargers
2014-12-07,2014,14,Tennessee Titans,7.0,36.0,New York Giants,NYG,-3.0,46.5,Nissan Stadium,47.0,7.0,,Tennessee Titans
2014-12-07,2014,14,Washington Commanders,0.0,24.0,Los Angeles Rams,LAR,-2.5,44.5,FedEx Field,46.0,10.0,,Washington Commanders
2014-12-08,2014,14,Green Bay Packers,43.0,37.0,Atlanta Falcons,GB,-13.5,55,Lambeau Field,32.0,4.0,,Green Bay Packers
2014-12-11,2014,15,Los Angeles Rams,6.0,12.0,Arizona Cardinals,LAR,-6.0,40.5,Edward Jones Dome,72.0,0.0,indoor,Los Angeles Rams
2014-12-14,2014,15,Atlanta Falcons,20.0,27.0,Pittsburgh Steelers,PIT,-3.0,55.5,Georgia Dome,72.0,0.0,indoor,Atlanta Falcons
2014-12-14,2014,15,Baltimore Ravens,20.0,12.0,Jacksonville Jaguars,BAL,-14.0,44.5,M&T Bank Stadium,49.0,7.0,,Baltimore Ravens
2014-12-14,2014,15,Buffalo Bills,21.0,13.0,Green Bay Packers,GB,-3.5,50,Ralph Wilson Stadium,34.0,9.0,,Buffalo Bills
2014-12-14,2014,15,Carolina Panthers,19.0,17.0,Tampa Bay Buccaneers,CAR,-3.5,41.5,Bank of America Stadium,58.0,2.0,,Carolina Panthers
2014-12-14,2014,15,Cleveland Browns,0.0,30.0,Cincinnati Bengals,CLE,-2.5,43.5,FirstEnergy Stadium,45.0,5.0,,Cleveland Browns
2014-12-14,2014,15,Detroit Lions,16.0,14.0,Minnesota Vikings,DET,-8.0,42,Ford Field,72.0,0.0,indoor,Detroit Lions
2014-12-14,2014,15,Indianapolis Colts,17.0,10.0,Houston Texans,IND,-7.0,49,Lucas Oil Stadium,72.0,0.0,indoor,Indianapolis Colts
2014-12-14,2014,15,Kansas City Chiefs,31.0,13.0,Las Vegas Raiders,KC,-11.0,41.5,Arrowhead Stadium,60.0,10.0,,Kansas City Chiefs
2014-12-14,2014,15,New England Patriots,41.0,13.0,Miami Dolphins,NE,-9.5,48,Gillette Stadium,43.0,5.0,,New England Patriots
2014-12-14,2014,15,New York Giants,24.0,13.0,Washington Commanders,NYG,-7.0,46.5,MetLife Stadium,43.0,7.0,,New York Giants
2014-12-14,2014,15,Philadelphia Eagles,27.0,38.0,Dallas Cowboys,PHI,-3.5,55,Lincoln Financial Field,42.0,6.0,,Philadelphia Eagles
2014-12-14,2014,15,Los Angeles Chargers,10.0,22.0,Denver Broncos,DEN,-4.0,49.5,Qualcomm Stadium,62.0,5.0,,Los Angeles Chargers
2014-12-14,2014,15,Seattle Seahawks,17.0,7.0,San Francisco 49ers,SEA,-10.0,38.5,CenturyLink Field,49.0,2.0,,Seattle Seahawks
2014-12-14,2014,15,Tennessee Titans,11.0,16.0,New York Jets,NYJ,-3.5,41.5,Nissan Stadium,49.0,1.0,,Tennessee Titans
2014-12-15,2014,15,Chicago Bears,15.0,31.0,New Orleans Saints,NO,-3.0,53.5,Soldier Field,42.0,6.0,,Chicago Bears
2014-12-18,2014,16,Jacksonville Jaguars,21.0,13.0,Tennessee Titans,JAX,-4.0,39,EverBank Field,54.0,3.0,,Jacksonville Jaguars
2014-12-20,2014,16,San Francisco 49ers,35.0,38.0,Los Angeles Chargers,SF,-2.0,40.5,Levi's Stadium,58.0,1.0,,San Francisco 49ers
2014-12-20,2014,16,Washington Commanders,27.0,24.0,Philadelphia Eagles,PHI,-7.0,51,FedEx Field,35.0,1.0,,Washington Commanders
2014-12-21,2014,16,Arizona Cardinals,6.0,35.0,Seattle Seahawks,SEA,-9.5,36.5,University of Phoenix Stadium,72.0,0.0,indoor,Arizona Cardinals
2014-12-21,2014,16,Carolina Panthers,17.0,13.0,Cleveland Browns,CAR,-6.0,40,Bank of America Stadium,50.0,4.0,,Carolina Panthers
2014-12-21,2014,16,Chicago Bears,14.0,20.0,Detroit Lions,DET,-10.0,44.5,Soldier Field,36.0,7.0,,Chicago Bears
2014-12-21,2014,16,Dallas Cowboys,42.0,7.0,Indianapolis Colts,DAL,-3.5,53.5,Cowboys Stadium,51.0,9.0,retractable (open roof),Dallas Cowboys
2014-12-21,2014,16,Houston Texans,25.0,13.0,Baltimore Ravens,BAL,-6.0,41.5,Reliant Stadium,58.0,2.0,retractable (open roof),Houston Texans
2014-12-21,2014,16,Miami Dolphins,37.0,35.0,Minnesota Vikings,MIA,-4.5,42.5,Sun Life Stadium,78.0,7.0,,Miami Dolphins
2014-12-21,2014,16,New Orleans Saints,14.0,30.0,Atlanta Falcons,NO,-6.0,56,Louisiana Superdome,72.0,0.0,indoor,New Orleans Saints
2014-12-21,2014,16,New York Jets,16.0,17.0,New England Patriots,NE,-10.0,47,MetLife Stadium,35.0,4.0,,New York Jets
2014-12-21,2014,16,Las Vegas Raiders,26.0,24.0,Buffalo Bills,BUF,-7.0,41.5,Oakland Coliseum,62.0,6.0,,Las Vegas Raiders
2014-12-21,2014,16,Pittsburgh Steelers,20.0,12.0,Kansas City Chiefs,PIT,-2.5,49.5,Heinz Field,34.0,0.0,,Pittsburgh Steelers
2014-12-21,2014,16,Los Angeles Rams,27.0,37.0,New York Giants,LAR,-7.0,43.5,Edward Jones Dome,72.0,0.0,indoor,Los Angeles Rams
2014-12-21,2014,16,Tampa Bay Buccaneers,3.0,20.0,Green Bay Packers,GB,-11.5,49,Raymond James Stadium,76.0,4.0,,Tampa Bay Buccaneers
2014-12-22,2014,16,Cincinnati Bengals,37.0,28.0,Denver Broncos,DEN,-3.5,47.5,Paul Brown Stadium,46.0,7.0,,Cincinnati Bengals
2014-12-28,2014,17,Atlanta Falcons,3.0,34.0,Carolina Panthers,ATL,-2.5,48,Georgia Dome,72.0,0.0,indoor,Atlanta Falcons
2014-12-28,2014,17,Baltimore Ravens,20.0,10.0,Cleveland Browns,BAL,-14.0,40,M&T Bank Stadium,56.0,3.0,,Baltimore Ravens
2014-12-28,2014,17,Denver Broncos,47.0,14.0,Las Vegas Raiders,DEN,-16.5,48.5,Sports Authority Field at Mile High,33.0,0.0,,Denver Broncos
2014-12-28,2014,17,Green Bay Packers,30.0,20.0,Detroit Lions,GB,-9.0,47,Lambeau Field,25.0,6.0,,Green Bay Packers
2014-12-28,2014,17,Houston Texans,23.0,17.0,Jacksonville Jaguars,HOU,-8.5,38.5,Reliant Stadium,43.0,8.0,retractable (open roof),Houston Texans
2014-12-28,2014,17,Kansas City Chiefs,19.0,7.0,Los Angeles Chargers,KC,-3.0,42,Arrowhead Stadium,37.0,5.0,,Kansas City Chiefs
2014-12-28,2014,17,Miami Dolphins,24.0,37.0,New York Jets,MIA,-7.0,41,Sun Life Stadium,80.0,7.0,,Miami Dolphins
2014-12-28,2014,17,Minnesota Vikings,13.0,9.0,Chicago Bears,MIN,-7.0,47.5,TCF Bank Stadium,22.0,4.0,,Minnesota Vikings
2014-12-28,2014,17,New England Patriots,9.0,17.0,Buffalo Bills,NE,-4.5,43.5,Gillette Stadium,49.0,8.0,,New England Patriots
2014-12-28,2014,17,New York Giants,26.0,34.0,Philadelphia Eagles,PHI,-1.0,52,MetLife Stadium,51.0,6.0,,New York Giants
2014-12-28,2014,17,Pittsburgh Steelers,27.0,17.0,Cincinnati Bengals,PIT,-3.0,48.5,Heinz Field,35.0,1.0,,Pittsburgh Steelers
2014-12-28,2014,17,San Francisco 49ers,20.0,17.0,Arizona Cardinals,SF,-6.0,37.5,Levi's Stadium,56.0,5.0,,San Francisco 49ers
2014-12-28,2014,17,Seattle Seahawks,20.0,6.0,Los Angeles Rams,SEA,-11.0,41.5,CenturyLink Field,43.0,1.0,,Seattle Seahawks
2014-12-28,2014,17,Tampa Bay Buccaneers,20.0,23.0,New Orleans Saints,NO,-6.0,46.5,Raymond James Stadium,77.0,7.0,,Tampa Bay Buccaneers
2014-12-28,2014,17,Tennessee Titans,10.0,27.0,Indianapolis Colts,IND,-7.5,46.5,Nissan Stadium,41.0,5.0,,Tennessee Titans
2014-12-28,2014,17,Washington Commanders,17.0,44.0,Dallas Cowboys,DAL,-6.0,47.5,FedEx Field,57.0,4.0,,Washington Commanders
2015-09-10,2015,1,New England Patriots,28.0,21.0,Pittsburgh Steelers,NE,-7.0,51,Gillette Stadium,64.0,9.0,rain,New England Patriots
2015-09-13,2015,1,Arizona Cardinals,31.0,19.0,New Orleans Saints,ARI,-2.5,48.5,University of Phoenix Stadium,72.0,0.0,indoor,Arizona Cardinals
2015-09-13,2015,1,Buffalo Bills,27.0,14.0,Indianapolis Colts,IND,-1.0,44.5,Ralph Wilson Stadium,53.0,7.0,,Buffalo Bills
2015-09-13,2015,1,Chicago Bears,23.0,31.0,Green Bay Packers,GB,-6.5,48.5,Soldier Field,68.0,4.0,,Chicago Bears
2015-09-13,2015,1,Dallas Cowboys,27.0,26.0,New York Giants,DAL,-7.0,52.5,Cowboys Stadium,72.0,0.0,indoor,Dallas Cowboys
2015-09-13,2015,1,Denver Broncos,19.0,13.0,Baltimore Ravens,DEN,-4.5,46.5,Sports Authority Field at Mile High,86.0,5.0,,Denver Broncos
2015-09-13,2015,1,Houston Texans,20.0,27.0,Kansas City Chiefs,KC,-1.0,40.5,Reliant Stadium,83.0,8.0,retractable (open roof),Houston Texans
2015-09-13,2015,1,Jacksonville Jaguars,9.0,20.0,Carolina Panthers,CAR,-3.0,41,EverBank Field,81.0,1.0,,Jacksonville Jaguars
2015-09-13,2015,1,New York Jets,31.0,10.0,Cleveland Browns,NYJ,-3.5,38.5,MetLife Stadium,76.0,7.0,,New York Jets
2015-09-13,2015,1,Las Vegas Raiders,13.0,33.0,Cincinnati Bengals,LVR,-3.0,43,Oakland Coliseum,75.0,9.0,,Las Vegas Raiders
2015-09-13,2015,1,Los Angeles Chargers,33.0,28.0,Detroit Lions,LAC,-3.5,45.5,Qualcomm Stadium,82.0,8.0,,Los Angeles Chargers
2015-09-13,2015,1,Los Angeles Rams,34.0,31.0,Seattle Seahawks,SEA,-3.5,41,Edward Jones Dome,72.0,0.0,indoor,Los Angeles Rams
2015-09-13,2015,1,Tampa Bay Buccaneers,14.0,42.0,Tennessee Titans,TB,-3.0,40.5,Raymond James Stadium,81.0,6.0,,Tampa Bay Buccaneers
2015-09-13,2015,1,Washington Commanders,10.0,17.0,Miami Dolphins,MIA,-4.0,45.5,FedEx Field,71.0,11.0,,Washington Commanders
2015-09-14,2015,1,Atlanta Falcons,26.0,24.0,Philadelphia Eagles,PHI,-3.0,56,Georgia Dome,72.0,0.0,indoor,Atlanta Falcons
2015-09-14,2015,1,San Francisco 49ers,20.0,3.0,Minnesota Vikings,MIN,-2.5,42.5,Levi's Stadium,64.0,4.0,,San Francisco 49ers
2015-09-17,2015,2,Kansas City Chiefs,24.0,31.0,Denver Broncos,KC,-3.0,42,Arrowhead Stadium,80.0,8.0,,Kansas City Chiefs
2015-09-20,2015,2,Buffalo Bills,32.0,40.0,New England Patriots,BUF,-1.0,44.5,Ralph Wilson Stadium,62.0,4.0,,Buffalo Bills
2015-09-20,2015,2,Carolina Panthers,24.0,17.0,Houston Texans,CAR,-3.0,41,Bank of America Stadium,88.0,2.0,,Carolina Panthers
2015-09-20,2015,2,Chicago Bears,23.0,48.0,Arizona Cardinals,ARI,-2.0,46,Soldier Field,69.0,3.0,,Chicago Bears
2015-09-20,2015,2,Cincinnati Bengals,24.0,19.0,Los Angeles Chargers,CIN,-3.5,48,Paul Brown Stadium,73.0,6.0,,Cincinnati Bengals
2015-09-20,2015,2,Cleveland Browns,28.0,14.0,Tennessee Titans,TEN,-1.0,41,FirstEnergy Stadium,66.0,11.0,,Cleveland Browns
2015-09-20,2015,2,Green Bay Packers,27.0,17.0,Seattle Seahawks,GB,-3.0,49.5,Lambeau Field,54.0,6.0,,Green Bay Packers
2015-09-20,2015,2,Jacksonville Jaguars,23.0,20.0,Miami Dolphins,MIA,-6.0,42,EverBank Field,83.0,5.0,,Jacksonville Jaguars
2015-09-20,2015,2,Minnesota Vikings,26.0,16.0,Detroit Lions,MIN,-2.5,44,TCF Bank Stadium,70.0,12.0,,Minnesota Vikings
2015-09-20,2015,2,New Orleans Saints,19.0,26.0,Tampa Bay Buccaneers,NO,-9.0,47,Louisiana Superdome,72.0,0.0,indoor,New Orleans Saints
2015-09-20,2015,2,New York Giants,20.0,24.0,Atlanta Falcons,NYG,-2.0,50,MetLife Stadium,77.0,7.0,,New York Giants
2015-09-20,2015,2,Las Vegas Raiders,37.0,33.0,Baltimore Ravens,BAL,-6.0,42,Oakland Coliseum,89.0,7.0,,Las Vegas Raiders
2015-09-20,2015,2,Philadelphia Eagles,10.0,20.0,Dallas Cowboys,PHI,-6.5,54,Lincoln Financial Field,74.0,7.0,,Philadelphia Eagles
2015-09-20,2015,2,Pittsburgh Steelers,43.0,18.0,San Francisco 49ers,PIT,-6.0,46,Heinz Field,69.0,2.0,,Pittsburgh Steelers
2015-09-20,2015,2,Washington Commanders,24.0,10.0,Los Angeles Rams,LAR,-3.0,41,FedEx Field,75.0,6.0,,Washington Commanders
2015-09-21,2015,2,Indianapolis Colts,7.0,20.0,New York Jets,IND,-6.0,46,Lucas Oil Stadium,72.0,0.0,indoor,Indianapolis Colts
2015-09-24,2015,3,New York Giants,32.0,21.0,Washington Commanders,NYG,-3.0,45,MetLife Stadium,66.0,2.0,,New York Giants
2015-09-27,2015,3,Arizona Cardinals,47.0,7.0,San Francisco 49ers,ARI,-7.0,45,University of Phoenix Stadium,72.0,0.0,indoor,Arizona Cardinals
2015-09-27,2015,3,Baltimore Ravens,24.0,28.0,Cincinnati Bengals,BAL,-1.5,45.5,M&T Bank Stadium,73.0,8.0,,Baltimore Ravens
2015-09-27,2015,3,Carolina Panthers,27.0,22.0,New Orleans Saints,CAR,-9.5,43,Bank of America Stadium,67.0,8.0,,Carolina Panthers
2015-09-27,2015,3,Cleveland Browns,20.0,27.0,Las Vegas Raiders,CLE,-3.5,44,FirstEnergy Stadium,75.0,10.0,,Cleveland Browns
2015-09-27,2015,3,Dallas Cowboys,28.0,39.0,Atlanta Falcons,PICK,0.0,43.5,Cowboys Stadium,72.0,0.0,indoor,Dallas Cowboys
2015-09-27,2015,3,Detroit Lions,12.0,24.0,Denver Broncos,DEN,-3.0,45,Ford Field,72.0,0.0,indoor,Detroit Lions
2015-09-27,2015,3,Houston Texans,19.0,9.0,Tampa Bay Buccaneers,HOU,-6.0,41,Reliant Stadium,75.0,8.0,retractable (open roof),Houston Texans
2015-09-27,2015,3,Miami Dolphins,14.0,41.0,Buffalo Bills,MIA,-1.0,43.5,Sun Life Stadium,80.0,0.0,,Miami Dolphins
2015-09-27,2015,3,Minnesota Vikings,31.0,14.0,Los Angeles Chargers,MIN,-2.0,45.5,TCF Bank Stadium,80.0,13.0,,Minnesota Vikings
2015-09-27,2015,3,New England Patriots,51.0,17.0,Jacksonville Jaguars,NE,-14.0,49,Gillette Stadium,70.0,3.0,,New England Patriots
2015-09-27,2015,3,New York Jets,17.0,24.0,Philadelphia Eagles,NYJ,-3.0,47,MetLife Stadium,70.0,5.0,,New York Jets
2015-09-27,2015,3,Seattle Seahawks,26.0,0.0,Chicago Bears,SEA,-16.5,43.5,CenturyLink Field,62.0,7.0,,Seattle Seahawks
2015-09-27,2015,3,Los Angeles Rams,6.0,12.0,Pittsburgh Steelers,LAR,-1.0,48.5,Edward Jones Dome,72.0,0.0,indoor,Los Angeles Rams
2015-09-27,2015,3,Tennessee Titans,33.0,35.0,Indianapolis Colts,IND,-3.5,46.5,Nissan Stadium,77.0,4.0,,Tennessee Titans
2015-09-28,2015,3,Green Bay Packers,38.0,28.0,Kansas City Chiefs,GB,-5.5,47.5,Lambeau Field,62.0,3.0,,Green Bay Packers
2015-10-01,2015,4,Pittsburgh Steelers,20.0,23.0,Baltimore Ravens,BAL,-3.0,44,Heinz Field,54.0,7.0,,Pittsburgh Steelers
2015-10-04,2015,4,Arizona Cardinals,22.0,24.0,Los Angeles Rams,ARI,-7.0,43.5,University of Phoenix Stadium,72.0,0.0,indoor,Arizona Cardinals
2015-10-04,2015,4,Atlanta Falcons,48.0,21.0,Houston Texans,ATL,-4.5,47.5,Georgia Dome,72.0,0.0,indoor,Atlanta Falcons
2015-10-04,2015,4,Buffalo Bills,10.0,24.0,New York Giants,BUF,-6.0,46.5,Ralph Wilson Stadium,60.0,4.0,,Buffalo Bills
2015-10-04,2015,4,Chicago Bears,22.0,20.0,Las Vegas Raiders,LVR,-3.0,44.5,Soldier Field,56.0,8.0,,Chicago Bears
2015-10-04,2015,4,Cincinnati Bengals,36.0,21.0,Kansas City Chiefs,CIN,-3.5,45,Paul Brown Stadium,73.0,8.0,,Cincinnati Bengals
2015-10-04,2015,4,Denver Broncos,23.0,20.0,Minnesota Vikings,DEN,-7.0,43.5,Sports Authority Field at Mile High,60.0,5.0,,Denver Broncos
2015-10-04,2015,4,Indianapolis Colts,16.0,13.0,Jacksonville Jaguars,IND,-4.0,43.5,Lucas Oil Stadium,72.0,0.0,indoor,Indianapolis Colts
2015-10-04,2015,4,Miami Dolphins,14.0,27.0,New York Jets,NYJ,-2.5,42.5,Wembley Stadium,62.0,6.0,,Miami Dolphins
2015-10-04,2015,4,New Orleans Saints,26.0,20.0,Dallas Cowboys,NO,-3.0,48.5,Louisiana Superdome,72.0,0.0,indoor,New Orleans Saints
2015-10-04,2015,4,Los Angeles Chargers,30.0,27.0,Cleveland Browns,LAC,-5.0,44.5,Qualcomm Stadium,68.0,7.0,,Los Angeles Chargers
2015-10-04,2015,4,San Francisco 49ers,3.0,17.0,Green Bay Packers,GB,-7.5,48,Levi's Stadium,76.0,6.0,,San Francisco 49ers
2015-10-04,2015,4,Tampa Bay Buccaneers,23.0,37.0,Carolina Panthers,CAR,-3.0,40.5,Raymond James Stadium,75.0,7.0,,Tampa Bay Buccaneers
2015-10-04,2015,4,Washington Commanders,23.0,20.0,Philadelphia Eagles,PHI,-3.0,45.5,FedEx Field,59.0,13.0,,Washington Commanders
2015-10-05,2015,4,Seattle Seahawks,13.0,10.0,Detroit Lions,SEA,-10.0,43,CenturyLink Field,61.0,2.0,,Seattle Seahawks
2015-10-08,2015,5,Houston Texans,20.0,27.0,Indianapolis Colts,HOU,-5.0,41,Reliant Stadium,76.0,2.0,retractable (open roof),Houston Texans
2015-10-11,2015,5,Atlanta Falcons,25.0,19.0,Washington Commanders,ATL,-7.0,48.5,Georgia Dome,72.0,0.0,indoor,Atlanta Falcons
2015-10-11,2015,5,Baltimore Ravens,30.0,33.0,Cleveland Browns,BAL,-6.5,43,M&T Bank Stadium,68.0,0.0,,Baltimore Ravens
2015-10-11,2015,5,Cincinnati Bengals,27.0,24.0,Seattle Seahawks,CIN,-3.0,44.5,Paul Brown Stadium,72.0,7.0,,Cincinnati Bengals
2015-10-11,2015,5,Dallas Cowboys,6.0,30.0,New England Patriots,NE,-8.5,50.5,Cowboys Stadium,72.0,0.0,indoor,Dallas Cowboys
2015-10-11,2015,5,Detroit Lions,17.0,42.0,Arizona Cardinals,ARI,-4.5,46,Ford Field,72.0,0.0,indoor,Detroit Lions
2015-10-11,2015,5,Green Bay Packers,24.0,10.0,Los Angeles Rams,GB,-9.0,46,Lambeau Field,73.0,15.0,,Green Bay Packers
2015-10-11,2015,5,Kansas City Chiefs,17.0,18.0,Chicago Bears,KC,-9.5,44.5,Arrowhead Stadium,80.0,11.0,,Kansas City Chiefs
2015-10-11,2015,5,New York Giants,30.0,27.0,San Francisco 49ers,NYG,-7.5,44,MetLife Stadium,57.0,3.0,,New York Giants
2015-10-11,2015,5,Las Vegas Raiders,10.0,16.0,Denver Broncos,DEN,-5.5,45,Oakland Coliseum,76.0,8.0,,Las Vegas Raiders
2015-10-11,2015,5,Philadelphia Eagles,39.0,17.0,New Orleans Saints,PHI,-6.5,49.5,Lincoln Financial Field,67.0,4.0,,Philadelphia Eagles
2015-10-11,2015,5,Tampa Bay Buccaneers,38.0,31.0,Jacksonville Jaguars,TB,-1.0,41.5,Raymond James Stadium,83.0,9.0,,Tampa Bay Buccaneers
2015-10-11,2015,5,Tennessee Titans,13.0,14.0,Buffalo Bills,BUF,-1.0,43,Nissan Stadium,72.0,2.0,,Tennessee Titans
2015-10-12,2015,5,Los Angeles Chargers,20.0,24.0,Pittsburgh Steelers,LAC,-4.0,45.5,Qualcomm Stadium,76.0,5.0,,Los Angeles Chargers
2015-10-15,2015,6,New Orleans Saints,31.0,21.0,Atlanta Falcons,ATL,-3.0,52.5,Louisiana Superdome,72.0,0.0,indoor,New Orleans Saints
2015-10-18,2015,6,Buffalo Bills,21.0,34.0,Cincinnati Bengals,CIN,-3.0,42,Ralph Wilson Stadium,37.0,2.0,,Buffalo Bills
2015-10-18,2015,6,Cleveland Browns,23.0,26.0,Denver Broncos,DEN,-3.5,42,FirstEnergy Stadium,46.0,11.0,,Cleveland Browns
2015-10-18,2015,6,Detroit Lions,37.0,34.0,Chicago Bears,DET,-3.5,45.5,Ford Field,72.0,0.0,indoor,Detroit Lions
2015-10-18,2015,6,Green Bay Packers,27.0,20.0,Los Angeles Chargers,GB,-10.5,50.5,Lambeau Field,49.0,8.0,,Green Bay Packers
2015-10-18,2015,6,Indianapolis Colts,27.0,34.0,New England Patriots,NE,-9.0,54,Lucas Oil Stadium,72.0,0.0,indoor,Indianapolis Colts
2015-10-18,2015,6,Jacksonville Jaguars,20.0,31.0,Houston Texans,JAX,-3.0,43,EverBank Field,70.0,13.0,,Jacksonville Jaguars
2015-10-18,2015,6,Minnesota Vikings,16.0,10.0,Kansas City Chiefs,MIN,-3.5,43,TCF Bank Stadium,62.0,15.0,,Minnesota Vikings
2015-10-18,2015,6,New York Jets,34.0,20.0,Washington Commanders,NYJ,-7.5,40,MetLife Stadium,48.0,10.0,,New York Jets
2015-10-18,2015,6,Pittsburgh Steelers,25.0,13.0,Arizona Cardinals,ARI,-5.5,45,Heinz Field,42.0,8.0,,Pittsburgh Steelers
2015-10-18,2015,6,San Francisco 49ers,25.0,20.0,Baltimore Ravens,BAL,-2.5,43.5,Levi's Stadium,68.0,10.0,,San Francisco 49ers
2015-10-18,2015,6,Seattle Seahawks,23.0,27.0,Carolina Panthers,SEA,-7.0,41,CenturyLink Field,59.0,4.0,,Seattle Seahawks
2015-10-18,2015,6,Tennessee Titans,10.0,38.0,Miami Dolphins,TEN,-2.5,43.5,Nissan Stadium,60.0,6.0,,Tennessee Titans
2015-10-19,2015,6,Philadelphia Eagles,27.0,7.0,New York Giants,PHI,-3.5,50.5,Lincoln Financial Field,44.0,6.0,,Philadelphia Eagles
2015-10-22,2015,7,San Francisco 49ers,3.0,20.0,Seattle Seahawks,SEA,-6.5,42,Levi's Stadium,66.0,3.0,,San Francisco 49ers
2015-10-25,2015,7,Carolina Panthers,27.0,16.0,Philadelphia Eagles,CAR,-2.5,46,Bank of America Stadium,64.0,0.0,,Carolina Panthers
2015-10-25,2015,7,Detroit Lions,19.0,28.0,Minnesota Vikings,DET,-1.0,45,Ford Field,72.0,0.0,indoor,Detroit Lions
2015-10-25,2015,7,Indianapolis Colts,21.0,27.0,New Orleans Saints,IND,-5.0,53,Lucas Oil Stadium,72.0,0.0,indoor,Indianapolis Colts
2015-10-25,2015,7,Jacksonville Jaguars,34.0,31.0,Buffalo Bills,BUF,-3.5,41.5,Wembley Stadium,51.0,3.0,,Jacksonville Jaguars
2015-10-25,2015,7,Kansas City Chiefs,23.0,13.0,Pittsburgh Steelers,KC,-3.5,41.5,Arrowhead Stadium,64.0,6.0,,Kansas City Chiefs
2015-10-25,2015,7,Miami Dolphins,44.0,26.0,Houston Texans,MIA,-4.5,45.5,Sun Life Stadium,82.0,11.0,,Miami Dolphins
2015-10-25,2015,7,New England Patriots,30.0,23.0,New York Jets,NE,-7.0,47.5,Gillette Stadium,58.0,6.0,,New England Patriots
2015-10-25,2015,7,New York Giants,27.0,20.0,Dallas Cowboys,NYG,-3.0,44.5,MetLife Stadium,59.0,10.0,,New York Giants
2015-10-25,2015,7,Los Angeles Chargers,29.0,37.0,Las Vegas Raiders,LAC,-3.5,48.5,Qualcomm Stadium,77.0,5.0,,Los Angeles Chargers
2015-10-25,2015,7,Los Angeles Rams,24.0,6.0,Cleveland Browns,LAR,-6.0,44,Edward Jones Dome,72.0,0.0,indoor,Los Angeles Rams
2015-10-25,2015,7,Tennessee Titans,7.0,10.0,Atlanta Falcons,ATL,-6.0,45.5,Nissan Stadium,61.0,8.0,,Tennessee Titans
2015-10-25,2015,7,Washington Commanders,31.0,30.0,Tampa Bay Buccaneers,WAS,-3.0,41.5,FedEx Field,70.0,8.0,,Washington Commanders
2015-10-26,2015,7,Arizona Cardinals,26.0,18.0,Baltimore Ravens,ARI,-10.0,49.5,University of Phoenix Stadium,72.0,0.0,indoor,Arizona Cardinals
2015-10-29,2015,8,New England Patriots,36.0,7.0,Miami Dolphins,NE,-8.0,51.5,Gillette Stadium,53.0,9.0,,New England Patriots
2015-11-01,2015,8,Atlanta Falcons,20.0,23.0,Tampa Bay Buccaneers,ATL,-8.0,47.5,Georgia Dome,72.0,0.0,indoor,Atlanta Falcons
2015-11-01,2015,8,Baltimore Ravens,29.0,26.0,Los Angeles Chargers,BAL,-4.5,50.5,M&T Bank Stadium,65.0,6.0,,Baltimore Ravens
2015-11-01,2015,8,Chicago Bears,20.0,23.0,Minnesota Vikings,MIN,-1.5,44,Soldier Field,61.0,7.0,,Chicago Bears
2015-11-01,2015,8,Cleveland Browns,20.0,34.0,Arizona Cardinals,ARI,-7.0,46,FirstEnergy Stadium,63.0,17.0,,Cleveland Browns
2015-11-01,2015,8,Dallas Cowboys,12.0,13.0,Seattle Seahawks,SEA,-5.0,41.5,Cowboys Stadium,63.0,0.0,retractable (open roof),Dallas Cowboys
2015-11-01,2015,8,Denver Broncos,29.0,10.0,Green Bay Packers,GB,-2.5,45.5,Sports Authority Field at Mile High,52.0,4.0,,Denver Broncos
2015-11-01,2015,8,Houston Texans,20.0,6.0,Tennessee Titans,HOU,-3.5,43,Reliant Stadium,68.0,4.0,retractable (open roof),Houston Texans
2015-11-01,2015,8,Kansas City Chiefs,45.0,10.0,Detroit Lions,DET,-3.0,45,Wembley Stadium,57.0,3.0,,Kansas City Chiefs
2015-11-01,2015,8,New Orleans Saints,52.0,49.0,New York Giants,NO,-3.0,52,Louisiana Superdome,72.0,0.0,indoor,New Orleans Saints
2015-11-01,2015,8,Las Vegas Raiders,34.0,20.0,New York Jets,NYJ,-3.0,44,Oakland Coliseum,68.0,8.0,,Las Vegas Raiders
2015-11-01,2015,8,Pittsburgh Steelers,10.0,16.0,Cincinnati Bengals,PICK,0.0,49.5,Heinz Field,63.0,9.0,,Pittsburgh Steelers
2015-11-01,2015,8,Los Angeles Rams,27.0,6.0,San Francisco 49ers,LAR,-8.0,41,Edward Jones Dome,72.0,0.0,indoor,Los Angeles Rams
2015-11-02,2015,8,Carolina Panthers,29.0,26.0,Indianapolis Colts,CAR,-5.5,45.5,Bank of America Stadium,62.0,5.0,rain,Carolina Panthers
2015-11-05,2015,9,Cincinnati Bengals,31.0,10.0,Cleveland Browns,CIN,-13.0,46,Paul Brown Stadium,65.0,5.0,,Cincinnati Bengals
2015-11-08,2015,9,Buffalo Bills,33.0,17.0,Miami Dolphins,BUF,-4.0,44,Ralph Wilson Stadium,47.0,6.0,,Buffalo Bills
2015-11-08,2015,9,Carolina Panthers,37.0,29.0,Green Bay Packers,GB,-2.5,46,Bank of America Stadium,53.0,7.0,,Carolina Panthers
2015-11-08,2015,9,Dallas Cowboys,27.0,33.0,Philadelphia Eagles,PHI,-3.0,44,Cowboys Stadium,53.0,2.0,retractable (open roof),Dallas Cowboys
2015-11-08,2015,9,Indianapolis Colts,27.0,24.0,Denver Broncos,DEN,-3.5,45.5,Lucas Oil Stadium,72.0,0.0,indoor,Indianapolis Colts
2015-11-08,2015,9,Minnesota Vikings,21.0,18.0,Los Angeles Rams,MIN,-1.0,40,TCF Bank Stadium,57.0,14.0,,Minnesota Vikings
2015-11-08,2015,9,New England Patriots,27.0,10.0,Washington Commanders,NE,-13.5,51.5,Gillette Stadium,54.0,8.0,,New England Patriots
2015-11-08,2015,9,New Orleans Saints,28.0,34.0,Tennessee Titans,NO,-6.5,50,Louisiana Superdome,72.0,0.0,indoor,New Orleans Saints
2015-11-08,2015,9,New York Jets,28.0,23.0,Jacksonville Jaguars,NYJ,-8.0,42.5,MetLife Stadium,57.0,7.0,,New York Jets
2015-11-08,2015,9,Pittsburgh Steelers,38.0,35.0,Las Vegas Raiders,PIT,-6.0,48,Heinz Field,51.0,0.0,,Pittsburgh Steelers
2015-11-08,2015,9,San Francisco 49ers,17.0,16.0,Atlanta Falcons,ATL,-8.5,43.5,Levi's Stadium,58.0,2.0,,San Francisco 49ers
2015-11-08,2015,9,Tampa Bay Buccaneers,18.0,32.0,New York Giants,NYG,-2.0,49,Raymond James Stadium,77.0,1.0,,Tampa Bay Buccaneers
2015-11-09,2015,9,Los Angeles Chargers,19.0,22.0,Chicago Bears,LAC,-3.5,49.5,Qualcomm Stadium,61.0,7.0,,Los Angeles Chargers
2015-11-12,2015,10,New York Jets,17.0,22.0,Buffalo Bills,NYJ,-2.5,42,MetLife Stadium,56.0,9.0,,New York Jets
2015-11-15,2015,10,Baltimore Ravens,20.0,22.0,Jacksonville Jaguars,BAL,-5.0,47,M&T Bank Stadium,63.0,5.0,,Baltimore Ravens
2015-11-15,2015,10,Denver Broncos,13.0,29.0,Kansas City Chiefs,DEN,-3.5,42,Sports Authority Field at Mile High,59.0,1.0,,Denver Broncos
2015-11-15,2015,10,Green Bay Packers,16.0,18.0,Detroit Lions,GB,-10.5,50,Lambeau Field,57.0,6.0,,Green Bay Packers
2015-11-15,2015,10,New York Giants,26.0,27.0,New England Patriots,NE,-7.0,52.5,MetLife Stadium,54.0,5.0,,New York Giants
2015-11-15,2015,10,Las Vegas Raiders,14.0,30.0,Minnesota Vikings,LVR,-3.0,44,Oakland Coliseum,57.0,15.0,,Las Vegas Raiders
2015-11-15,2015,10,Philadelphia Eagles,19.0,20.0,Miami Dolphins,PHI,-6.0,49.5,Lincoln Financial Field,59.0,9.0,,Philadelphia Eagles
2015-11-15,2015,10,Pittsburgh Steelers,30.0,9.0,Cleveland Browns,PIT,-7.0,43,Heinz Field,60.0,6.0,,Pittsburgh Steelers
2015-11-15,2015,10,Seattle Seahawks,32.0,39.0,Arizona Cardinals,SEA,-3.0,43.5,CenturyLink Field,42.0,1.0,,Seattle Seahawks
2015-11-15,2015,10,Los Angeles Rams,13.0,37.0,Chicago Bears,LAR,-7.0,42.5,Edward Jones Dome,72.0,0.0,indoor,Los Angeles Rams
2015-11-15,2015,10,Tampa Bay Buccaneers,10.0,6.0,Dallas Cowboys,DAL,-1.0,43.5,Raymond James Stadium,77.0,9.0,,Tampa Bay Buccaneers
2015-11-15,2015,10,Tennessee Titans,10.0,27.0,Carolina Panthers,CAR,-3.5,43,Nissan Stadium,60.0,3.0,,Tennessee Titans
2015-11-15,2015,10,Washington Commanders,47.0,14.0,New Orleans Saints,NO,-1.0,52,FedEx Field,62.0,7.0,,Washington Commanders
2015-11-16,2015,10,Cincinnati Bengals,6.0,10.0,Houston Texans,CIN,-10.0,46.5,Paul Brown Stadium,49.0,2.0,,Cincinnati Bengals
2015-11-19,2015,11,Jacksonville Jaguars,19.0,13.0,Tennessee Titans,JAX,-3.0,41.5,EverBank Field,71.0,2.0,,Jacksonville Jaguars
2015-11-22,2015,11,Arizona Cardinals,34.0,31.0,Cincinnati Bengals,ARI,-4.0,48,University of Phoenix Stadium,72.0,0.0,indoor,Arizona Cardinals
2015-11-22,2015,11,Atlanta Falcons,21.0,24.0,Indianapolis Colts,ATL,-3.5,47.5,Georgia Dome,72.0,0.0,indoor,Atlanta Falcons
2015-11-22,2015,11,Baltimore Ravens,16.0,13.0,Los Angeles Rams,BAL,-3.0,41.5,M&T Bank Stadium,47.0,10.0,,Baltimore Ravens
2015-11-22,2015,11,Carolina Panthers,44.0,16.0,Washington Commanders,CAR,-7.0,44.5,Bank of America Stadium,52.0,8.0,,Carolina Panthers
2015-11-22,2015,11,Chicago Bears,15.0,17.0,Denver Broncos,DEN,-2.0,41.5,Soldier Field,29.0,6.0,,Chicago Bears
2015-11-22,2015,11,Detroit Lions,18.0,13.0,Las Vegas Raiders,LVR,-1.5,50,Ford Field,72.0,0.0,indoor,Detroit Lions
2015-11-22,2015,11,Houston Texans,24.0,17.0,New York Jets,NYJ,-4.0,40,Reliant Stadium,52.0,5.0,retractable (open roof),Houston Texans
2015-11-22,2015,11,Miami Dolphins,14.0,24.0,Dallas Cowboys,DAL,-2.0,45,Sun Life Stadium,75.0,10.0,,Miami Dolphins
2015-11-22,2015,11,Minnesota Vikings,13.0,30.0,Green Bay Packers,PICK,0.0,45,TCF Bank Stadium,32.0,7.0,,Minnesota Vikings
2015-11-22,2015,11,Philadelphia Eagles,17.0,45.0,Tampa Bay Buccaneers,PHI,-6.5,45.5,Lincoln Financial Field,48.0,10.0,,Philadelphia Eagles
2015-11-22,2015,11,Los Angeles Chargers,3.0,33.0,Kansas City Chiefs,KC,-3.0,45.5,Qualcomm Stadium,78.0,4.0,,Los Angeles Chargers
2015-11-22,2015,11,Seattle Seahawks,29.0,13.0,San Francisco 49ers,SEA,-14.0,40,CenturyLink Field,48.0,3.0,,Seattle Seahawks
2015-11-23,2015,11,New England Patriots,20.0,13.0,Buffalo Bills,NE,-7.0,47.5,Gillette Stadium,28.0,5.0,,New England Patriots
2015-11-26,2015,12,Dallas Cowboys,14.0,33.0,Carolina Panthers,CAR,-1.0,44.5,Cowboys Stadium,68.0,11.0,retractable (open roof),Dallas Cowboys
2015-11-26,2015,12,Detroit Lions,45.0,14.0,Philadelphia Eagles,DET,-3.0,47,Ford Field,72.0,0.0,indoor,Detroit Lions
2015-11-26,2015,12,Green Bay Packers,13.0,17.0,Chicago Bears,GB,-8.0,45,Lambeau Field,35.0,10.0,rain,Green Bay Packers
2015-11-29,2015,12,Atlanta Falcons,10.0,20.0,Minnesota Vikings,ATL,-2.0,45,Georgia Dome,72.0,0.0,indoor,Atlanta Falcons
2015-11-29,2015,12,Cincinnati Bengals,31.0,7.0,Los Angeles Rams,CIN,-9.5,42,Paul Brown Stadium,45.0,6.0,,Cincinnati Bengals
2015-11-29,2015,12,Denver Broncos,30.0,24.0,New England Patriots,NE,-2.5,43,Sports Authority Field at Mile High,21.0,0.0,snow,Denver Broncos
2015-11-29,2015,12,Houston Texans,24.0,6.0,New Orleans Saints,HOU,-3.5,51,Reliant Stadium,55.0,8.0,retractable (open roof),Houston Texans
2015-11-29,2015,12,Indianapolis Colts,25.0,12.0,Tampa Bay Buccaneers,IND,-3.0,46.5,Lucas Oil Stadium,72.0,0.0,indoor,Indianapolis Colts
2015-11-29,2015,12,Jacksonville Jaguars,25.0,31.0,Los Angeles Chargers,JAX,-5.0,47,EverBank Field,75.0,6.0,,Jacksonville Jaguars
2015-11-29,2015,12,Kansas City Chiefs,30.0,22.0,Buffalo Bills,KC,-4.5,41,Arrowhead Stadium,34.0,5.0,rain,Kansas City Chiefs
2015-11-29,2015,12,New York Jets,38.0,20.0,Miami Dolphins,NYJ,-4.5,43.5,MetLife Stadium,48.0,5.0,,New York Jets
2015-11-29,2015,12,San Francisco 49ers,13.0,19.0,Arizona Cardinals,ARI,-8.5,45,Levi's Stadium,57.0,2.0,,San Francisco 49ers
2015-11-29,2015,12,Seattle Seahawks,39.0,30.0,Pittsburgh Steelers,SEA,-3.0,46.5,CenturyLink Field,37.0,2.0,,Seattle Seahawks
2015-11-29,2015,12,Tennessee Titans,21.0,24.0,Las Vegas Raiders,LVR,-1.0,45,Nissan Stadium,57.0,2.0,,Tennessee Titans
2015-11-29,2015,12,Washington Commanders,20.0,14.0,New York Giants,NYG,-1.5,48,FedEx Field,46.0,5.0,,Washington Commanders
2015-11-30,2015,12,Cleveland Browns,27.0,33.0,Baltimore Ravens,CLE,-6.0,41,FirstEnergy Stadium,42.0,8.0,,Cleveland Browns
2015-12-03,2015,13,Detroit Lions,23.0,27.0,Green Bay Packers,GB,-2.5,46.5,Ford Field,72.0,0.0,indoor,Detroit Lions
2015-12-06,2015,13,Buffalo Bills,30.0,21.0,Houston Texans,BUF,-3.0,42,Ralph Wilson Stadium,49.0,4.0,,Buffalo Bills
2015-12-06,2015,13,Chicago Bears,20.0,26.0,San Francisco 49ers,CHI,-6.5,43,Soldier Field,46.0,4.0,,Chicago Bears
2015-12-06,2015,13,Cleveland Browns,3.0,37.0,Cincinnati Bengals,CIN,-7.5,44,FirstEnergy Stadium,46.0,5.0,,Cleveland Browns
2015-12-06,2015,13,Miami Dolphins,15.0,13.0,Baltimore Ravens,MIA,-3.5,43,Sun Life Stadium,78.0,14.0,,Miami Dolphins
2015-12-06,2015,13,Minnesota Vikings,7.0,38.0,Seattle Seahawks,SEA,-2.5,43,TCF Bank Stadium,36.0,3.0,,Minnesota Vikings
2015-12-06,2015,13,New England Patriots,28.0,35.0,Philadelphia Eagles,NE,-9.5,49,Gillette Stadium,44.0,5.0,,New England Patriots
2015-12-06,2015,13,New Orleans Saints,38.0,41.0,Carolina Panthers,CAR,-6.0,50.5,Louisiana Superdome,72.0,0.0,indoor,New Orleans Saints
2015-12-06,2015,13,New York Giants,20.0,23.0,New York Jets,NYJ,-2.5,46,MetLife Stadium,52.0,5.0,,New York Giants
2015-12-06,2015,13,Las Vegas Raiders,20.0,34.0,Kansas City Chiefs,KC,-3.0,45.5,Oakland Coliseum,60.0,3.0,,Las Vegas Raiders
2015-12-06,2015,13,Pittsburgh Steelers,45.0,10.0,Indianapolis Colts,PIT,-9.5,50.5,Heinz Field,35.0,2.0,,Pittsburgh Steelers
2015-12-06,2015,13,Los Angeles Chargers,3.0,17.0,Denver Broncos,DEN,-6.0,45,Qualcomm Stadium,71.0,7.0,,Los Angeles Chargers
2015-12-06,2015,13,Los Angeles Rams,3.0,27.0,Arizona Cardinals,ARI,-3.5,43,Edward Jones Dome,72.0,0.0,indoor,Los Angeles Rams
2015-12-06,2015,13,Tampa Bay Buccaneers,23.0,19.0,Atlanta Falcons,PICK,0.0,46.5,Raymond James Stadium,78.0,11.0,,Tampa Bay Buccaneers
2015-12-06,2015,13,Tennessee Titans,42.0,39.0,Jacksonville Jaguars,TEN,-3.0,43.5,Nissan Stadium,56.0,4.0,,Tennessee Titans
2015-12-07,2015,13,Washington Commanders,16.0,19.0,Dallas Cowboys,WAS,-2.0,43.5,FedEx Field,44.0,2.0,,Washington Commanders
2015-12-10,2015,14,Arizona Cardinals,23.0,20.0,Minnesota Vikings,ARI,-10.0,46.5,University of Phoenix Stadium,72.0,0.0,indoor,Arizona Cardinals
2015-12-13,2015,14,Baltimore Ravens,6.0,35.0,Seattle Seahawks,SEA,-10.5,42,M&T Bank Stadium,66.0,3.0,,Baltimore Ravens
2015-12-13,2015,14,Carolina Panthers,38.0,0.0,Atlanta Falcons,CAR,-8.5,45.5,Bank of America Stadium,70.0,6.0,,Carolina Panthers
2015-12-13,2015,14,Chicago Bears,21.0,24.0,Washington Commanders,CHI,-4.0,43.5,Soldier Field,58.0,11.0,,Chicago Bears
2015-12-13,2015,14,Cincinnati Bengals,20.0,33.0,Pittsburgh Steelers,CIN,-1.0,48.5,Paul Brown Stadium,65.0,6.0,,Cincinnati Bengals
2015-12-13,2015,14,Cleveland Browns,24.0,10.0,San Francisco 49ers,CLE,-2.5,43,FirstEnergy Stadium,62.0,8.0,,Cleveland Browns
2015-12-13,2015,14,Denver Broncos,12.0,15.0,Las Vegas Raiders,DEN,-6.0,43,Sports Authority Field at Mile High,39.0,2.0,,Denver Broncos
2015-12-13,2015,14,Green Bay Packers,28.0,7.0,Dallas Cowboys,GB,-6.5,42.5,Lambeau Field,52.0,9.0,rain,Green Bay Packers
2015-12-13,2015,14,Houston Texans,6.0,27.0,New England Patriots,NE,-5.0,46.5,Reliant Stadium,52.0,3.0,retractable (open roof),Houston Texans
2015-12-13,2015,14,Jacksonville Jaguars,51.0,16.0,Indianapolis Colts,JAX,-1.0,46,EverBank Field,77.0,8.0,,Jacksonville Jaguars
2015-12-13,2015,14,Kansas City Chiefs,10.0,3.0,Los Angeles Chargers,KC,-12.0,41.5,Arrowhead Stadium,60.0,11.0,rain,Kansas City Chiefs
2015-12-13,2015,14,New York Jets,30.0,8.0,Tennessee Titans,NYJ,-8.0,43,MetLife Stadium,65.0,4.0,,New York Jets
2015-12-13,2015,14,Philadelphia Eagles,23.0,20.0,Buffalo Bills,PHI,-1.0,48.5,Lincoln Financial Field,69.0,1.0,,Philadelphia Eagles
2015-12-13,2015,14,Los Angeles Rams,21.0,14.0,Detroit Lions,DET,-3.0,41.5,Edward Jones Dome,72.0,0.0,indoor,Los Angeles Rams
2015-12-13,2015,14,Tampa Bay Buccaneers,17.0,24.0,New Orleans Saints,TB,-6.0,51.5,Raymond James Stadium,80.0,12.0,,Tampa Bay Buccaneers
2015-12-14,2015,14,Miami Dolphins,24.0,31.0,New York Giants,NYG,-2.0,48,Sun Life Stadium,75.0,5.0,,Miami Dolphins
2015-12-17,2015,15,Los Angeles Rams,31.0,23.0,Tampa Bay Buccaneers,LAR,-1.0,41,Edward Jones Dome,72.0,0.0,indoor,Los Angeles Rams
2015-12-19,2015,15,Dallas Cowboys,16.0,19.0,New York Jets,NYJ,-3.5,41,Cowboys Stadium,50.0,7.0,retractable (open roof),Dallas Cowboys
2015-12-20,2015,15,Baltimore Ravens,14.0,34.0,Kansas City Chiefs,KC,-6.5,41,M&T Bank Stadium,43.0,3.0,,Baltimore Ravens
2015-12-20,2015,15,Indianapolis Colts,10.0,16.0,Houston Texans,IND,-2.0,41.5,Lucas Oil Stadium,72.0,0.0,indoor,Indianapolis Colts
2015-12-20,2015,15,Jacksonville Jaguars,17.0,23.0,Atlanta Falcons,JAX,-2.0,48,EverBank Field,68.0,7.0,,Jacksonville Jaguars
2015-12-20,2015,15,Minnesota Vikings,38.0,17.0,Chicago Bears,MIN,-4.0,44,TCF Bank Stadium,36.0,3.0,,Minnesota Vikings
2015-12-20,2015,15,New England Patriots,33.0,16.0,Tennessee Titans,NE,-14.5,48,Gillette Stadium,39.0,5.0,,New England Patriots
2015-12-20,2015,15,New York Giants,35.0,38.0,Carolina Panthers,CAR,-5.0,46.5,MetLife Stadium,41.0,4.0,,New York Giants
2015-12-20,2015,15,Las Vegas Raiders,20.0,30.0,Green Bay Packers,GB,-4.0,47,Oakland Coliseum,51.0,10.0,,Las Vegas Raiders
2015-12-20,2015,15,Philadelphia Eagles,17.0,40.0,Arizona Cardinals,ARI,-4.0,51.5,Lincoln Financial Field,34.0,3.0,,Philadelphia Eagles
2015-12-20,2015,15,Pittsburgh Steelers,34.0,27.0,Denver Broncos,PIT,-7.5,45.5,Heinz Field,36.0,3.0,,Pittsburgh Steelers
2015-12-20,2015,15,Los Angeles Chargers,30.0,14.0,Miami Dolphins,LAC,-1.0,47,Qualcomm Stadium,60.0,6.0,,Los Angeles Chargers
2015-12-20,2015,15,San Francisco 49ers,14.0,24.0,Cincinnati Bengals,CIN,-6.5,41,Levi's Stadium,52.0,5.0,,San Francisco 49ers
2015-12-20,2015,15,Seattle Seahawks,30.0,13.0,Cleveland Browns,SEA,-14.5,45.5,CenturyLink Field,44.0,8.0,,Seattle Seahawks
2015-12-20,2015,15,Washington Commanders,35.0,25.0,Buffalo Bills,BUF,-2.0,46,FedEx Field,45.0,3.0,,Washington Commanders
2015-12-21,2015,15,New Orleans Saints,27.0,35.0,Detroit Lions,NO,-2.5,52,Louisiana Superdome,72.0,0.0,indoor,New Orleans Saints
2015-12-24,2015,16,Las Vegas Raiders,23.0,20.0,Los Angeles Chargers,LVR,-4.0,45.5,Oakland Coliseum,46.0,8.0,,Las Vegas Raiders
2015-12-26,2015,16,Philadelphia Eagles,24.0,38.0,Washington Commanders,PHI,-3.5,48.5,Lincoln Financial Field,50.0,5.0,,Philadelphia Eagles
2015-12-27,2015,16,Arizona Cardinals,38.0,8.0,Green Bay Packers,ARI,-6.0,50.5,University of Phoenix Stadium,72.0,0.0,indoor,Arizona Cardinals
2015-12-27,2015,16,Atlanta Falcons,20.0,13.0,Carolina Panthers,CAR,-7.0,46,Georgia Dome,72.0,0.0,indoor,Atlanta Falcons
2015-12-27,2015,16,Baltimore Ravens,20.0,17.0,Pittsburgh Steelers,PIT,-11.5,47.5,M&T Bank Stadium,63.0,6.0,,Baltimore Ravens
2015-12-27,2015,16,Buffalo Bills,16.0,6.0,Dallas Cowboys,BUF,-6.5,42,Ralph Wilson Stadium,37.0,5.0,,Buffalo Bills
2015-12-27,2015,16,Detroit Lions,32.0,17.0,San Francisco 49ers,DET,-9.0,42.5,Ford Field,72.0,0.0,indoor,Detroit Lions
2015-12-27,2015,16,Kansas City Chiefs,17.0,13.0,Cleveland Browns,KC,-11.5,42.5,Arrowhead Stadium,34.0,12.0,,Kansas City Chiefs
2015-12-27,2015,16,Miami Dolphins,12.0,18.0,Indianapolis Colts,MIA,-2.5,44,Sun Life Stadium,81.0,13.0,,Miami Dolphins
2015-12-27,2015,16,Minnesota Vikings,49.0,17.0,New York Giants,MIN,-7.0,44.5,TCF Bank Stadium,12.0,5.0,,Minnesota Vikings
2015-12-27,2015,16,New Orleans Saints,38.0,27.0,Jacksonville Jaguars,NO,-2.5,53.5,Louisiana Superdome,72.0,0.0,indoor,New Orleans Saints
2015-12-27,2015,16,New York Jets,26.0,20.0,New England Patriots,NE,-2.5,45.5,MetLife Stadium,56.0,7.0,,New York Jets
2015-12-27,2015,16,Seattle Seahawks,17.0,23.0,Los Angeles Rams,SEA,-11.0,42,CenturyLink Field,37.0,2.0,rain,Seattle Seahawks
2015-12-27,2015,16,Tampa Bay Buccaneers,21.0,26.0,Chicago Bears,TB,-3.0,44,Raymond James Stadium,83.0,11.0,,Tampa Bay Buccaneers
2015-12-27,2015,16,Tennessee Titans,6.0,34.0,Houston Texans,HOU,-3.5,39,Nissan Stadium,72.0,10.0,,Tennessee Titans
2015-12-28,2015,16,Denver Broncos,20.0,17.0,Cincinnati Bengals,DEN,-4.0,39,Sports Authority Field at Mile High,16.0,0.0,,Denver Broncos
2016-01-03,2015,17,Arizona Cardinals,6.0,36.0,Seattle Seahawks,ARI,-6.0,47,University of Phoenix Stadium,72.0,0.0,indoor,Arizona Cardinals
2016-01-03,2015,17,Atlanta Falcons,17.0,20.0,New Orleans Saints,ATL,-6.0,53.5,Georgia Dome,72.0,0.0,indoor,Atlanta Falcons
2016-01-03,2015,17,Buffalo Bills,22.0,17.0,New York Jets,NYJ,-3.0,41,Ralph Wilson Stadium,30.0,10.0,,Buffalo Bills
2016-01-03,2015,17,Carolina Panthers,38.0,10.0,Tampa Bay Buccaneers,CAR,-10.0,45,Bank of America Stadium,48.0,5.0,,Carolina Panthers
2016-01-03,2015,17,Chicago Bears,20.0,24.0,Detroit Lions,DET,-2.5,45,Soldier Field,30.0,10.0,,Chicago Bears
2016-01-03,2015,17,Cincinnati Bengals,24.0,16.0,Baltimore Ravens,CIN,-9.5,41,Paul Brown Stadium,33.0,5.0,,Cincinnati Bengals
2016-01-03,2015,17,Cleveland Browns,12.0,28.0,Pittsburgh Steelers,PIT,-13.0,47,FirstEnergy Stadium,34.0,12.0,,Cleveland Browns
2016-01-03,2015,17,Dallas Cowboys,23.0,34.0,Washington Commanders,DAL,-3.0,41,Cowboys Stadium,54.0,4.0,retractable (open roof),Dallas Cowboys
2016-01-03,2015,17,Denver Broncos,27.0,20.0,Los Angeles Chargers,DEN,-10.0,42,Sports Authority Field at Mile High,44.0,0.0,,Denver Broncos
2016-01-03,2015,17,Green Bay Packers,13.0,20.0,Minnesota Vikings,GB,-3.0,44,Lambeau Field,23.0,5.0,,Green Bay Packers
2016-01-03,2015,17,Houston Texans,30.0,6.0,Jacksonville Jaguars,HOU,-6.0,45,Reliant Stadium,56.0,4.0,retractable (open roof),Houston Texans
2016-01-03,2015,17,Indianapolis Colts,30.0,24.0,Tennessee Titans,IND,-4.0,39,Lucas Oil Stadium,72.0,0.0,indoor,Indianapolis Colts
2016-01-03,2015,17,Kansas City Chiefs,23.0,17.0,Las Vegas Raiders,KC,-6.5,43.5,Arrowhead Stadium,32.0,7.0,,Kansas City Chiefs
2016-01-03,2015,17,Miami Dolphins,20.0,10.0,New England Patriots,NE,-10.0,46.5,Sun Life Stadium,78.0,4.0,,Miami Dolphins
2016-01-03,2015,17,New York Giants,30.0,35.0,Philadelphia Eagles,NYG,-3.5,51,MetLife Stadium,44.0,10.0,,New York Giants
2016-01-03,2015,17,San Francisco 49ers,19.0,16.0,Los Angeles Rams,LAR,-3.0,38.5,Levi's Stadium,57.0,0.0,,San Francisco 49ers
2016-09-08,2016,1,Denver Broncos,21.0,20.0,Carolina Panthers,CAR,-3.0,40.5,Sports Authority Field at Mile High,82.0,2.0,,Denver Broncos
2016-09-11,2016,1,Arizona Cardinals,21.0,23.0,New England Patriots,ARI,-8.5,44,University of Phoenix Stadium,72.0,0.0,indoor,Arizona Cardinals
2016-09-11,2016,1,Atlanta Falcons,24.0,31.0,Tampa Bay Buccaneers,ATL,-2.5,47,Georgia Dome,72.0,0.0,indoor,Atlanta Falcons
2016-09-11,2016,1,Baltimore Ravens,13.0,7.0,Buffalo Bills,BAL,-3.0,44.5,M&T Bank Stadium,82.0,7.0,,Baltimore Ravens
2016-09-11,2016,1,Dallas Cowboys,19.0,20.0,New York Giants,NYG,-1.0,47.5,Cowboys Stadium,72.0,0.0,indoor,Dallas Cowboys
2016-09-11,2016,1,Houston Texans,23.0,14.0,Chicago Bears,HOU,-5.5,42.5,Reliant Stadium,87.0,2.0,retractable (open roof),Houston Texans
2016-09-11,2016,1,Indianapolis Colts,35.0,39.0,Detroit Lions,IND,-2.5,51.5,Lucas Oil Stadium,72.0,0.0,indoor,Indianapolis Colts
2016-09-11,2016,1,Jacksonville Jaguars,23.0,27.0,Green Bay Packers,GB,-3.5,47.5,EverBank Field,91.0,1.0,,Jacksonville Jaguars
2016-09-11,2016,1,Kansas City Chiefs,33.0,27.0,Los Angeles Chargers,KC,-6.5,46,Arrowhead Stadium,73.0,7.0,,Kansas City Chiefs
2016-09-11,2016,1,New Orleans Saints,34.0,35.0,Las Vegas Raiders,NO,-3.0,50.5,Louisiana Superdome,72.0,0.0,indoor,New Orleans Saints
2016-09-11,2016,1,New York Jets,22.0,23.0,Cincinnati Bengals,CIN,-1.0,42,MetLife Stadium,80.0,9.0,,New York Jets
2016-09-11,2016,1,Philadelphia Eagles,29.0,10.0,Cleveland Browns,PHI,-3.5,41,Lincoln Financial Field,83.0,9.0,,Philadelphia Eagles
2016-09-11,2016,1,Seattle Seahawks,12.0,10.0,Miami Dolphins,SEA,-10.5,44,CenturyLink Field,64.0,2.0,,Seattle Seahawks
2016-09-11,2016,1,Tennessee Titans,16.0,25.0,Minnesota Vikings,MIN,-2.5,40,Nissan Stadium,77.0,3.0,,Tennessee Titans
2016-09-12,2016,1,San Francisco 49ers,28.0,0.0,Los Angeles Rams,LAR,-2.5,43.5,Levi's Stadium,66.0,17.0,,San Francisco 49ers
2016-09-12,2016,1,Washington Commanders,16.0,38.0,Pittsburgh Steelers,PIT,-2.5,49,FedEx Field,76.0,3.0,,Washington Commanders
2016-09-15,2016,2,Buffalo Bills,31.0,37.0,New York Jets,PICK,0.0,40.5,New Era Field,54.0,2.0,,Buffalo Bills
2016-09-18,2016,2,Arizona Cardinals,40.0,7.0,Tampa Bay Buccaneers,ARI,-7.0,49.5,University of Phoenix Stadium,72.0,0.0,indoor,Arizona Cardinals
2016-09-18,2016,2,Carolina Panthers,46.0,27.0,San Francisco 49ers,CAR,-12.5,44,Bank of America Stadium,85.0,3.0,,Carolina Panthers
2016-09-18,2016,2,Cleveland Browns,20.0,25.0,Baltimore Ravens,BAL,-4.5,42,FirstEnergy Stadium,75.0,5.0,,Cleveland Browns
2016-09-18,2016,2,Denver Broncos,34.0,20.0,Indianapolis Colts,DEN,-6.0,47,Sports Authority Field at Mile High,86.0,1.0,,Denver Broncos
2016-09-18,2016,2,Detroit Lions,15.0,16.0,Tennessee Titans,DET,-6.0,48,Ford Field,72.0,0.0,indoor,Detroit Lions
2016-09-18,2016,2,Houston Texans,19.0,12.0,Kansas City Chiefs,HOU,-1.0,42,Reliant Stadium,89.0,2.0,retractable (open roof),Houston Texans
2016-09-18,2016,2,Los Angeles Rams,9.0,3.0,Seattle Seahawks,SEA,-5.5,38,Los Angeles Memorial Coliseum,85.0,4.0,,Los Angeles Rams
2016-09-18,2016,2,Minnesota Vikings,17.0,14.0,Green Bay Packers,GB,-2.0,43,U.S. Bank Stadium,72.0,0.0,indoor,Minnesota Vikings
2016-09-18,2016,2,New England Patriots,31.0,24.0,Miami Dolphins,NE,-5.5,42,Gillette Stadium,78.0,6.0,,New England Patriots
2016-09-18,2016,2,New York Giants,16.0,13.0,New Orleans Saints,NYG,-4.0,54.5,MetLife Stadium,79.0,5.0,,New York Giants
2016-09-18,2016,2,Las Vegas Raiders,28.0,35.0,Atlanta Falcons,LVR,-4.0,48,Oakland Coliseum,83.0,3.0,,Las Vegas Raiders
2016-09-18,2016,2,Pittsburgh Steelers,24.0,16.0,Cincinnati Bengals,PIT,-3.0,48,Heinz Field,71.0,3.0,,Pittsburgh Steelers
2016-09-18,2016,2,Los Angeles Chargers,38.0,14.0,Jacksonville Jaguars,LAC,-3.0,47.5,Qualcomm Stadium,78.0,5.0,,Los Angeles Chargers
2016-09-18,2016,2,Washington Commanders,23.0,27.0,Dallas Cowboys,WAS,-3.0,47,FedEx Field,84.0,5.0,,Washington Commanders
2016-09-19,2016,2,Chicago Bears,14.0,29.0,Philadelphia Eagles,CHI,-3.0,43,Soldier Field,80.0,2.0,,Chicago Bears
2016-09-22,2016,3,New England Patriots,27.0,0.0,Houston Texans,NE,-1.0,38.5,Gillette Stadium,68.0,3.0,,New England Patriots
2016-09-25,2016,3,Buffalo Bills,33.0,18.0,Arizona Cardinals,ARI,-5.0,48,New Era Field,62.0,1.0,,Buffalo Bills
2016-09-25,2016,3,Carolina Panthers,10.0,22.0,Minnesota Vikings,CAR,-6.5,42.5,Bank of America Stadium,84.0,2.0,,Carolina Panthers
2016-09-25,2016,3,Cincinnati Bengals,17.0,29.0,Denver Broncos,CIN,-3.5,41.5,Paul Brown Stadium,82.0,0.0,,Cincinnati Bengals
2016-09-25,2016,3,Dallas Cowboys,31.0,17.0,Chicago Bears,DAL,-6.5,45,Cowboys Stadium,72.0,0.0,indoor,Dallas Cowboys
2016-09-25,2016,3,Green Bay Packers,34.0,27.0,Detroit Lions,GB,-6.5,47.5,Lambeau Field,72.0,10.0,,Green Bay Packers
2016-09-25,2016,3,Indianapolis Colts,26.0,22.0,Los Angeles Chargers,IND,-1.5,51.5,Lucas Oil Stadium,72.0,0.0,indoor,Indianapolis Colts
2016-09-25,2016,3,Jacksonville Jaguars,17.0,19.0,Baltimore Ravens,BAL,-2.0,45,EverBank Field,87.0,4.0,,Jacksonville Jaguars
2016-09-25,2016,3,Kansas City Chiefs,24.0,3.0,New York Jets,KC,-3.0,44.5,Arrowhead Stadium,65.0,6.0,,Kansas City Chiefs
2016-09-25,2016,3,Miami Dolphins,30.0,24.0,Cleveland Browns,MIA,-10.0,42.5,Sun Life Stadium,85.0,7.0,,Miami Dolphins
2016-09-25,2016,3,New York Giants,27.0,29.0,Washington Commanders,NYG,-3.5,47,MetLife Stadium,67.0,4.0,,New York Giants
2016-09-25,2016,3,Philadelphia Eagles,34.0,3.0,Pittsburgh Steelers,PIT,-4.0,46.5,Lincoln Financial Field,71.0,1.0,,Philadelphia Eagles
2016-09-25,2016,3,Seattle Seahawks,37.0,18.0,San Francisco 49ers,SEA,-10.5,41.5,CenturyLink Field,69.0,2.0,,Seattle Seahawks
2016-09-25,2016,3,Tampa Bay Buccaneers,32.0,37.0,Los Angeles Rams,TB,-3.5,40.5,Raymond James Stadium,89.0,3.0,,Tampa Bay Buccaneers
2016-09-25,2016,3,Tennessee Titans,10.0,17.0,Las Vegas Raiders,LVR,-1.5,47,Nissan Stadium,89.0,3.0,,Tennessee Titans
2016-09-26,2016,3,New Orleans Saints,32.0,45.0,Atlanta Falcons,NO,-3.0,54.5,Louisiana Superdome,72.0,0.0,indoor,New Orleans Saints
2016-09-29,2016,4,Cincinnati Bengals,22.0,7.0,Miami Dolphins,CIN,-7.5,46.5,Paul Brown Stadium,59.0,0.0,,Cincinnati Bengals
2016-10-02,2016,4,Arizona Cardinals,13.0,17.0,Los Angeles Rams,ARI,-10.0,43.5,University of Phoenix Stadium,72.0,0.0,indoor,Arizona Cardinals
2016-10-02,2016,4,Atlanta Falcons,48.0,33.0,Carolina Panthers,CAR,-3.0,48.5,Georgia Dome,72.0,0.0,indoor,Atlanta Falcons
2016-10-02,2016,4,Baltimore Ravens,27.0,28.0,Las Vegas Raiders,BAL,-3.5,45,M&T Bank Stadium,67.0,0.0,,Baltimore Ravens
2016-10-02,2016,4,Chicago Bears,17.0,14.0,Detroit Lions,DET,-3.0,48,Soldier Field,64.0,2.0,,Chicago Bears
2016-10-02,2016,4,Houston Texans,27.0,20.0,Tennessee Titans,HOU,-3.5,40,Reliant Stadium,82.0,4.0,retractable (open roof),Houston Texans
2016-10-02,2016,4,Jacksonville Jaguars,30.0,27.0,Indianapolis Colts,IND,-1.0,48.5,Wembley Stadium,58.0,6.0,,Jacksonville Jaguars
2016-10-02,2016,4,New England Patriots,0.0,16.0,Buffalo Bills,NE,-3.5,41,Gillette Stadium,56.0,2.0,,New England Patriots
2016-10-02,2016,4,New York Jets,17.0,27.0,Seattle Seahawks,SEA,-1.0,40,MetLife Stadium,61.0,0.0,,New York Jets
2016-10-02,2016,4,Pittsburgh Steelers,43.0,14.0,Kansas City Chiefs,PIT,-3.5,48.5,Heinz Field,60.0,0.0,rain,Pittsburgh Steelers
2016-10-02,2016,4,Los Angeles Chargers,34.0,35.0,New Orleans Saints,LAC,-3.5,54,Qualcomm Stadium,73.0,6.0,,Los Angeles Chargers
2016-10-02,2016,4,San Francisco 49ers,17.0,24.0,Dallas Cowboys,DAL,-1.0,44,Levi's Stadium,68.0,8.0,,San Francisco 49ers
2016-10-02,2016,4,Tampa Bay Buccaneers,7.0,27.0,Denver Broncos,DEN,-3.0,42.5,Raymond James Stadium,89.0,4.0,rain,Tampa Bay Buccaneers
2016-10-02,2016,4,Washington Commanders,31.0,20.0,Cleveland Browns,WAS,-7.5,47.5,FedEx Field,70.0,1.0,,Washington Commanders
2016-10-03,2016,4,Minnesota Vikings,24.0,10.0,New York Giants,MIN,-3.5,42.5,U.S. Bank Stadium,72.0,0.0,indoor,Minnesota Vikings
2016-10-06,2016,5,San Francisco 49ers,21.0,33.0,Arizona Cardinals,ARI,-3.5,42.5,Levi's Stadium,72.0,7.0,,San Francisco 49ers
2016-10-09,2016,5,Baltimore Ravens,10.0,16.0,Washington Commanders,BAL,-4.0,44.5,M&T Bank Stadium,61.0,12.0,,Baltimore Ravens
2016-10-09,2016,5,Cleveland Browns,13.0,33.0,New England Patriots,NE,-10.0,47.5,FirstEnergy Stadium,57.0,9.0,,Cleveland Browns
2016-10-09,2016,5,Dallas Cowboys,28.0,14.0,Cincinnati Bengals,CIN,-2.5,46,Cowboys Stadium,72.0,0.0,indoor,Dallas Cowboys
2016-10-09,2016,5,Denver Broncos,16.0,23.0,Atlanta Falcons,DEN,-3.5,44.5,Sports Authority Field at Mile High,73.0,1.0,,Denver Broncos
2016-10-09,2016,5,Detroit Lions,24.0,23.0,Philadelphia Eagles,PHI,-3.5,46,Ford Field,72.0,0.0,indoor,Detroit Lions
2016-10-09,2016,5,Green Bay Packers,23.0,16.0,New York Giants,GB,-7.0,49,Lambeau Field,48.0,2.0,,Green Bay Packers
2016-10-09,2016,5,Indianapolis Colts,29.0,23.0,Chicago Bears,IND,-4.0,47.5,Lucas Oil Stadium,72.0,0.0,indoor,Indianapolis Colts
2016-10-09,2016,5,Los Angeles Rams,19.0,30.0,Buffalo Bills,BUF,-2.5,41.5,Los Angeles Memorial Coliseum,87.0,5.0,,Los Angeles Rams
2016-10-09,2016,5,Miami Dolphins,17.0,30.0,Tennessee Titans,MIA,-2.5,44.5,Sun Life Stadium,87.0,12.0,,Miami Dolphins
2016-10-09,2016,5,Minnesota Vikings,31.0,13.0,Houston Texans,MIN,-6.0,39,U.S. Bank Stadium,72.0,0.0,indoor,Minnesota Vikings
2016-10-09,2016,5,Las Vegas Raiders,34.0,31.0,Los Angeles Chargers,LVR,-3.5,50.5,Oakland Coliseum,78.0,4.0,,Las Vegas Raiders
2016-10-09,2016,5,Pittsburgh Steelers,31.0,13.0,New York Jets,PIT,-10.0,50,Heinz Field,57.0,6.0,,Pittsburgh Steelers
2016-10-10,2016,5,Carolina Panthers,14.0,17.0,Tampa Bay Buccaneers,CAR,-6.0,46.5,Bank of America Stadium,57.0,2.0,,Carolina Panthers
2016-10-13,2016,6,Los Angeles Chargers,21.0,13.0,Denver Broncos,DEN,-3.0,44,Qualcomm Stadium,69.0,6.0,,Los Angeles Chargers
2016-10-16,2016,6,Buffalo Bills,45.0,16.0,San Francisco 49ers,BUF,-7.5,44,New Era Field,72.0,9.0,,Buffalo Bills
2016-10-16,2016,6,Chicago Bears,16.0,17.0,Jacksonville Jaguars,CHI,-2.5,46,Soldier Field,67.0,3.0,,Chicago Bears
2016-10-16,2016,6,Detroit Lions,31.0,28.0,Los Angeles Rams,DET,-2.5,44,Ford Field,72.0,0.0,indoor,Detroit Lions
2016-10-16,2016,6,Green Bay Packers,16.0,30.0,Dallas Cowboys,GB,-5.0,47,Lambeau Field,67.0,4.0,,Green Bay Packers
2016-10-16,2016,6,Houston Texans,26.0,23.0,Indianapolis Colts,HOU,-3.0,47.5,Reliant Stadium,80.0,6.0,retractable (open roof),Houston Texans
2016-10-16,2016,6,Miami Dolphins,30.0,15.0,Pittsburgh Steelers,PIT,-7.5,49.5,Sun Life Stadium,82.0,11.0,,Miami Dolphins
2016-10-16,2016,6,New England Patriots,35.0,17.0,Cincinnati Bengals,NE,-7.5,48,Gillette Stadium,66.0,7.0,,New England Patriots
2016-10-16,2016,6,New Orleans Saints,41.0,38.0,Carolina Panthers,CAR,-2.5,53.5,Louisiana Superdome,72.0,0.0,indoor,New Orleans Saints
2016-10-16,2016,6,New York Giants,27.0,23.0,Baltimore Ravens,NYG,-3.5,42.5,MetLife Stadium,66.0,6.0,,New York Giants
2016-10-16,2016,6,Las Vegas Raiders,10.0,26.0,Kansas City Chiefs,KC,-1.0,46.5,Oakland Coliseum,61.0,5.0,rain,Las Vegas Raiders
2016-10-16,2016,6,Seattle Seahawks,26.0,24.0,Atlanta Falcons,SEA,-7.0,45.5,CenturyLink Field,54.0,5.0,,Seattle Seahawks
2016-10-16,2016,6,Tennessee Titans,28.0,26.0,Cleveland Browns,TEN,-7.5,44.5,Nissan Stadium,79.0,7.0,,Tennessee Titans
2016-10-16,2016,6,Washington Commanders,27.0,20.0,Philadelphia Eagles,PHI,-3.0,45,FedEx Field,69.0,5.0,,Washington Commanders
2016-10-17,2016,6,Arizona Cardinals,28.0,3.0,New York Jets,ARI,-7.0,45.5,University of Phoenix Stadium,72.0,0.0,indoor,Arizona Cardinals
2016-10-20,2016,7,Green Bay Packers,26.0,10.0,Chicago Bears,GB,-7.5,46.5,Lambeau Field,47.0,3.0,,Green Bay Packers
2016-10-23,2016,7,Arizona Cardinals,6.0,6.0,Seattle Seahawks,ARI,-2.5,43,University of Phoenix Stadium,72.0,0.0,indoor,Arizona Cardinals
2016-10-23,2016,7,Atlanta Falcons,30.0,33.0,Los Angeles Chargers,ATL,-4.5,52.5,Georgia Dome,72.0,0.0,indoor,Atlanta Falcons
2016-10-23,2016,7,Cincinnati Bengals,31.0,17.0,Cleveland Browns,CIN,-11.0,46.5,Paul Brown Stadium,66.0,6.0,,Cincinnati Bengals
2016-10-23,2016,7,Detroit Lions,20.0,17.0,Washington Commanders,WAS,-1.0,50,Ford Field,72.0,0.0,indoor,Detroit Lions
2016-10-23,2016,7,Jacksonville Jaguars,16.0,33.0,Las Vegas Raiders,JAX,-2.0,47.5,EverBank Field,72.0,5.0,,Jacksonville Jaguars
2016-10-23,2016,7,Kansas City Chiefs,27.0,21.0,New Orleans Saints,KC,-7.0,51.5,Arrowhead Stadium,69.0,6.0,,Kansas City Chiefs
2016-10-23,2016,7,Los Angeles Rams,10.0,17.0,New York Giants,NYG,-2.5,44.5,Twickenham Stadium,54.0,10.0,,Los Angeles Rams
2016-10-23,2016,7,Miami Dolphins,28.0,25.0,Buffalo Bills,BUF,-2.5,46,Sun Life Stadium,80.0,10.0,,Miami Dolphins
2016-10-23,2016,7,New York Jets,24.0,16.0,Baltimore Ravens,NYJ,-2.5,40,MetLife Stadium,58.0,11.0,,New York Jets
2016-10-23,2016,7,Philadelphia Eagles,21.0,10.0,Minnesota Vikings,MIN,-3.0,39,Lincoln Financial Field,61.0,10.0,,Philadelphia Eagles
2016-10-23,2016,7,Pittsburgh Steelers,16.0,27.0,New England Patriots,NE,-7.5,49,Heinz Field,63.0,6.0,,Pittsburgh Steelers
2016-10-23,2016,7,San Francisco 49ers,17.0,34.0,Tampa Bay Buccaneers,SF,-1.0,45,Levi's Stadium,69.0,2.0,,San Francisco 49ers
2016-10-23,2016,7,Tennessee Titans,26.0,34.0,Indianapolis Colts,TEN,-4.0,48,Nissan Stadium,71.0,5.0,,Tennessee Titans
2016-10-24,2016,7,Denver Broncos,27.0,9.0,Houston Texans,DEN,-8.5,40,Sports Authority Field at Mile High,66.0,2.0,,Denver Broncos
2016-10-27,2016,8,Tennessee Titans,36.0,22.0,Jacksonville Jaguars,TEN,-3.0,43.5,Nissan Stadium,66.0,4.0,,Tennessee Titans
2016-10-30,2016,8,Atlanta Falcons,33.0,32.0,Green Bay Packers,ATL,-3.0,51,Georgia Dome,72.0,0.0,indoor,Atlanta Falcons
2016-10-30,2016,8,Buffalo Bills,25.0,41.0,New England Patriots,NE,-5.5,48,New Era Field,50.0,2.0,rain,Buffalo Bills
2016-10-30,2016,8,Carolina Panthers,30.0,20.0,Arizona Cardinals,CAR,-2.5,45.5,Bank of America Stadium,80.0,4.0,,Carolina Panthers
2016-10-30,2016,8,Cincinnati Bengals,27.0,27.0,Washington Commanders,CIN,-3.0,49,Wembley Stadium,52.0,3.0,,Cincinnati Bengals
2016-10-30,2016,8,Cleveland Browns,28.0,31.0,New York Jets,NYJ,-2.5,45.5,FirstEnergy Stadium,54.0,9.0,,Cleveland Browns
2016-10-30,2016,8,Dallas Cowboys,29.0,23.0,Philadelphia Eagles,DAL,-5.0,44,Cowboys Stadium,72.0,0.0,indoor,Dallas Cowboys
2016-10-30,2016,8,Denver Broncos,27.0,19.0,Los Angeles Chargers,DEN,-3.5,43,Sports Authority Field at Mile High,75.0,3.0,,Denver Broncos
2016-10-30,2016,8,Houston Texans,20.0,13.0,Detroit Lions,HOU,-1.0,46.5,Reliant Stadium,80.0,3.0,retractable (open roof),Houston Texans
2016-10-30,2016,8,Indianapolis Colts,14.0,30.0,Kansas City Chiefs,KC,-3.0,50.5,Lucas Oil Stadium,72.0,0.0,indoor,Indianapolis Colts
2016-10-30,2016,8,New Orleans Saints,25.0,20.0,Seattle Seahawks,SEA,-1.0,50,Louisiana Superdome,72.0,0.0,indoor,New Orleans Saints
2016-10-30,2016,8,Tampa Bay Buccaneers,24.0,30.0,Las Vegas Raiders,TB,-1.0,48,Raymond James Stadium,84.0,10.0,,Tampa Bay Buccaneers
2016-10-31,2016,8,Chicago Bears,20.0,10.0,Minnesota Vikings,MIN,-4.5,39.5,Soldier Field,57.0,3.0,rain,Chicago Bears
2016-11-03,2016,9,Tampa Bay Buccaneers,28.0,43.0,Atlanta Falcons,ATL,-4.5,49,Raymond James Stadium,75.0,2.0,,Tampa Bay Buccaneers
2016-11-06,2016,9,Baltimore Ravens,21.0,14.0,Pittsburgh Steelers,PIT,-3.5,46,M&T Bank Stadium,63.0,10.0,,Baltimore Ravens
2016-11-06,2016,9,Cleveland Browns,10.0,35.0,Dallas Cowboys,DAL,-7.0,49,FirstEnergy Stadium,56.0,2.0,,Cleveland Browns
2016-11-06,2016,9,Green Bay Packers,26.0,31.0,Indianapolis Colts,GB,-7.5,52,Lambeau Field,67.0,5.0,,Green Bay Packers
2016-11-06,2016,9,Kansas City Chiefs,19.0,14.0,Jacksonville Jaguars,KC,-7.0,42.5,Arrowhead Stadium,60.0,6.0,,Kansas City Chiefs
2016-11-06,2016,9,Los Angeles Rams,10.0,13.0,Carolina Panthers,CAR,-3.0,44.5,Los Angeles Memorial Coliseum,72.0,3.0,,Los Angeles Rams
2016-11-06,2016,9,Miami Dolphins,27.0,23.0,New York Jets,MIA,-3.5,45,Sun Life Stadium,79.0,11.0,,Miami Dolphins
2016-11-06,2016,9,Minnesota Vikings,16.0,22.0,Detroit Lions,MIN,-4.5,42.5,U.S. Bank Stadium,72.0,0.0,indoor,Minnesota Vikings
2016-11-06,2016,9,New York Giants,28.0,23.0,Philadelphia Eagles,NYG,-3.0,42.5,MetLife Stadium,57.0,8.0,,New York Giants
2016-11-06,2016,9,Las Vegas Raiders,30.0,20.0,Denver Broncos,LVR,-1.0,44.5,Oakland Coliseum,67.0,3.0,,Las Vegas Raiders
2016-11-06,2016,9,Los Angeles Chargers,43.0,35.0,Tennessee Titans,LAC,-3.5,47.5,Qualcomm Stadium,74.0,3.0,,Los Angeles Chargers
2016-11-06,2016,9,San Francisco 49ers,23.0,41.0,New Orleans Saints,NO,-5.0,53,Levi's Stadium,68.0,1.0,,San Francisco 49ers
2016-11-07,2016,9,Seattle Seahawks,31.0,25.0,Buffalo Bills,SEA,-5.5,43.5,CenturyLink Field,60.0,0.0,,Seattle Seahawks
2016-11-10,2016,10,Baltimore Ravens,28.0,7.0,Cleveland Browns,BAL,-7.5,44,M&T Bank Stadium,52.0,1.0,,Baltimore Ravens
2016-11-13,2016,10,Arizona Cardinals,23.0,20.0,San Francisco 49ers,ARI,-14.0,47,University of Phoenix Stadium,72.0,0.0,indoor,Arizona Cardinals
2016-11-13,2016,10,Carolina Panthers,17.0,20.0,Kansas City Chiefs,CAR,-3.0,44,Bank of America Stadium,48.0,4.0,,Carolina Panthers
2016-11-13,2016,10,Jacksonville Jaguars,21.0,24.0,Houston Texans,JAX,-3.0,42,EverBank Field,71.0,6.0,,Jacksonville Jaguars
2016-11-13,2016,10,New England Patriots,24.0,31.0,Seattle Seahawks,NE,-7.5,49.5,Gillette Stadium,45.0,2.0,,New England Patriots
2016-11-13,2016,10,New Orleans Saints,23.0,25.0,Denver Broncos,NO,-3.0,50,Louisiana Superdome,72.0,0.0,indoor,New Orleans Saints
2016-11-13,2016,10,New York Jets,6.0,9.0,Los Angeles Rams,LAR,-1.0,38.5,MetLife Stadium,55.0,4.0,,New York Jets
2016-11-13,2016,10,Philadelphia Eagles,24.0,15.0,Atlanta Falcons,PHI,-1.5,49,Lincoln Financial Field,54.0,6.0,,Philadelphia Eagles
2016-11-13,2016,10,Pittsburgh Steelers,30.0,35.0,Dallas Cowboys,PIT,-3.0,51,Heinz Field,54.0,2.0,,Pittsburgh Steelers
2016-11-13,2016,10,Los Angeles Chargers,24.0,31.0,Miami Dolphins,LAC,-4.5,49,Qualcomm Stadium,84.0,3.0,,Los Angeles Chargers
2016-11-13,2016,10,Tampa Bay Buccaneers,36.0,10.0,Chicago Bears,CHI,-2.5,45,Raymond James Stadium,77.0,2.0,,Tampa Bay Buccaneers
2016-11-13,2016,10,Tennessee Titans,47.0,25.0,Green Bay Packers,GB,-3.0,49,Nissan Stadium,55.0,0.0,,Tennessee Titans
2016-11-13,2016,10,Washington Commanders,26.0,20.0,Minnesota Vikings,WAS,-2.5,41.5,FedEx Field,55.0,4.0,,Washington Commanders
2016-11-14,2016,10,New York Giants,21.0,20.0,Cincinnati Bengals,PICK,0.0,49.5,MetLife Stadium,54.0,1.0,,New York Giants
2016-11-17,2016,11,Carolina Panthers,23.0,20.0,New Orleans Saints,CAR,-3.5,53.5,Bank of America Stadium,57.0,2.0,,Carolina Panthers
2016-11-20,2016,11,Cincinnati Bengals,12.0,16.0,Buffalo Bills,CIN,-2.5,48,Paul Brown Stadium,37.0,7.0,,Cincinnati Bengals
2016-11-20,2016,11,Cleveland Browns,9.0,24.0,Pittsburgh Steelers,PIT,-8.5,45.5,FirstEnergy Stadium,35.0,16.0,,Cleveland Browns
2016-11-20,2016,11,Dallas Cowboys,27.0,17.0,Baltimore Ravens,DAL,-7.0,44.5,Cowboys Stadium,53.0,7.0,retractable (open roof),Dallas Cowboys
2016-11-20,2016,11,Detroit Lions,26.0,19.0,Jacksonville Jaguars,DET,-5.5,47,Ford Field,72.0,0.0,indoor,Detroit Lions
2016-11-20,2016,11,Indianapolis Colts,24.0,17.0,Tennessee Titans,IND,-3.0,54,Lucas Oil Stadium,72.0,0.0,indoor,Indianapolis Colts
2016-11-20,2016,11,Kansas City Chiefs,17.0,19.0,Tampa Bay Buccaneers,KC,-7.0,45,Arrowhead Stadium,43.0,8.0,,Kansas City Chiefs
2016-11-20,2016,11,Los Angeles Rams,10.0,14.0,Miami Dolphins,MIA,-1.0,38.5,Los Angeles Memorial Coliseum,63.0,4.0,,Los Angeles Rams
2016-11-20,2016,11,Minnesota Vikings,30.0,24.0,Arizona Cardinals,MIN,-2.0,40,U.S. Bank Stadium,72.0,0.0,indoor,Minnesota Vikings
2016-11-20,2016,11,New York Giants,22.0,16.0,Chicago Bears,NYG,-7.0,41.5,MetLife Stadium,40.0,12.0,,New York Giants
2016-11-20,2016,11,San Francisco 49ers,17.0,30.0,New England Patriots,NE,-11.5,51.5,Levi's Stadium,61.0,1.0,rain,San Francisco 49ers
2016-11-20,2016,11,Seattle Seahawks,26.0,15.0,Philadelphia Eagles,SEA,-6.5,43,CenturyLink Field,51.0,4.0,,Seattle Seahawks
2016-11-20,2016,11,Washington Commanders,42.0,24.0,Green Bay Packers,WAS,-3.0,48.5,FedEx Field,38.0,15.0,,Washington Commanders
2016-11-21,2016,11,Las Vegas Raiders,27.0,20.0,Houston Texans,LVR,-6.5,46,Estadio Azteca,62.0,0.0,,Las Vegas Raiders
2016-11-24,2016,12,Dallas Cowboys,31.0,26.0,Washington Commanders,DAL,-6.0,53.5,Cowboys Stadium,69.0,5.0,retractable (open roof),Dallas Cowboys
2016-11-24,2016,12,Detroit Lions,16.0,13.0,Minnesota Vikings,DET,-1.5,42,Ford Field,72.0,0.0,indoor,Detroit Lions
2016-11-24,2016,12,Indianapolis Colts,7.0,28.0,Pittsburgh Steelers,PIT,-8.5,49.5,Lucas Oil Stadium,72.0,0.0,indoor,Indianapolis Colts
2016-11-27,2016,12,Atlanta Falcons,38.0,19.0,Arizona Cardinals,ATL,-4.0,49,Georgia Dome,72.0,0.0,indoor,Atlanta Falcons
2016-11-27,2016,12,Baltimore Ravens,19.0,14.0,Cincinnati Bengals,BAL,-3.5,42,M&T Bank Stadium,49.0,8.0,,Baltimore Ravens
2016-11-27,2016,12,Buffalo Bills,28.0,21.0,Jacksonville Jaguars,BUF,-8.5,44,New Era Field,38.0,6.0,,Buffalo Bills
2016-11-27,2016,12,Chicago Bears,21.0,27.0,Tennessee Titans,TEN,-6.5,42,Soldier Field,38.0,5.0,fog,Chicago Bears
2016-11-27,2016,12,Cleveland Browns,13.0,27.0,New York Giants,NYG,-6.5,46.5,FirstEnergy Stadium,46.0,10.0,,Cleveland Browns
2016-11-27,2016,12,Denver Broncos,27.0,30.0,Kansas City Chiefs,DEN,-3.5,40,Sports Authority Field at Mile High,44.0,6.0,,Denver Broncos
2016-11-27,2016,12,Houston Texans,13.0,21.0,Los Angeles Chargers,LAC,-2.5,46,Reliant Stadium,67.0,9.0,retractable (open roof),Houston Texans
2016-11-27,2016,12,Miami Dolphins,31.0,24.0,San Francisco 49ers,MIA,-7.0,45,Sun Life Stadium,79.0,10.0,,Miami Dolphins
2016-11-27,2016,12,New Orleans Saints,49.0,21.0,Los Angeles Rams,NO,-8.0,45,Louisiana Superdome,72.0,0.0,indoor,New Orleans Saints
2016-11-27,2016,12,New York Jets,17.0,22.0,New England Patriots,NE,-9.5,48.5,MetLife Stadium,48.0,8.0,,New York Jets
2016-11-27,2016,12,Las Vegas Raiders,35.0,32.0,Carolina Panthers,LVR,-3.5,48.5,Oakland Coliseum,56.0,6.0,,Las Vegas Raiders
2016-11-27,2016,12,Tampa Bay Buccaneers,14.0,5.0,Seattle Seahawks,SEA,-5.5,46,Raymond James Stadium,78.0,7.0,,Tampa Bay Buccaneers
2016-11-28,2016,12,Philadelphia Eagles,13.0,27.0,Green Bay Packers,PHI,-4.0,47.5,Lincoln Financial Field,47.0,4.0,,Philadelphia Eagles
2016-12-01,2016,13,Minnesota Vikings,15.0,17.0,Dallas Cowboys,DAL,-3.0,43.5,U.S. Bank Stadium,72.0,0.0,indoor,Minnesota Vikings
2016-12-04,2016,13,Arizona Cardinals,31.0,23.0,Washington Commanders,ARI,-2.5,48.5,University of Phoenix Stadium,72.0,0.0,indoor,Arizona Cardinals
2016-12-04,2016,13,Atlanta Falcons,28.0,29.0,Kansas City Chiefs,ATL,-5.0,50,Georgia Dome,72.0,0.0,indoor,Atlanta Falcons
2016-12-04,2016,13,Baltimore Ravens,38.0,6.0,Miami Dolphins,BAL,-3.5,41.5,M&T Bank Stadium,45.0,3.0,,Baltimore Ravens
2016-12-04,2016,13,Chicago Bears,26.0,6.0,San Francisco 49ers,SF,-1.0,44,Soldier Field,35.0,5.0,rain,Chicago Bears
2016-12-04,2016,13,Cincinnati Bengals,32.0,14.0,Philadelphia Eagles,CIN,-1.5,42,Paul Brown Stadium,41.0,3.0,,Cincinnati Bengals
2016-12-04,2016,13,Green Bay Packers,21.0,13.0,Houston Texans,GB,-7.0,44.5,Lambeau Field,31.0,4.0,snow,Green Bay Packers
2016-12-04,2016,13,Jacksonville Jaguars,10.0,20.0,Denver Broncos,DEN,-3.5,38.5,EverBank Field,75.0,3.0,,Jacksonville Jaguars
2016-12-04,2016,13,New England Patriots,26.0,10.0,Los Angeles Rams,NE,-13.5,45,Gillette Stadium,37.0,7.0,,New England Patriots
2016-12-04,2016,13,New Orleans Saints,13.0,28.0,Detroit Lions,NO,-6.5,53.5,Louisiana Superdome,72.0,0.0,indoor,New Orleans Saints
2016-12-04,2016,13,Las Vegas Raiders,38.0,24.0,Buffalo Bills,LVR,-3.0,48.5,Oakland Coliseum,55.0,2.0,,Las Vegas Raiders
2016-12-04,2016,13,Pittsburgh Steelers,24.0,14.0,New York Giants,PIT,-6.5,49.5,Heinz Field,40.0,2.0,,Pittsburgh Steelers
2016-12-04,2016,13,Los Angeles Chargers,21.0,28.0,Tampa Bay Buccaneers,LAC,-3.5,49,Qualcomm Stadium,71.0,3.0,,Los Angeles Chargers
2016-12-04,2016,13,Seattle Seahawks,40.0,7.0,Carolina Panthers,SEA,-8.5,44,CenturyLink Field,41.0,1.0,,Seattle Seahawks
2016-12-05,2016,13,New York Jets,10.0,41.0,Indianapolis Colts,NYJ,-1.0,48.5,MetLife Stadium,43.0,2.0,,New York Jets
2016-12-08,2016,14,Kansas City Chiefs,21.0,13.0,Las Vegas Raiders,KC,-3.5,46,Arrowhead Stadium,23.0,4.0,,Kansas City Chiefs
2016-12-11,2016,14,Buffalo Bills,20.0,27.0,Pittsburgh Steelers,PIT,-2.0,45.5,New Era Field,24.0,6.0,snow,Buffalo Bills
2016-12-11,2016,14,Carolina Panthers,28.0,16.0,Los Angeles Chargers,CAR,-1.0,48.5,Bank of America Stadium,42.0,2.0,,Carolina Panthers
2016-12-11,2016,14,Cleveland Browns,10.0,23.0,Cincinnati Bengals,CIN,-5.0,41.5,FirstEnergy Stadium,28.0,13.0,snow,Cleveland Browns
2016-12-11,2016,14,Detroit Lions,20.0,17.0,Chicago Bears,DET,-7.5,42,Ford Field,72.0,0.0,indoor,Detroit Lions
2016-12-11,2016,14,Green Bay Packers,38.0,10.0,Seattle Seahawks,SEA,-3.0,47,Lambeau Field,27.0,2.0,,Green Bay Packers
2016-12-11,2016,14,Indianapolis Colts,17.0,22.0,Houston Texans,IND,-6.5,47.5,Lucas Oil Stadium,72.0,0.0,indoor,Indianapolis Colts
2016-12-11,2016,14,Jacksonville Jaguars,16.0,25.0,Minnesota Vikings,MIN,-3.5,38,EverBank Field,66.0,1.0,,Jacksonville Jaguars
2016-12-11,2016,14,Los Angeles Rams,14.0,42.0,Atlanta Falcons,ATL,-5.0,44,Los Angeles Memorial Coliseum,64.0,2.0,,Los Angeles Rams
2016-12-11,2016,14,Miami Dolphins,26.0,23.0,Arizona Cardinals,ARI,-2.0,44,Sun Life Stadium,75.0,15.0,,Miami Dolphins
2016-12-11,2016,14,New York Giants,10.0,7.0,Dallas Cowboys,DAL,-3.5,47,MetLife Stadium,30.0,2.0,,New York Giants
2016-12-11,2016,14,Philadelphia Eagles,22.0,27.0,Washington Commanders,WAS,-2.5,48.5,Lincoln Financial Field,33.0,2.0,,Philadelphia Eagles
2016-12-11,2016,14,San Francisco 49ers,17.0,23.0,New York Jets,SF,-3.0,43,Levi's Stadium,53.0,3.0,,San Francisco 49ers
2016-12-11,2016,14,Tampa Bay Buccaneers,16.0,11.0,New Orleans Saints,TB,-2.0,52,Raymond James Stadium,75.0,9.0,,Tampa Bay Buccaneers
2016-12-11,2016,14,Tennessee Titans,13.0,10.0,Denver Broncos,TEN,-2.0,44,Nissan Stadium,48.0,11.0,,Tennessee Titans
2016-12-12,2016,14,New England Patriots,30.0,23.0,Baltimore Ravens,NE,-6.0,45,Gillette Stadium,33.0,1.0,,New England Patriots
2016-12-15,2016,15,Seattle Seahawks,24.0,3.0,Los Angeles Rams,SEA,-15.0,39.5,CenturyLink Field,35.0,3.0,,Seattle Seahawks
2016-12-17,2016,15,New York Jets,13.0,34.0,Miami Dolphins,MIA,-2.5,40,MetLife Stadium,34.0,3.0,,New York Jets
2016-12-18,2016,15,Arizona Cardinals,41.0,48.0,New Orleans Saints,ARI,-3.0,48.5,University of Phoenix Stadium,72.0,0.0,indoor,Arizona Cardinals
2016-12-18,2016,15,Atlanta Falcons,41.0,13.0,San Francisco 49ers,ATL,-13.5,51.5,Georgia Dome,72.0,0.0,indoor,Atlanta Falcons
2016-12-18,2016,15,Baltimore Ravens,27.0,26.0,Philadelphia Eagles,BAL,-5.0,41,M&T Bank Stadium,58.0,6.0,rain,Baltimore Ravens
2016-12-18,2016,15,Buffalo Bills,33.0,13.0,Cleveland Browns,BUF,-10.5,43,New Era Field,25.0,12.0,,Buffalo Bills
2016-12-18,2016,15,Chicago Bears,27.0,30.0,Green Bay Packers,GB,-4.5,40,Soldier Field,9.0,7.0,,Chicago Bears
2016-12-18,2016,15,Cincinnati Bengals,20.0,24.0,Pittsburgh Steelers,PIT,-3.0,45.5,Paul Brown Stadium,26.0,7.0,,Cincinnati Bengals
2016-12-18,2016,15,Dallas Cowboys,26.0,20.0,Tampa Bay Buccaneers,DAL,-7.0,47.5,Cowboys Stadium,26.0,7.0,retractable (open roof),Dallas Cowboys
2016-12-18,2016,15,Denver Broncos,3.0,16.0,New England Patriots,NE,-3.0,43,Sports Authority Field at Mile High,27.0,3.0,,Denver Broncos
2016-12-18,2016,15,Houston Texans,21.0,20.0,Jacksonville Jaguars,HOU,-3.5,39.5,Reliant Stadium,37.0,11.0,retractable (open roof),Houston Texans
2016-12-18,2016,15,Kansas City Chiefs,17.0,19.0,Tennessee Titans,KC,-6.0,43,Arrowhead Stadium,2.0,2.0,,Kansas City Chiefs
2016-12-18,2016,15,Minnesota Vikings,6.0,34.0,Indianapolis Colts,MIN,-5.0,44.5,U.S. Bank Stadium,72.0,0.0,indoor,Minnesota Vikings
2016-12-18,2016,15,New York Giants,17.0,6.0,Detroit Lions,NYG,-4.0,42.5,MetLife Stadium,48.0,4.0,,New York Giants
2016-12-18,2016,15,Los Angeles Chargers,16.0,19.0,Las Vegas Raiders,LVR,-2.5,49.5,Qualcomm Stadium,60.0,2.0,,Los Angeles Chargers
2016-12-19,2016,15,Washington Commanders,15.0,26.0,Carolina Panthers,WAS,-7.0,50.5,FedEx Field,30.0,3.0,,Washington Commanders
2016-12-22,2016,16,Philadelphia Eagles,24.0,19.0,New York Giants,PHI,-1.5,42.5,Lincoln Financial Field,41.0,8.0,,Philadelphia Eagles
2016-12-24,2016,16,Buffalo Bills,31.0,34.0,Miami Dolphins,BUF,-4.5,44.5,New Era Field,35.0,7.0,,Buffalo Bills
2016-12-24,2016,16,Carolina Panthers,16.0,33.0,Atlanta Falcons,ATL,-3.0,49,Bank of America Stadium,52.0,4.0,,Carolina Panthers
2016-12-24,2016,16,Chicago Bears,21.0,41.0,Washington Commanders,WAS,-3.0,49,Soldier Field,35.0,1.0,,Chicago Bears
2016-12-24,2016,16,Cleveland Browns,20.0,17.0,Los Angeles Chargers,LAC,-4.5,45,FirstEnergy Stadium,37.0,10.0,,Cleveland Browns
2016-12-24,2016,16,Green Bay Packers,38.0,25.0,Minnesota Vikings,GB,-6.0,44.5,Lambeau Field,35.0,4.0,,Green Bay Packers
2016-12-24,2016,16,Houston Texans,12.0,10.0,Cincinnati Bengals,HOU,-3.0,41.5,Reliant Stadium,72.0,8.0,retractable (open roof),Houston Texans
2016-12-24,2016,16,Jacksonville Jaguars,38.0,17.0,Tennessee Titans,TEN,-4.0,44,EverBank Field,65.0,2.0,,Jacksonville Jaguars
2016-12-24,2016,16,Los Angeles Rams,21.0,22.0,San Francisco 49ers,LAR,-6.0,39.5,Los Angeles Memorial Coliseum,55.0,7.0,,Los Angeles Rams
2016-12-24,2016,16,New England Patriots,41.0,3.0,New York Jets,NE,-17.0,45,Gillette Stadium,40.0,4.0,rain,New England Patriots
2016-12-24,2016,16,New Orleans Saints,31.0,24.0,Tampa Bay Buccaneers,NO,-3.0,53,Louisiana Superdome,72.0,0.0,indoor,New Orleans Saints
2016-12-24,2016,16,Las Vegas Raiders,33.0,25.0,Indianapolis Colts,LVR,-3.5,52,Oakland Coliseum,48.0,5.0,,Las Vegas Raiders
2016-12-24,2016,16,Seattle Seahawks,31.0,34.0,Arizona Cardinals,SEA,-9.0,43.5,CenturyLink Field,39.0,2.0,,Seattle Seahawks
2016-12-25,2016,16,Kansas City Chiefs,33.0,10.0,Denver Broncos,KC,-3.5,38,Arrowhead Stadium,60.0,11.0,rain,Kansas City Chiefs
2016-12-25,2016,16,Pittsburgh Steelers,31.0,27.0,Baltimore Ravens,PIT,-5.5,46.5,Heinz Field,39.0,4.0,,Pittsburgh Steelers
2016-12-26,2016,16,Dallas Cowboys,42.0,21.0,Detroit Lions,DAL,-6.5,46.5,Cowboys Stadium,65.0,0.0,retractable (open roof),Dallas Cowboys
2017-01-01,2016,17,Atlanta Falcons,38.0,32.0,New Orleans Saints,ATL,-7.5,58.5,Georgia Dome,72.0,0.0,indoor,Atlanta Falcons
2017-01-01,2016,17,Cincinnati Bengals,27.0,10.0,Baltimore Ravens,BAL,-2.5,40.5,Paul Brown Stadium,38.0,1.0,fog,Cincinnati Bengals
2017-01-01,2016,17,Denver Broncos,24.0,6.0,Las Vegas Raiders,DEN,-1.0,40,Sports Authority Field at Mile High,48.0,3.0,,Denver Broncos
2017-01-01,2016,17,Detroit Lions,24.0,31.0,Green Bay Packers,GB,-3.5,50,Ford Field,72.0,0.0,indoor,Detroit Lions
2017-01-01,2016,17,Indianapolis Colts,24.0,20.0,Jacksonville Jaguars,IND,-5.5,48.5,Lucas Oil Stadium,72.0,0.0,indoor,Indianapolis Colts
2017-01-01,2016,17,Los Angeles Rams,6.0,44.0,Arizona Cardinals,ARI,-7.0,39,Los Angeles Memorial Coliseum,56.0,1.0,,Los Angeles Rams
2017-01-01,2016,17,Miami Dolphins,14.0,35.0,New England Patriots,NE,-7.5,47,Sun Life Stadium,80.0,10.0,,Miami Dolphins
2017-01-01,2016,17,Minnesota Vikings,38.0,10.0,Chicago Bears,MIN,-6.0,44,U.S. Bank Stadium,72.0,0.0,indoor,Minnesota Vikings
2017-01-01,2016,17,New York Jets,30.0,10.0,Buffalo Bills,BUF,-3.5,43,MetLife Stadium,45.0,8.0,,New York Jets
2017-01-01,2016,17,Philadelphia Eagles,27.0,13.0,Dallas Cowboys,PHI,-6.5,44,Lincoln Financial Field,48.0,6.0,,Philadelphia Eagles
2017-01-01,2016,17,Pittsburgh Steelers,27.0,24.0,Cleveland Browns,PIT,-3.0,41.5,Heinz Field,38.0,1.0,,Pittsburgh Steelers
2017-01-01,2016,17,Los Angeles Chargers,27.0,37.0,Kansas City Chiefs,KC,-5.5,45,Qualcomm Stadium,56.0,4.0,,Los Angeles Chargers
2017-01-01,2016,17,San Francisco 49ers,23.0,25.0,Seattle Seahawks,SEA,-11.5,45,Levi's Stadium,52.0,6.0,,San Francisco 49ers
2017-01-01,2016,17,Tampa Bay Buccaneers,17.0,16.0,Carolina Panthers,TB,-3.0,44.5,Raymond James Stadium,76.0,7.0,,Tampa Bay Buccaneers
2017-01-01,2016,17,Tennessee Titans,24.0,17.0,Houston Texans,TEN,-3.0,41.5,Nissan Stadium,49.0,2.0,,Tennessee Titans
2017-01-01,2016,17,Washington Commanders,10.0,19.0,New York Giants,WAS,-9.0,47.5,FedEx Field,52.0,1.0,,Washington Commanders
2017-09-07,2017,1,New England Patriots,27.0,42.0,Kansas City Chiefs,NE,-9.0,48.5,Gillette Stadium,63.0,7.0,,New England Patriots
2017-09-10,2017,1,Buffalo Bills,21.0,12.0,New York Jets,BUF,-9.5,40,New Era Field,61.0,5.0,,Buffalo Bills
2017-09-10,2017,1,Chicago Bears,17.0,23.0,Atlanta Falcons,ATL,-7.0,49.5,Soldier Field,66.0,9.0,,Chicago Bears
2017-09-10,2017,1,Cincinnati Bengals,0.0,20.0,Baltimore Ravens,CIN,-3.0,42.5,Paul Brown Stadium,71.0,8.0,,Cincinnati Bengals
2017-09-10,2017,1,Cleveland Browns,18.0,21.0,Pittsburgh Steelers,PIT,-9.0,47,FirstEnergy Stadium,67.0,9.0,,Cleveland Browns
2017-09-10,2017,1,Dallas Cowboys,19.0,3.0,New York Giants,DAL,-3.5,47.5,AT&T Stadium,72.0,0.0,indoor,Dallas Cowboys
2017-09-10,2017,1,Detroit Lions,35.0,23.0,Arizona Cardinals,ARI,-2.0,48,Ford Field,72.0,0.0,indoor,Detroit Lions
2017-09-10,2017,1,Green Bay Packers,17.0,9.0,Seattle Seahawks,GB,-3.0,50.5,Lambeau Field,69.0,8.0,,Green Bay Packers
2017-09-10,2017,1,Houston Texans,7.0,29.0,Jacksonville Jaguars,HOU,-5.5,39.5,NRG Stadium,82.0,9.0,retractable (open roof),Houston Texans
2017-09-10,2017,1,Los Angeles Rams,46.0,9.0,Indianapolis Colts,IND,-1.5,41.5,Los Angeles Memorial Coliseum,82.0,6.0,,Los Angeles Rams
2017-09-10,2017,1,San Francisco 49ers,3.0,23.0,Carolina Panthers,CAR,-5.5,48,Levi's Stadium,89.0,4.0,,San Francisco 49ers
2017-09-10,2017,1,Tennessee Titans,16.0,26.0,Las Vegas Raiders,TEN,-2.0,50.5,LP Stadium,72.0,6.0,,Tennessee Titans
2017-09-10,2017,1,Washington Commanders,17.0,30.0,Philadelphia Eagles,PHI,-1.0,47.5,FedEx Field,68.0,7.0,,Washington Commanders
2017-09-11,2017,1,Denver Broncos,24.0,21.0,Los Angeles Chargers,DEN,-3.5,43.5,Sports Authority Field at Mile High,78.0,6.0,rain,Denver Broncos
2017-09-11,2017,1,Minnesota Vikings,29.0,19.0,New Orleans Saints,MIN,-3.5,48,U.S. Bank Stadium,72.0,0.0,indoor,Minnesota Vikings
2017-09-14,2017,2,Cincinnati Bengals,9.0,13.0,Houston Texans,CIN,-6.5,38,Paul Brown Stadium,67.0,0.0,,Cincinnati Bengals
2017-09-17,2017,2,Atlanta Falcons,34.0,23.0,Green Bay Packers,ATL,-2.5,41,Georgia Dome,72.0,0.0,indoor,Atlanta Falcons
2017-09-17,2017,2,Baltimore Ravens,24.0,10.0,Cleveland Browns,BAL,-7.5,40,M&T Bank Stadium,78.0,2.0,,Baltimore Ravens
2017-09-17,2017,2,Carolina Panthers,9.0,3.0,Buffalo Bills,CAR,-7.0,42.5,Bank of America Stadium,81.0,4.0,,Carolina Panthers
2017-09-17,2017,2,Denver Broncos,42.0,17.0,Dallas Cowboys,DAL,-2.0,42,Sports Authority Field at Mile High,75.0,4.0,,Denver Broncos
2017-09-17,2017,2,Indianapolis Colts,13.0,16.0,Arizona Cardinals,ARI,-7.5,44.5,Lucas Oil Stadium,72.0,0.0,indoor,Indianapolis Colts
2017-09-17,2017,2,Jacksonville Jaguars,16.0,37.0,Tennessee Titans,TEN,-1.5,43.5,EverBank Field,86.0,9.0,,Jacksonville Jaguars
2017-09-17,2017,2,Kansas City Chiefs,27.0,20.0,Philadelphia Eagles,KC,-4.5,47.5,Arrowhead Stadium,66.0,6.0,,Kansas City Chiefs
2017-09-17,2017,2,Los Angeles Chargers,17.0,19.0,Miami Dolphins,LAC,-4.5,45,StubHub Center,73.0,7.0,,Los Angeles Chargers
2017-09-17,2017,2,Los Angeles Rams,20.0,27.0,Washington Commanders,LAR,-2.5,46,Los Angeles Memorial Coliseum,74.0,7.0,,Los Angeles Rams
2017-09-17,2017,2,New Orleans Saints,20.0,36.0,New England Patriots,NE,-7.0,55,Mercedes-Benz Superdome,72.0,0.0,indoor,New Orleans Saints
2017-09-17,2017,2,Las Vegas Raiders,45.0,20.0,New York Jets,LVR,-14.0,43.5,Oakland Coliseum,69.0,6.0,,Las Vegas Raiders
2017-09-17,2017,2,Pittsburgh Steelers,26.0,9.0,Minnesota Vikings,PIT,-6.0,45.5,Heinz Field,79.0,1.0,,Pittsburgh Steelers
2017-09-17,2017,2,Seattle Seahawks,12.0,9.0,San Francisco 49ers,SEA,-13.5,42.5,CenturyLink Field,65.0,11.0,,Seattle Seahawks
2017-09-17,2017,2,Tampa Bay Buccaneers,29.0,7.0,Chicago Bears,TB,-7.0,43,Raymond James Stadium,88.0,7.0,,Tampa Bay Buccaneers
2017-09-18,2017,2,New York Giants,10.0,24.0,Detroit Lions,NYG,-3.5,43.5,MetLife Stadium,72.0,7.0,,New York Giants
2017-09-21,2017,3,San Francisco 49ers,39.0,41.0,Los Angeles Rams,LAR,-2.0,40.5,Levi's Stadium,65.0,11.0,,San Francisco 49ers
2017-09-24,2017,3,Buffalo Bills,26.0,16.0,Denver Broncos,DEN,-3.0,40,New Era Field,79.0,3.0,,Buffalo Bills
2017-09-24,2017,3,Carolina Panthers,13.0,34.0,New Orleans Saints,CAR,-5.0,46.5,Bank of America Stadium,83.0,6.0,,Carolina Panthers
2017-09-24,2017,3,Chicago Bears,23.0,17.0,Pittsburgh Steelers,PIT,-7.0,43.5,Soldier Field,82.0,4.0,,Chicago Bears
2017-09-24,2017,3,Detroit Lions,26.0,30.0,Atlanta Falcons,ATL,-3.0,51,Ford Field,72.0,0.0,indoor,Detroit Lions
2017-09-24,2017,3,Green Bay Packers,27.0,24.0,Cincinnati Bengals,GB,-9.0,47.5,Lambeau Field,85.0,9.0,,Green Bay Packers
2017-09-24,2017,3,Indianapolis Colts,31.0,28.0,Cleveland Browns,CLE,-1.0,42,Lucas Oil Stadium,72.0,0.0,indoor,Indianapolis Colts
2017-09-24,2017,3,Jacksonville Jaguars,44.0,7.0,Baltimore Ravens,BAL,-4.0,38,Wembley Stadium,57.0,4.0,,Jacksonville Jaguars
2017-09-24,2017,3,Los Angeles Chargers,10.0,24.0,Kansas City Chiefs,KC,-3.0,47.5,StubHub Center,80.0,5.0,,Los Angeles Chargers
2017-09-24,2017,3,Minnesota Vikings,34.0,17.0,Tampa Bay Buccaneers,TB,-1.5,41,U.S. Bank Stadium,72.0,0.0,indoor,Minnesota Vikings
2017-09-24,2017,3,New England Patriots,36.0,33.0,Houston Texans,NE,-13.0,44.5,Gillette Stadium,76.0,8.0,,New England Patriots
2017-09-24,2017,3,New York Jets,20.0,6.0,Miami Dolphins,MIA,-5.5,43,MetLife Stadium,84.0,7.0,,New York Jets
2017-09-24,2017,3,Philadelphia Eagles,27.0,24.0,New York Giants,PHI,-6.0,43,Lincoln Financial Field,83.0,7.0,,Philadelphia Eagles
2017-09-24,2017,3,Tennessee Titans,33.0,27.0,Seattle Seahawks,TEN,-3.0,42,LP Stadium,89.0,4.0,,Tennessee Titans
2017-09-24,2017,3,Washington Commanders,27.0,10.0,Las Vegas Raiders,LVR,-3.0,53.5,FedEx Field,77.0,4.0,,Washington Commanders
2017-09-25,2017,3,Arizona Cardinals,17.0,28.0,Dallas Cowboys,DAL,-3.0,46.5,University of Phoenix Stadium,72.0,0.0,indoor,Arizona Cardinals
2017-09-28,2017,4,Green Bay Packers,35.0,14.0,Chicago Bears,GB,-7.5,44.5,Lambeau Field,59.0,8.0,,Green Bay Packers
2017-10-01,2017,4,Arizona Cardinals,18.0,15.0,San Francisco 49ers,ARI,-6.5,44.5,University of Phoenix Stadium,72.0,0.0,indoor,Arizona Cardinals
2017-10-01,2017,4,Atlanta Falcons,17.0,23.0,Buffalo Bills,ATL,-8.0,48.5,Georgia Dome,72.0,0.0,indoor,Atlanta Falcons
2017-10-01,2017,4,Baltimore Ravens,9.0,26.0,Pittsburgh Steelers,PIT,-3.0,42,M&T Bank Stadium,69.0,5.0,,Baltimore Ravens
2017-10-01,2017,4,Cleveland Browns,7.0,31.0,Cincinnati Bengals,CIN,-3.0,41.5,FirstEnergy Stadium,67.0,5.0,,Cleveland Browns
2017-10-01,2017,4,Dallas Cowboys,30.0,35.0,Los Angeles Rams,DAL,-6.0,48.5,AT&T Stadium,72.0,0.0,indoor,Dallas Cowboys
2017-10-01,2017,4,Denver Broncos,16.0,10.0,Las Vegas Raiders,DEN,-3.0,46,Sports Authority Field at Mile High,71.0,7.0,,Denver Broncos
2017-10-01,2017,4,Houston Texans,57.0,14.0,Tennessee Titans,TEN,-2.0,43.5,NRG Stadium,72.0,0.0,indoor,Houston Texans
2017-10-01,2017,4,Los Angeles Chargers,24.0,26.0,Philadelphia Eagles,LAC,-1.0,47.5,StubHub Center,84.0,7.0,,Los Angeles Chargers
2017-10-01,2017,4,Miami Dolphins,0.0,20.0,New Orleans Saints,NO,-3.0,50.5,Wembley Stadium,85.0,9.0,,Miami Dolphins
2017-10-01,2017,4,Minnesota Vikings,7.0,14.0,Detroit Lions,MIN,-2.0,42.5,U.S. Bank Stadium,72.0,0.0,indoor,Minnesota Vikings
2017-10-01,2017,4,New England Patriots,30.0,33.0,Carolina Panthers,NE,-9.0,49,Gillette Stadium,67.0,5.0,,New England Patriots
2017-10-01,2017,4,New York Jets,23.0,20.0,Jacksonville Jaguars,JAX,-3.0,38,MetLife Stadium,70.0,3.0,,New York Jets
2017-10-01,2017,4,Seattle Seahawks,46.0,17.0,Indianapolis Colts,SEA,-13.0,41.5,CenturyLink Field,52.0,3.0,,Seattle Seahawks
2017-10-01,2017,4,Tampa Bay Buccaneers,25.0,23.0,New York Giants,TB,-3.0,44.5,Raymond James Stadium,82.0,11.0,rain,Tampa Bay Buccaneers
2017-10-02,2017,4,Kansas City Chiefs,29.0,20.0,Washington Commanders,KC,-7.0,49.5,Arrowhead Stadium,77.0,13.0,,Kansas City Chiefs
2017-10-05,2017,5,Tampa Bay Buccaneers,14.0,19.0,New England Patriots,NE,-5.0,55.5,Raymond James Stadium,76.0,9.0,rain,Tampa Bay Buccaneers
2017-10-08,2017,5,Cincinnati Bengals,20.0,16.0,Buffalo Bills,CIN,-3.0,39,Paul Brown Stadium,66.0,5.0,rain,Cincinnati Bengals
2017-10-08,2017,5,Cleveland Browns,14.0,17.0,New York Jets,NYJ,-1.5,41.5,FirstEnergy Stadium,69.0,6.0,,Cleveland Browns
2017-10-08,2017,5,Dallas Cowboys,31.0,35.0,Green Bay Packers,DAL,-2.0,52.5,AT&T Stadium,72.0,0.0,indoor,Dallas Cowboys
2017-10-08,2017,5,Detroit Lions,24.0,27.0,Carolina Panthers,DET,-2.5,43.5,Ford Field,72.0,0.0,indoor,Detroit Lions
2017-10-08,2017,5,Houston Texans,34.0,42.0,Kansas City Chiefs,KC,-1.0,46.5,NRG Stadium,72.0,0.0,indoor,Houston Texans
2017-10-08,2017,5,Indianapolis Colts,26.0,23.0,San Francisco 49ers,IND,-1.5,44,Lucas Oil Stadium,72.0,0.0,indoor,Indianapolis Colts
2017-10-08,2017,5,Los Angeles Rams,10.0,16.0,Seattle Seahawks,LAR,-1.0,47.5,Los Angeles Memorial Coliseum,75.0,6.0,,Los Angeles Rams
2017-10-08,2017,5,Miami Dolphins,16.0,10.0,Tennessee Titans,TEN,-3.0,43.5,Hard Rock Stadium,89.0,8.0,,Miami Dolphins
2017-10-08,2017,5,New York Giants,22.0,27.0,Los Angeles Chargers,NYG,-3.5,44.5,MetLife Stadium,75.0,10.0,,New York Giants
2017-10-08,2017,5,Las Vegas Raiders,17.0,30.0,Baltimore Ravens,LVR,-2.5,39,Oakland Coliseum,74.0,9.0,,Las Vegas Raiders
2017-10-08,2017,5,Philadelphia Eagles,34.0,7.0,Arizona Cardinals,PHI,-6.5,45,Lincoln Financial Field,75.0,11.0,,Philadelphia Eagles
2017-10-08,2017,5,Pittsburgh Steelers,9.0,30.0,Jacksonville Jaguars,PIT,-8.5,43.5,Heinz Field,70.0,5.0,,Pittsburgh Steelers
2017-10-09,2017,5,Chicago Bears,17.0,20.0,Minnesota Vikings,MIN,-3.0,40,Soldier Field,65.0,8.0,,Chicago Bears
2017-10-12,2017,6,Carolina Panthers,23.0,28.0,Philadelphia Eagles,CAR,-3.0,45.5,Bank of America Stadium,73.0,5.0,,Carolina Panthers
2017-10-15,2017,6,Arizona Cardinals,38.0,33.0,Tampa Bay Buccaneers,TB,-1.5,46,University of Phoenix Stadium,72.0,0.0,indoor,Arizona Cardinals
2017-10-15,2017,6,Atlanta Falcons,17.0,20.0,Miami Dolphins,ATL,-13.5,45.5,Georgia Dome,72.0,0.0,indoor,Atlanta Falcons
2017-10-15,2017,6,Baltimore Ravens,24.0,27.0,Chicago Bears,BAL,-6.5,38.5,M&T Bank Stadium,73.0,10.0,,Baltimore Ravens
2017-10-15,2017,6,Denver Broncos,10.0,23.0,New York Giants,DEN,-12.0,39,Sports Authority Field at Mile High,60.0,4.0,,Denver Broncos
2017-10-15,2017,6,Houston Texans,33.0,17.0,Cleveland Browns,HOU,-9.5,47,NRG Stadium,72.0,0.0,indoor,Houston Texans
2017-10-15,2017,6,Jacksonville Jaguars,17.0,27.0,Los Angeles Rams,JAX,-2.5,42.5,EverBank Field,83.0,8.0,,Jacksonville Jaguars
2017-10-15,2017,6,Kansas City Chiefs,13.0,19.0,Pittsburgh Steelers,KC,-3.5,47,Arrowhead Stadium,59.0,11.0,,Kansas City Chiefs
2017-10-15,2017,6,Minnesota Vikings,23.0,10.0,Green Bay Packers,GB,-3.0,44.5,U.S. Bank Stadium,72.0,0.0,indoor,Minnesota Vikings
2017-10-15,2017,6,New Orleans Saints,52.0,38.0,Detroit Lions,NO,-4.0,49.5,Mercedes-Benz Superdome,72.0,0.0,indoor,New Orleans Saints
2017-10-15,2017,6,New York Jets,17.0,24.0,New England Patriots,NE,-9.0,48.5,MetLife Stadium,73.0,13.0,,New York Jets
2017-10-15,2017,6,Las Vegas Raiders,16.0,17.0,Los Angeles Chargers,LVR,-3.0,48.5,Oakland Coliseum,76.0,9.0,,Las Vegas Raiders
2017-10-15,2017,6,Washington Commanders,26.0,24.0,San Francisco 49ers,WAS,-12.0,46,FedEx Field,71.0,10.0,,Washington Commanders
2017-10-16,2017,6,Tennessee Titans,36.0,22.0,Indianapolis Colts,TEN,-7.0,46,LP Stadium,55.0,6.0,,Tennessee Titans
2017-10-19,2017,7,Las Vegas Raiders,31.0,30.0,Kansas City Chiefs,KC,-3.0,46.5,Oakland Coliseum,61.0,4.0,,Las Vegas Raiders
2017-10-22,2017,7,Buffalo Bills,30.0,27.0,Tampa Bay Buccaneers,BUF,-3.0,45.5,New Era Field,71.0,5.0,,Buffalo Bills
2017-10-22,2017,7,Chicago Bears,17.0,3.0,Carolina Panthers,CAR,-3.0,40,Soldier Field,68.0,11.0,,Chicago Bears
2017-10-22,2017,7,Cleveland Browns,9.0,12.0,Tennessee Titans,TEN,-5.5,42.5,FirstEnergy Stadium,72.0,7.0,,Cleveland Browns
2017-10-22,2017,7,Green Bay Packers,17.0,26.0,New Orleans Saints,NO,-3.5,46,Lambeau Field,54.0,15.0,rain,Green Bay Packers
2017-10-22,2017,7,Indianapolis Colts,0.0,27.0,Jacksonville Jaguars,JAX,-3.0,41.5,Lucas Oil Stadium,72.0,0.0,indoor,Indianapolis Colts
2017-10-22,2017,7,Los Angeles Chargers,21.0,0.0,Denver Broncos,DEN,-1.5,41,StubHub Center,83.0,3.0,,Los Angeles Chargers
2017-10-22,2017,7,Los Angeles Rams,33.0,0.0,Arizona Cardinals,LAR,-3.0,46,Twickenham Stadium,52.0,9.0,,Los Angeles Rams
2017-10-22,2017,7,Miami Dolphins,31.0,28.0,New York Jets,MIA,-3.0,39.5,Hard Rock Stadium,84.0,12.0,,Miami Dolphins
2017-10-22,2017,7,Minnesota Vikings,24.0,16.0,Baltimore Ravens,MIN,-4.0,38,U.S. Bank Stadium,72.0,0.0,indoor,Minnesota Vikings
2017-10-22,2017,7,New England Patriots,23.0,7.0,Atlanta Falcons,NE,-3.0,56.5,Gillette Stadium,55.0,3.0,fog,New England Patriots
2017-10-22,2017,7,New York Giants,7.0,24.0,Seattle Seahawks,SEA,-3.5,39,MetLife Stadium,74.0,7.0,,New York Giants
2017-10-22,2017,7,Pittsburgh Steelers,29.0,14.0,Cincinnati Bengals,PIT,-4.0,40,Heinz Field,74.0,4.0,,Pittsburgh Steelers
2017-10-22,2017,7,San Francisco 49ers,10.0,40.0,Dallas Cowboys,DAL,-6.5,48.5,Levi's Stadium,68.0,7.0,,San Francisco 49ers
2017-10-23,2017,7,Philadelphia Eagles,34.0,24.0,Washington Commanders,PHI,-4.5,49,Lincoln Financial Field,67.0,12.0,,Philadelphia Eagles
2017-10-26,2017,8,Baltimore Ravens,40.0,0.0,Miami Dolphins,BAL,-3.0,37.5,M&T Bank Stadium,48.0,0.0,,Baltimore Ravens
2017-10-29,2017,8,Buffalo Bills,34.0,14.0,Las Vegas Raiders,BUF,-2.5,45.5,New Era Field,43.0,5.0,,Buffalo Bills
2017-10-29,2017,8,Cincinnati Bengals,24.0,23.0,Indianapolis Colts,CIN,-11.0,41.5,Paul Brown Stadium,44.0,6.0,,Cincinnati Bengals
2017-10-29,2017,8,Cleveland Browns,16.0,33.0,Minnesota Vikings,MIN,-9.5,38,Twickenham Stadium,53.0,10.0,,Cleveland Browns
2017-10-29,2017,8,Detroit Lions,15.0,20.0,Pittsburgh Steelers,PIT,-3.0,45.5,Ford Field,72.0,0.0,indoor,Detroit Lions
2017-10-29,2017,8,New England Patriots,21.0,13.0,Los Angeles Chargers,NE,-7.0,48.5,Gillette Stadium,64.0,13.0,,New England Patriots
2017-10-29,2017,8,New Orleans Saints,20.0,12.0,Chicago Bears,NO,-9.0,47.5,Mercedes-Benz Superdome,72.0,0.0,indoor,New Orleans Saints
2017-10-29,2017,8,New York Jets,20.0,25.0,Atlanta Falcons,ATL,-4.5,46,MetLife Stadium,69.0,12.0,rain,New York Jets
2017-10-29,2017,8,Philadelphia Eagles,33.0,10.0,San Francisco 49ers,PHI,-13.0,46,Lincoln Financial Field,64.0,9.0,rain,Philadelphia Eagles
2017-10-29,2017,8,Seattle Seahawks,41.0,38.0,Houston Texans,SEA,-5.5,46,CenturyLink Field,59.0,7.0,,Seattle Seahawks
2017-10-29,2017,8,Tampa Bay Buccaneers,3.0,17.0,Carolina Panthers,TB,-2.0,46,Raymond James Stadium,68.0,18.0,,Tampa Bay Buccaneers
2017-10-29,2017,8,Washington Commanders,19.0,33.0,Dallas Cowboys,DAL,-2.0,50,FedEx Field,49.0,12.0,rain,Washington Commanders
2017-10-30,2017,8,Kansas City Chiefs,29.0,19.0,Denver Broncos,KC,-7.0,43,Arrowhead Stadium,45.0,7.0,,Kansas City Chiefs
2017-11-02,2017,9,New York Jets,34.0,21.0,Buffalo Bills,BUF,-3.0,43,MetLife Stadium,68.0,11.0,,New York Jets
2017-11-05,2017,9,Carolina Panthers,20.0,17.0,Atlanta Falcons,ATL,-3.0,42,Bank of America Stadium,61.0,4.0,,Carolina Panthers
2017-11-05,2017,9,Dallas Cowboys,28.0,17.0,Kansas City Chiefs,DAL,-2.5,53,AT&T Stadium,72.0,0.0,indoor,Dallas Cowboys
2017-11-05,2017,9,Houston Texans,14.0,20.0,Indianapolis Colts,HOU,-6.0,45,NRG Stadium,72.0,0.0,indoor,Houston Texans
2017-11-05,2017,9,Jacksonville Jaguars,23.0,7.0,Cincinnati Bengals,JAX,-6.0,38,EverBank Field,78.0,12.0,,Jacksonville Jaguars
2017-11-05,2017,9,Miami Dolphins,24.0,27.0,Las Vegas Raiders,LVR,-3.0,44.5,Hard Rock Stadium,77.0,2.0,,Miami Dolphins
2017-11-05,2017,9,New Orleans Saints,30.0,10.0,Tampa Bay Buccaneers,NO,-7.0,54,Mercedes-Benz Superdome,72.0,0.0,indoor,New Orleans Saints
2017-11-05,2017,9,New York Giants,17.0,51.0,Los Angeles Rams,LAR,-5.5,42.5,MetLife Stadium,56.0,6.0,,New York Giants
2017-11-05,2017,9,Philadelphia Eagles,51.0,23.0,Denver Broncos,PHI,-7.0,41,Lincoln Financial Field,61.0,5.0,,Philadelphia Eagles
2017-11-05,2017,9,San Francisco 49ers,10.0,20.0,Arizona Cardinals,ARI,-2.0,39,Levi's Stadium,61.0,8.0,,San Francisco 49ers
2017-11-05,2017,9,Seattle Seahawks,14.0,17.0,Washington Commanders,SEA,-8.0,44.5,CenturyLink Field,36.0,11.0,rain,Seattle Seahawks
2017-11-05,2017,9,Tennessee Titans,23.0,20.0,Baltimore Ravens,TEN,-3.0,41,LP Stadium,75.0,10.0,,Tennessee Titans
2017-11-06,2017,9,Green Bay Packers,17.0,30.0,Detroit Lions,DET,-2.5,42.5,Lambeau Field,35.0,3.0,,Green Bay Packers
2017-11-09,2017,10,Arizona Cardinals,16.0,22.0,Seattle Seahawks,SEA,-6.0,40,University of Phoenix Stadium,72.0,0.0,indoor,Arizona Cardinals
2017-11-12,2017,10,Atlanta Falcons,27.0,7.0,Dallas Cowboys,ATL,-3.5,49,Georgia Dome,72.0,0.0,indoor,Atlanta Falcons
2017-11-12,2017,10,Buffalo Bills,10.0,47.0,New Orleans Saints,NO,-2.0,48.5,New Era Field,42.0,2.0,,Buffalo Bills
2017-11-12,2017,10,Chicago Bears,16.0,23.0,Green Bay Packers,CHI,-4.5,37.5,Soldier Field,40.0,6.0,rain,Chicago Bears
2017-11-12,2017,10,Denver Broncos,16.0,41.0,New England Patriots,NE,-7.0,45,Sports Authority Field at Mile High,48.0,5.0,,Denver Broncos
2017-11-12,2017,10,Detroit Lions,38.0,24.0,Cleveland Browns,DET,-10.5,42.5,Ford Field,72.0,0.0,indoor,Detroit Lions
2017-11-12,2017,10,Indianapolis Colts,17.0,20.0,Pittsburgh Steelers,PIT,-10.5,47,Lucas Oil Stadium,72.0,0.0,indoor,Indianapolis Colts
2017-11-12,2017,10,Jacksonville Jaguars,20.0,17.0,Los Angeles Chargers,JAX,-5.0,40.5,EverBank Field,76.0,5.0,,Jacksonville Jaguars
2017-11-12,2017,10,Los Angeles Rams,33.0,7.0,Houston Texans,LAR,-12.0,45,Los Angeles Memorial Coliseum,68.0,0.0,,Los Angeles Rams
2017-11-12,2017,10,San Francisco 49ers,31.0,21.0,New York Giants,NYG,-3.0,41.5,Levi's Stadium,68.0,5.0,,San Francisco 49ers
2017-11-12,2017,10,Tampa Bay Buccaneers,15.0,10.0,New York Jets,TB,-1.0,44.5,Raymond James Stadium,79.0,16.0,,Tampa Bay Buccaneers
2017-11-12,2017,10,Tennessee Titans,24.0,20.0,Cincinnati Bengals,TEN,-4.5,40.5,LP Stadium,53.0,4.0,,Tennessee Titans
2017-11-12,2017,10,Washington Commanders,30.0,38.0,Minnesota Vikings,MIN,-1.0,43,FedEx Field,44.0,4.0,,Washington Commanders
2017-11-13,2017,10,Carolina Panthers,45.0,21.0,Miami Dolphins,CAR,-8.0,38.5,Bank of America Stadium,49.0,6.0,,Carolina Panthers
2017-11-16,2017,11,Pittsburgh Steelers,40.0,17.0,Tennessee Titans,PIT,-7.0,44.5,Heinz Field,37.0,2.0,,Pittsburgh Steelers
2017-11-19,2017,11,Chicago Bears,24.0,27.0,Detroit Lions,DET,-3.0,41,Soldier Field,29.0,15.0,,Chicago Bears
2017-11-19,2017,11,Cleveland Browns,7.0,19.0,Jacksonville Jaguars,JAX,-7.5,37.5,FirstEnergy Stadium,38.0,19.0,rain,Cleveland Browns
2017-11-19,2017,11,Dallas Cowboys,9.0,37.0,Philadelphia Eagles,PHI,-6.0,48,AT&T Stadium,72.0,0.0,indoor,Dallas Cowboys
2017-11-19,2017,11,Denver Broncos,17.0,20.0,Cincinnati Bengals,DEN,-2.5,38,Sports Authority Field at Mile High,53.0,3.0,,Denver Broncos
2017-11-19,2017,11,Green Bay Packers,0.0,23.0,Baltimore Ravens,BAL,-2.0,38,Lambeau Field,27.0,15.0,,Green Bay Packers
2017-11-19,2017,11,Houston Texans,31.0,21.0,Arizona Cardinals,HOU,-2.0,37.5,NRG Stadium,72.0,0.0,indoor,Houston Texans
2017-11-19,2017,11,Los Angeles Chargers,54.0,24.0,Buffalo Bills,LAC,-6.5,41,StubHub Center,71.0,3.0,,Los Angeles Chargers
2017-11-19,2017,11,Miami Dolphins,20.0,30.0,Tampa Bay Buccaneers,TB,-1.0,42,Hard Rock Stadium,77.0,5.0,,Miami Dolphins
2017-11-19,2017,11,Minnesota Vikings,24.0,7.0,Los Angeles Rams,MIN,-2.5,45.5,U.S. Bank Stadium,72.0,0.0,indoor,Minnesota Vikings
2017-11-19,2017,11,New Orleans Saints,34.0,31.0,Washington Commanders,NO,-7.5,52.5,Mercedes-Benz Superdome,72.0,0.0,indoor,New Orleans Saints
2017-11-19,2017,11,New York Giants,12.0,9.0,Kansas City Chiefs,KC,-10.0,45.5,MetLife Stadium,49.0,18.0,,New York Giants
2017-11-19,2017,11,Las Vegas Raiders,8.0,33.0,New England Patriots,NE,-7.0,54.5,Estadio Azteca,69.0,7.0,,Las Vegas Raiders
2017-11-20,2017,11,Seattle Seahawks,31.0,34.0,Atlanta Falcons,SEA,-2.0,45.5,CenturyLink Field,48.0,2.0,,Seattle Seahawks
2017-11-23,2017,12,Dallas Cowboys,6.0,28.0,Los Angeles Chargers,LAC,-1.0,48,AT&T Stadium,72.0,0.0,indoor,Dallas Cowboys
2017-11-23,2017,12,Detroit Lions,23.0,30.0,Minnesota Vikings,MIN,-3.0,44.5,Ford Field,72.0,0.0,indoor,Detroit Lions
2017-11-23,2017,12,Washington Commanders,20.0,10.0,New York Giants,WAS,-7.5,45,FedEx Field,33.0,0.0,,Washington Commanders
2017-11-26,2017,12,Arizona Cardinals,27.0,24.0,Jacksonville Jaguars,JAX,-5.0,38,University of Phoenix Stadium,72.0,0.0,indoor,Arizona Cardinals
2017-11-26,2017,12,Atlanta Falcons,34.0,20.0,Tampa Bay Buccaneers,ATL,-10.0,48.5,Georgia Dome,72.0,0.0,indoor,Atlanta Falcons
2017-11-26,2017,12,Cincinnati Bengals,30.0,16.0,Cleveland Browns,CIN,-8.0,38,Paul Brown Stadium,46.0,3.0,,Cincinnati Bengals
2017-11-26,2017,12,Indianapolis Colts,16.0,20.0,Tennessee Titans,TEN,-3.5,44,Lucas Oil Stadium,72.0,0.0,indoor,Indianapolis Colts
2017-11-26,2017,12,Kansas City Chiefs,10.0,16.0,Buffalo Bills,KC,-10.0,46,Arrowhead Stadium,62.0,9.0,,Kansas City Chiefs
2017-11-26,2017,12,Los Angeles Rams,26.0,20.0,New Orleans Saints,LAR,-2.5,53.5,Los Angeles Memorial Coliseum,72.0,1.0,,Los Angeles Rams
2017-11-26,2017,12,New England Patriots,35.0,17.0,Miami Dolphins,NE,-16.5,47.5,Gillette Stadium,47.0,17.0,,New England Patriots
2017-11-26,2017,12,New York Jets,27.0,35.0,Carolina Panthers,CAR,-5.0,40,MetLife Stadium,47.0,23.0,,New York Jets
2017-11-26,2017,12,Las Vegas Raiders,21.0,14.0,Denver Broncos,LVR,-5.0,43.5,Oakland Coliseum,61.0,13.0,,Las Vegas Raiders
2017-11-26,2017,12,Philadelphia Eagles,31.0,3.0,Chicago Bears,PHI,-13.5,44,Lincoln Financial Field,49.0,17.0,,Philadelphia Eagles
2017-11-26,2017,12,Pittsburgh Steelers,31.0,28.0,Green Bay Packers,PIT,-14.0,41.5,Heinz Field,38.0,7.0,,Pittsburgh Steelers
2017-11-26,2017,12,San Francisco 49ers,13.0,24.0,Seattle Seahawks,SEA,-7.0,43,Levi's Stadium,66.0,12.0,,San Francisco 49ers
2017-11-27,2017,12,Baltimore Ravens,23.0,16.0,Houston Texans,BAL,-7.0,38,M&T Bank Stadium,50.0,1.0,,Baltimore Ravens
2017-11-30,2017,13,Dallas Cowboys,38.0,14.0,Washington Commanders,WAS,-2.0,47,AT&T Stadium,72.0,0.0,indoor,Dallas Cowboys
2017-12-03,2017,13,Arizona Cardinals,16.0,32.0,Los Angeles Rams,LAR,-7.0,44.5,University of Phoenix Stadium,72.0,0.0,indoor,Arizona Cardinals
2017-12-03,2017,13,Atlanta Falcons,9.0,14.0,Minnesota Vikings,ATL,-3.0,47,Georgia Dome,72.0,0.0,indoor,Atlanta Falcons
2017-12-03,2017,13,Baltimore Ravens,44.0,20.0,Detroit Lions,BAL,-3.0,43.5,M&T Bank Stadium,53.0,4.0,,Baltimore Ravens
2017-12-03,2017,13,Buffalo Bills,3.0,23.0,New England Patriots,NE,-9.0,48,New Era Field,48.0,13.0,,Buffalo Bills
2017-12-03,2017,13,Chicago Bears,14.0,15.0,San Francisco 49ers,CHI,-3.0,41,Soldier Field,54.0,6.0,,Chicago Bears
2017-12-03,2017,13,Green Bay Packers,26.0,20.0,Tampa Bay Buccaneers,GB,-2.0,45,Lambeau Field,42.0,8.0,,Green Bay Packers
2017-12-03,2017,13,Jacksonville Jaguars,30.0,10.0,Indianapolis Colts,JAX,-9.5,41,EverBank Field,70.0,7.0,,Jacksonville Jaguars
2017-12-03,2017,13,Los Angeles Chargers,19.0,10.0,Cleveland Browns,LAC,-13.5,43.5,StubHub Center,68.0,7.0,,Los Angeles Chargers
2017-12-03,2017,13,Miami Dolphins,35.0,9.0,Denver Broncos,DEN,-1.5,39.5,Hard Rock Stadium,80.0,11.0,,Miami Dolphins
2017-12-03,2017,13,New Orleans Saints,31.0,21.0,Carolina Panthers,NO,-4.5,48,Mercedes-Benz Superdome,72.0,0.0,indoor,New Orleans Saints
2017-12-03,2017,13,New York Jets,38.0,31.0,Kansas City Chiefs,KC,-3.0,43.5,MetLife Stadium,48.0,0.0,,New York Jets
2017-12-03,2017,13,Las Vegas Raiders,24.0,17.0,New York Giants,LVR,-9.0,41.5,Oakland Coliseum,58.0,11.0,,Las Vegas Raiders
2017-12-03,2017,13,Seattle Seahawks,24.0,10.0,Philadelphia Eagles,PHI,-5.5,47.5,CenturyLink Field,44.0,3.0,,Seattle Seahawks
2017-12-03,2017,13,Tennessee Titans,24.0,13.0,Houston Texans,TEN,-6.5,43,LP Stadium,60.0,4.0,,Tennessee Titans
2017-12-04,2017,13,Cincinnati Bengals,20.0,23.0,Pittsburgh Steelers,PIT,-4.5,43.5,Paul Brown Stadium,61.0,9.0,,Cincinnati Bengals
2017-12-07,2017,14,Atlanta Falcons,20.0,17.0,New Orleans Saints,ATL,-2.5,51.5,Georgia Dome,72.0,0.0,indoor,Atlanta Falcons
2017-12-10,2017,14,Arizona Cardinals,12.0,7.0,Tennessee Titans,TEN,-2.5,42,University of Phoenix Stadium,72.0,0.0,indoor,Arizona Cardinals
2017-12-10,2017,14,Buffalo Bills,13.0,7.0,Indianapolis Colts,BUF,-3.5,36.5,New Era Field,32.0,15.0,snow,Buffalo Bills
2017-12-10,2017,14,Carolina Panthers,31.0,24.0,Minnesota Vikings,MIN,-2.5,40.5,Bank of America Stadium,41.0,5.0,,Carolina Panthers
2017-12-10,2017,14,Cincinnati Bengals,7.0,33.0,Chicago Bears,CIN,-6.0,40.5,Paul Brown Stadium,31.0,11.0,,Cincinnati Bengals
2017-12-10,2017,14,Cleveland Browns,21.0,27.0,Green Bay Packers,GB,-2.5,38.5,FirstEnergy Stadium,29.0,24.0,,Cleveland Browns
2017-12-10,2017,14,Denver Broncos,23.0,0.0,New York Jets,NYJ,-1.0,40.5,Sports Authority Field at Mile High,60.0,3.0,,Denver Broncos
2017-12-10,2017,14,Houston Texans,16.0,26.0,San Francisco 49ers,HOU,-1.0,45.5,NRG Stadium,72.0,0.0,indoor,Houston Texans
2017-12-10,2017,14,Jacksonville Jaguars,30.0,24.0,Seattle Seahawks,JAX,-3.0,40,EverBank Field,46.0,2.0,,Jacksonville Jaguars
2017-12-10,2017,14,Kansas City Chiefs,26.0,15.0,Las Vegas Raiders,KC,-4.5,48.5,Arrowhead Stadium,46.0,13.0,,Kansas City Chiefs
2017-12-10,2017,14,Los Angeles Chargers,30.0,13.0,Washington Commanders,LAC,-6.0,46.5,StubHub Center,81.0,4.0,,Los Angeles Chargers
2017-12-10,2017,14,Los Angeles Rams,35.0,43.0,Philadelphia Eagles,LAR,-1.0,47.5,Los Angeles Memorial Coliseum,83.0,0.0,,Los Angeles Rams
2017-12-10,2017,14,New York Giants,10.0,30.0,Dallas Cowboys,DAL,-4.0,42,MetLife Stadium,39.0,11.0,,New York Giants
2017-12-10,2017,14,Pittsburgh Steelers,39.0,38.0,Baltimore Ravens,PIT,-6.0,43,Heinz Field,33.0,12.0,,Pittsburgh Steelers
2017-12-10,2017,14,Tampa Bay Buccaneers,21.0,24.0,Detroit Lions,PICK,0.0,47.5,Raymond James Stadium,55.0,9.0,,Tampa Bay Buccaneers
2017-12-11,2017,14,Miami Dolphins,27.0,20.0,New England Patriots,NE,-10.5,48,Hard Rock Stadium,55.0,7.0,,Miami Dolphins
2017-12-14,2017,15,Indianapolis Colts,13.0,25.0,Denver Broncos,DEN,-3.0,40.5,Lucas Oil Stadium,72.0,0.0,indoor,Indianapolis Colts
2017-12-16,2017,15,Detroit Lions,20.0,10.0,Chicago Bears,DET,-5.0,43.5,Ford Field,72.0,0.0,indoor,Detroit Lions
2017-12-16,2017,15,Kansas City Chiefs,30.0,13.0,Los Angeles Chargers,LAC,-1.0,47,Arrowhead Stadium,53.0,9.0,,Kansas City Chiefs
2017-12-17,2017,15,Buffalo Bills,24.0,16.0,Miami Dolphins,BUF,-3.5,39.5,New Era Field,22.0,8.0,,Buffalo Bills
2017-12-17,2017,15,Carolina Panthers,31.0,24.0,Green Bay Packers,CAR,-3.0,46.5,Bank of America Stadium,51.0,5.0,,Carolina Panthers
2017-12-17,2017,15,Cleveland Browns,10.0,27.0,Baltimore Ravens,BAL,-6.5,42,FirstEnergy Stadium,36.0,0.0,,Cleveland Browns
2017-12-17,2017,15,Jacksonville Jaguars,45.0,7.0,Houston Texans,JAX,-10.5,39,EverBank Field,72.0,5.0,,Jacksonville Jaguars
2017-12-17,2017,15,Minnesota Vikings,34.0,7.0,Cincinnati Bengals,MIN,-12.5,42.5,U.S. Bank Stadium,72.0,0.0,indoor,Minnesota Vikings
2017-12-17,2017,15,New Orleans Saints,31.0,19.0,New York Jets,NO,-16.5,47,Mercedes-Benz Superdome,72.0,0.0,indoor,New Orleans Saints
2017-12-17,2017,15,New York Giants,29.0,34.0,Philadelphia Eagles,PHI,-7.5,40,MetLife Stadium,35.0,0.0,,New York Giants
2017-12-17,2017,15,Las Vegas Raiders,17.0,20.0,Dallas Cowboys,DAL,-3.0,46,Oakland Coliseum,57.0,4.0,,Las Vegas Raiders
2017-12-17,2017,15,Pittsburgh Steelers,24.0,27.0,New England Patriots,NE,-2.5,52.5,Heinz Field,42.0,4.0,rain,Pittsburgh Steelers
2017-12-17,2017,15,San Francisco 49ers,25.0,23.0,Tennessee Titans,SF,-2.5,44.5,Levi's Stadium,65.0,17.0,,San Francisco 49ers
2017-12-17,2017,15,Seattle Seahawks,7.0,42.0,Los Angeles Rams,LAR,-1.0,47.5,CenturyLink Field,47.0,15.0,,Seattle Seahawks
2017-12-17,2017,15,Washington Commanders,20.0,15.0,Arizona Cardinals,WAS,-4.0,40,FedEx Field,50.0,1.0,,Washington Commanders
2017-12-18,2017,15,Tampa Bay Buccaneers,21.0,24.0,Atlanta Falcons,ATL,-7.0,49.5,Raymond James Stadium,71.0,2.0,,Tampa Bay Buccaneers
2017-12-23,2017,16,Baltimore Ravens,23.0,16.0,Indianapolis Colts,BAL,-13.5,41,M&T Bank Stadium,63.0,14.0,,Baltimore Ravens
2017-12-23,2017,16,Green Bay Packers,0.0,16.0,Minnesota Vikings,MIN,-8.5,41,Lambeau Field,10.0,6.0,,Green Bay Packers
2017-12-24,2017,16,Arizona Cardinals,23.0,0.0,New York Giants,ARI,-3.0,39,University of Phoenix Stadium,72.0,0.0,indoor,Arizona Cardinals
2017-12-24,2017,16,Carolina Panthers,22.0,19.0,Tampa Bay Buccaneers,CAR,-10.0,46.5,Bank of America Stadium,55.0,6.0,,Carolina Panthers
2017-12-24,2017,16,Chicago Bears,20.0,3.0,Cleveland Browns,CHI,-5.5,37,Soldier Field,24.0,8.0,,Chicago Bears
2017-12-24,2017,16,Cincinnati Bengals,26.0,17.0,Detroit Lions,DET,-3.5,43.5,Paul Brown Stadium,35.0,2.0,,Cincinnati Bengals
2017-12-24,2017,16,Dallas Cowboys,12.0,21.0,Seattle Seahawks,DAL,-4.5,47,AT&T Stadium,72.0,0.0,indoor,Dallas Cowboys
2017-12-24,2017,16,Kansas City Chiefs,29.0,13.0,Miami Dolphins,KC,-11.0,43.5,Arrowhead Stadium,23.0,15.0,,Kansas City Chiefs
2017-12-24,2017,16,New England Patriots,37.0,16.0,Buffalo Bills,NE,-11.0,47.5,Gillette Stadium,35.0,7.0,,New England Patriots
2017-12-24,2017,16,New Orleans Saints,23.0,13.0,Atlanta Falcons,NO,-5.5,52,Mercedes-Benz Superdome,72.0,0.0,indoor,New Orleans Saints
2017-12-24,2017,16,New York Jets,7.0,14.0,Los Angeles Chargers,LAC,-7.5,42.5,MetLife Stadium,40.0,6.0,,New York Jets
2017-12-24,2017,16,San Francisco 49ers,44.0,33.0,Jacksonville Jaguars,JAX,-4.0,43,Levi's Stadium,52.0,0.0,,San Francisco 49ers
2017-12-24,2017,16,Tennessee Titans,23.0,27.0,Los Angeles Rams,LAR,-5.5,46,LP Stadium,39.0,11.0,,Tennessee Titans
2017-12-24,2017,16,Washington Commanders,27.0,11.0,Denver Broncos,WAS,-3.0,39.5,FedEx Field,43.0,7.0,,Washington Commanders
2017-12-25,2017,16,Houston Texans,6.0,34.0,Pittsburgh Steelers,PIT,-8.0,45.5,NRG Stadium,72.0,0.0,indoor,Houston Texans
2017-12-25,2017,16,Philadelphia Eagles,19.0,10.0,Las Vegas Raiders,PHI,-10.0,46,Lincoln Financial Field,29.0,15.0,,Philadelphia Eagles
2017-12-31,2017,17,Atlanta Falcons,22.0,10.0,Carolina Panthers,ATL,-5.0,44.5,Georgia Dome,72.0,0.0,indoor,Atlanta Falcons
2017-12-31,2017,17,Baltimore Ravens,27.0,31.0,Cincinnati Bengals,BAL,-8.0,40,M&T Bank Stadium,19.0,12.0,,Baltimore Ravens
2017-12-31,2017,17,Denver Broncos,24.0,27.0,Kansas City Chiefs,DEN,-3.0,37.5,Sports Authority Field at Mile High,17.0,4.0,,Denver Broncos
2017-12-31,2017,17,Detroit Lions,35.0,11.0,Green Bay Packers,DET,-7.5,44.5,Ford Field,72.0,0.0,indoor,Detroit Lions
2017-12-31,2017,17,Indianapolis Colts,22.0,13.0,Houston Texans,IND,-5.5,41.5,Lucas Oil Stadium,72.0,0.0,indoor,Indianapolis Colts
2017-12-31,2017,17,Los Angeles Chargers,30.0,10.0,Las Vegas Raiders,LAC,-7.0,43,StubHub Center,62.0,2.0,,Los Angeles Chargers
2017-12-31,2017,17,Los Angeles Rams,13.0,34.0,San Francisco 49ers,SF,-6.0,44.5,Los Angeles Memorial Coliseum,67.0,3.0,,Los Angeles Rams
2017-12-31,2017,17,Miami Dolphins,16.0,22.0,Buffalo Bills,BUF,-2.5,41.5,Hard Rock Stadium,71.0,9.0,,Miami Dolphins
2017-12-31,2017,17,Minnesota Vikings,23.0,10.0,Chicago Bears,MIN,-13.5,38.5,U.S. Bank Stadium,72.0,0.0,indoor,Minnesota Vikings
2017-12-31,2017,17,New England Patriots,26.0,6.0,New York Jets,NE,-17.0,43.5,Gillette Stadium,13.0,14.0,,New England Patriots
2017-12-31,2017,17,New York Giants,18.0,10.0,Washington Commanders,WAS,-4.5,41,MetLife Stadium,16.0,16.0,,New York Giants
2017-12-31,2017,17,Philadelphia Eagles,0.0,6.0,Dallas Cowboys,DAL,-3.5,41,Lincoln Financial Field,19.0,17.0,,Philadelphia Eagles
2017-12-31,2017,17,Pittsburgh Steelers,28.0,24.0,Cleveland Browns,PIT,-5.0,38.5,Heinz Field,11.0,3.0,,Pittsburgh Steelers
2017-12-31,2017,17,Seattle Seahawks,24.0,26.0,Arizona Cardinals,SEA,-8.0,38,CenturyLink Field,40.0,7.0,,Seattle Seahawks
2017-12-31,2017,17,Tampa Bay Buccaneers,31.0,24.0,New Orleans Saints,NO,-6.0,49,Raymond James Stadium,71.0,3.0,,Tampa Bay Buccaneers
2017-12-31,2017,17,Tennessee Titans,15.0,10.0,Jacksonville Jaguars,TEN,-2.5,40,LP Stadium,23.0,5.0,,Tennessee Titans
2018-09-06,2018,1,Philadelphia Eagles,18.0,12.0,Atlanta Falcons,PHI,-1.0,44.5,Lincoln Financial Field,81.0,8.0,rain,Philadelphia Eagles
2018-09-09,2018,1,Arizona Cardinals,6.0,24.0,Washington Commanders,ARI,-2.0,43.5,University of Phoenix Stadium,72.0,0.0,indoor,Arizona Cardinals
2018-09-09,2018,1,Baltimore Ravens,47.0,3.0,Buffalo Bills,BAL,-7.5,39,M&T Bank Stadium,61.0,12.0,rain,Baltimore Ravens
2018-09-09,2018,1,Carolina Panthers,16.0,8.0,Dallas Cowboys,CAR,-2.5,42.5,Bank of America Stadium,81.0,9.0,rain,Carolina Panthers
2018-09-09,2018,1,Cleveland Browns,21.0,21.0,Pittsburgh Steelers,PIT,-3.5,41,FirstEnergy Stadium,58.0,11.0,rain,Cleveland Browns
2018-09-09,2018,1,Denver Broncos,27.0,24.0,Seattle Seahawks,DEN,-3.0,42.5,Sports Authority Field at Mile High,84.0,5.0,,Denver Broncos
2018-09-09,2018,1,Green Bay Packers,24.0,23.0,Chicago Bears,GB,-6.5,45,Lambeau Field,62.0,10.0,,Green Bay Packers
2018-09-09,2018,1,Indianapolis Colts,23.0,34.0,Cincinnati Bengals,CIN,-1.0,47.5,Lucas Oil Stadium,72.0,0.0,indoor,Indianapolis Colts
2018-09-09,2018,1,Los Angeles Chargers,28.0,38.0,Kansas City Chiefs,LAC,-3.5,48,StubHub Center,84.0,8.0,,Los Angeles Chargers
2018-09-09,2018,1,Miami Dolphins,27.0,20.0,Tennessee Titans,TEN,-1.0,43.5,Hard Rock Stadium,89.0,7.0,rain,Miami Dolphins
2018-09-09,2018,1,Minnesota Vikings,24.0,16.0,San Francisco 49ers,MIN,-6.0,46.5,U.S. Bank Stadium,72.0,0.0,indoor,Minnesota Vikings
2018-09-09,2018,1,New England Patriots,27.0,20.0,Houston Texans,NE,-6.0,49.5,Gillette Stadium,62.0,10.0,,New England Patriots
2018-09-09,2018,1,New Orleans Saints,40.0,48.0,Tampa Bay Buccaneers,NO,-10.0,50,Mercedes-Benz Superdome,72.0,0.0,indoor,New Orleans Saints
2018-09-09,2018,1,New York Giants,15.0,20.0,Jacksonville Jaguars,JAX,-2.5,43,MetLife Stadium,59.0,7.0,rain,New York Giants
2018-09-10,2018,1,Detroit Lions,17.0,48.0,New York Jets,DET,-7.0,44,Ford Field,72.0,0.0,indoor,Detroit Lions
2018-09-10,2018,1,Las Vegas Raiders,13.0,33.0,Los Angeles Rams,LAR,-6.5,47.5,Oakland Coliseum,69.0,10.0,,Las Vegas Raiders
2018-09-13,2018,2,Cincinnati Bengals,34.0,23.0,Baltimore Ravens,CIN,-1.0,43,Paul Brown Stadium,82.0,3.0,,Cincinnati Bengals
2018-09-16,2018,2,Atlanta Falcons,31.0,24.0,Carolina Panthers,ATL,-5.5,44,Mercedes-Benz Stadium,72.0,0.0,indoor,Atlanta Falcons
2018-09-16,2018,2,Buffalo Bills,20.0,31.0,Los Angeles Chargers,LAC,-7.5,41.5,New Era Field,83.0,6.0,,Buffalo Bills
2018-09-16,2018,2,Dallas Cowboys,20.0,13.0,New York Giants,DAL,-3.0,42,AT&T Stadium,72.0,0.0,indoor,Dallas Cowboys
2018-09-16,2018,2,Denver Broncos,20.0,19.0,Las Vegas Raiders,DEN,-5.5,44,Sports Authority Field at Mile High,92.0,4.0,,Denver Broncos
2018-09-16,2018,2,Green Bay Packers,29.0,29.0,Minnesota Vikings,MIN,-2.0,45,Lambeau Field,80.0,5.0,,Green Bay Packers
2018-09-16,2018,2,Jacksonville Jaguars,31.0,20.0,New England Patriots,NE,-2.0,44.5,EverBank Field,97.0,15.0,rain,Jacksonville Jaguars
2018-09-16,2018,2,Los Angeles Rams,34.0,0.0,Arizona Cardinals,LAR,-13.5,43.5,Los Angeles Memorial Coliseum,86.0,2.0,,Los Angeles Rams
2018-09-16,2018,2,New Orleans Saints,21.0,18.0,Cleveland Browns,NO,-10.0,51,Mercedes-Benz Superdome,72.0,0.0,indoor,New Orleans Saints
2018-09-16,2018,2,New York Jets,12.0,20.0,Miami Dolphins,NYJ,-3.0,43,MetLife Stadium,80.0,4.0,,New York Jets
2018-09-16,2018,2,Pittsburgh Steelers,37.0,42.0,Kansas City Chiefs,PIT,-4.5,52,Heinz Field,80.0,10.0,,Pittsburgh Steelers
2018-09-16,2018,2,San Francisco 49ers,30.0,27.0,Detroit Lions,SF,-6.0,48.5,Levi's Stadium,73.0,12.0,,San Francisco 49ers
2018-09-16,2018,2,Tampa Bay Buccaneers,27.0,21.0,Philadelphia Eagles,PHI,-3.0,46.5,Raymond James Stadium,91.0,9.0,,Tampa Bay Buccaneers
2018-09-16,2018,2,Tennessee Titans,20.0,17.0,Houston Texans,HOU,-3.5,41,Nissan Stadium,81.0,12.0,,Tennessee Titans
2018-09-16,2018,2,Washington Commanders,9.0,21.0,Indianapolis Colts,WAS,-6.0,48,FedEx Field,71.0,5.0,,Washington Commanders
2018-09-17,2018,2,Chicago Bears,24.0,17.0,Seattle Seahawks,CHI,-4.5,42.5,Soldier Field,79.0,2.0,,Chicago Bears
2018-09-20,2018,3,Cleveland Browns,21.0,17.0,New York Jets,CLE,-3.0,41,FirstEnergy Stadium,83.0,11.0,,Cleveland Browns
2018-09-23,2018,3,Arizona Cardinals,14.0,16.0,Chicago Bears,CHI,-5.5,39,University of Phoenix Stadium,72.0,0.0,indoor,Arizona Cardinals
2018-09-23,2018,3,Atlanta Falcons,37.0,43.0,New Orleans Saints,ATL,-1.5,54,Mercedes-Benz Stadium,72.0,0.0,indoor,Atlanta Falcons
2018-09-23,2018,3,Baltimore Ravens,27.0,14.0,Denver Broncos,BAL,-5.5,46,M&T Bank Stadium,61.0,5.0,rain,Baltimore Ravens
2018-09-23,2018,3,Carolina Panthers,31.0,21.0,Cincinnati Bengals,CAR,-2.5,44,Bank of America Stadium,80.0,3.0,,Carolina Panthers
2018-09-23,2018,3,Detroit Lions,26.0,10.0,New England Patriots,NE,-7.0,55,Ford Field,72.0,0.0,indoor,Detroit Lions
2018-09-23,2018,3,Houston Texans,22.0,27.0,New York Giants,HOU,-6.5,44,NRG Stadium,72.0,0.0,indoor,Houston Texans
2018-09-23,2018,3,Jacksonville Jaguars,6.0,9.0,Tennessee Titans,JAX,-10.0,39,TIAA Bank Field,89.0,10.0,,Jacksonville Jaguars
2018-09-23,2018,3,Kansas City Chiefs,38.0,27.0,San Francisco 49ers,KC,-5.5,53,Arrowhead Stadium,70.0,4.0,,Kansas City Chiefs
2018-09-23,2018,3,Los Angeles Rams,35.0,23.0,Los Angeles Chargers,LAR,-7.5,49,Los Angeles Memorial Coliseum,80.0,5.0,,Los Angeles Rams
2018-09-23,2018,3,Miami Dolphins,28.0,20.0,Las Vegas Raiders,MIA,-3.0,46,Hard Rock Stadium,90.0,7.0,,Miami Dolphins
2018-09-23,2018,3,Minnesota Vikings,6.0,27.0,Buffalo Bills,MIN,-16.5,41,U.S. Bank Stadium,72.0,0.0,indoor,Minnesota Vikings
2018-09-23,2018,3,Philadelphia Eagles,20.0,16.0,Indianapolis Colts,PHI,-6.5,45.5,Lincoln Financial Field,61.0,5.0,rain,Philadelphia Eagles
2018-09-23,2018,3,Seattle Seahawks,24.0,13.0,Dallas Cowboys,SEA,-1.0,40,CenturyLink Field,61.0,4.0,,Seattle Seahawks
2018-09-23,2018,3,Washington Commanders,31.0,17.0,Green Bay Packers,GB,-2.5,45.5,FedEx Field,62.0,6.0,rain,Washington Commanders
2018-09-24,2018,3,Tampa Bay Buccaneers,27.0,30.0,Pittsburgh Steelers,PIT,-1.0,55,Raymond James Stadium,77.0,5.0,,Tampa Bay Buccaneers
2018-09-27,2018,4,Los Angeles Rams,38.0,31.0,Minnesota Vikings,LAR,-7.5,48.5,Los Angeles Memorial Coliseum,75.0,3.0,,Los Angeles Rams
2018-09-30,2018,4,Arizona Cardinals,17.0,20.0,Seattle Seahawks,SEA,-3.5,40,University of Phoenix Stadium,72.0,0.0,indoor,Arizona Cardinals
2018-09-30,2018,4,Atlanta Falcons,36.0,37.0,Cincinnati Bengals,ATL,-3.5,52.5,Mercedes-Benz Stadium,72.0,0.0,indoor,Atlanta Falcons
2018-09-30,2018,4,Chicago Bears,48.0,10.0,Tampa Bay Buccaneers,CHI,-3.0,46,Soldier Field,66.0,5.0,,Chicago Bears
2018-09-30,2018,4,Dallas Cowboys,26.0,24.0,Detroit Lions,DAL,-2.5,43.5,AT&T Stadium,72.0,0.0,indoor,Dallas Cowboys
2018-09-30,2018,4,Green Bay Packers,22.0,0.0,Buffalo Bills,GB,-8.5,43.5,Lambeau Field,49.0,9.0,,Green Bay Packers
2018-09-30,2018,4,Indianapolis Colts,34.0,37.0,Houston Texans,IND,-1.0,48,Lucas Oil Stadium,72.0,0.0,indoor,Indianapolis Colts
2018-09-30,2018,4,Jacksonville Jaguars,31.0,12.0,New York Jets,JAX,-7.5,40.5,TIAA Bank Field,86.0,10.0,,Jacksonville Jaguars
2018-09-30,2018,4,Los Angeles Chargers,29.0,27.0,San Francisco 49ers,LAC,-10.5,46,StubHub Center,78.0,9.0,,Los Angeles Chargers
2018-09-30,2018,4,New England Patriots,38.0,7.0,Miami Dolphins,NE,-6.5,50.5,Gillette Stadium,65.0,6.0,,New England Patriots
2018-09-30,2018,4,New York Giants,18.0,33.0,New Orleans Saints,NO,-3.5,51.5,MetLife Stadium,71.0,7.0,,New York Giants
2018-09-30,2018,4,Las Vegas Raiders,45.0,42.0,Cleveland Browns,LVR,-2.5,44.5,Oakland Coliseum,71.0,8.0,,Las Vegas Raiders
2018-09-30,2018,4,Pittsburgh Steelers,14.0,26.0,Baltimore Ravens,PIT,-3.0,51,Heinz Field,69.0,2.0,,Pittsburgh Steelers
2018-09-30,2018,4,Tennessee Titans,26.0,23.0,Philadelphia Eagles,PHI,-3.0,41.5,Nissan Stadium,80.0,4.0,,Tennessee Titans
2018-10-01,2018,4,Denver Broncos,23.0,27.0,Kansas City Chiefs,KC,-3.5,53.5,Sports Authority Field at Mile High,65.0,5.0,,Denver Broncos
2018-10-04,2018,5,New England Patriots,38.0,24.0,Indianapolis Colts,NE,-10.5,49.5,Gillette Stadium,66.0,6.0,,New England Patriots
2018-10-07,2018,5,Buffalo Bills,13.0,12.0,Tennessee Titans,TEN,-6.0,38.5,New Era Field,62.0,8.0,,Buffalo Bills
2018-10-07,2018,5,Carolina Panthers,33.0,31.0,New York Giants,CAR,-7.0,43.5,Bank of America Stadium,80.0,3.0,,Carolina Panthers
2018-10-07,2018,5,Cincinnati Bengals,27.0,17.0,Miami Dolphins,CIN,-6.5,47.5,Paul Brown Stadium,87.0,4.0,,Cincinnati Bengals
2018-10-07,2018,5,Cleveland Browns,12.0,9.0,Baltimore Ravens,BAL,-3.0,44.5,FirstEnergy Stadium,72.0,5.0,,Cleveland Browns
2018-10-07,2018,5,Detroit Lions,31.0,23.0,Green Bay Packers,GB,-1.0,50,Ford Field,72.0,0.0,indoor,Detroit Lions
2018-10-07,2018,5,Houston Texans,19.0,16.0,Dallas Cowboys,HOU,-3.5,45.5,NRG Stadium,72.0,0.0,indoor,Houston Texans
2018-10-07,2018,5,Kansas City Chiefs,30.0,14.0,Jacksonville Jaguars,KC,-3.0,48,Arrowhead Stadium,58.0,5.0,rain,Kansas City Chiefs
2018-10-07,2018,5,Los Angeles Chargers,26.0,10.0,Las Vegas Raiders,LAC,-5.0,52,StubHub Center,75.0,10.0,,Los Angeles Chargers
2018-10-07,2018,5,New York Jets,34.0,16.0,Denver Broncos,NYJ,-1.0,43,MetLife Stadium,77.0,7.0,,New York Jets
2018-10-07,2018,5,Philadelphia Eagles,21.0,23.0,Minnesota Vikings,PHI,-3.5,48,Lincoln Financial Field,79.0,6.0,,Philadelphia Eagles
2018-10-07,2018,5,Pittsburgh Steelers,41.0,17.0,Atlanta Falcons,PIT,-3.5,57,Heinz Field,83.0,5.0,,Pittsburgh Steelers
2018-10-07,2018,5,San Francisco 49ers,18.0,28.0,Arizona Cardinals,SF,-3.0,40.5,Levi's Stadium,79.0,15.0,,San Francisco 49ers
2018-10-07,2018,5,Seattle Seahawks,31.0,33.0,Los Angeles Rams,LAR,-7.5,50.5,CenturyLink Field,53.0,5.0,,Seattle Seahawks
2018-10-08,2018,5,New Orleans Saints,43.0,19.0,Washington Commanders,NO,-5.5,51.5,Mercedes-Benz Superdome,72.0,0.0,indoor,New Orleans Saints
2018-10-11,2018,6,New York Giants,13.0,34.0,Philadelphia Eagles,PHI,-1.5,45,MetLife Stadium,70.0,3.0,rain,New York Giants
2018-10-14,2018,6,Atlanta Falcons,34.0,29.0,Tampa Bay Buccaneers,ATL,-3.0,57,Mercedes-Benz Stadium,72.0,0.0,indoor,Atlanta Falcons
2018-10-14,2018,6,Cincinnati Bengals,21.0,28.0,Pittsburgh Steelers,CIN,-1.5,49.5,Paul Brown Stadium,51.0,6.0,,Cincinnati Bengals
2018-10-14,2018,6,Cleveland Browns,14.0,38.0,Los Angeles Chargers,CLE,-1.0,47,FirstEnergy Stadium,57.0,12.0,,Cleveland Browns
2018-10-14,2018,6,Dallas Cowboys,40.0,7.0,Jacksonville Jaguars,JAX,-3.0,39,AT&T Stadium,72.0,0.0,indoor,Dallas Cowboys
2018-10-14,2018,6,Denver Broncos,20.0,23.0,Los Angeles Rams,LAR,-7.0,50,Sports Authority Field at Mile High,25.0,6.0,,Denver Broncos
2018-10-14,2018,6,Houston Texans,20.0,13.0,Buffalo Bills,HOU,-10.5,40.5,NRG Stadium,72.0,0.0,indoor,Houston Texans
2018-10-14,2018,6,Miami Dolphins,31.0,28.0,Chicago Bears,CHI,-7.5,40.5,Hard Rock Stadium,89.0,8.0,,Miami Dolphins
2018-10-14,2018,6,Minnesota Vikings,27.0,17.0,Arizona Cardinals,MIN,-10.0,43.5,U.S. Bank Stadium,72.0,0.0,indoor,Minnesota Vikings
2018-10-14,2018,6,New England Patriots,43.0,40.0,Kansas City Chiefs,NE,-3.5,59.5,Gillette Stadium,45.0,0.0,,New England Patriots
2018-10-14,2018,6,New York Jets,42.0,34.0,Indianapolis Colts,NYJ,-2.5,47.5,MetLife Stadium,60.0,7.0,,New York Jets
2018-10-14,2018,6,Las Vegas Raiders,3.0,27.0,Seattle Seahawks,SEA,-3.0,48,Tottenham Hotspur Stadium,50.0,12.0,rain,Las Vegas Raiders
2018-10-14,2018,6,Tennessee Titans,0.0,21.0,Baltimore Ravens,BAL,-2.5,43.5,Nissan Stadium,66.0,4.0,,Tennessee Titans
2018-10-14,2018,6,Washington Commanders,23.0,17.0,Carolina Panthers,CAR,-1.0,44.5,FedEx Field,52.0,0.0,,Washington Commanders
2018-10-15,2018,6,Green Bay Packers,33.0,30.0,San Francisco 49ers,GB,-9.0,46.5,Lambeau Field,37.0,5.0,,Green Bay Packers
2018-10-18,2018,7,Arizona Cardinals,10.0,45.0,Denver Broncos,DEN,-1.0,42.5,University of Phoenix Stadium,72.0,0.0,indoor,Arizona Cardinals
2018-10-21,2018,7,Baltimore Ravens,23.0,24.0,New Orleans Saints,BAL,-2.5,49,M&T Bank Stadium,54.0,15.0,,Baltimore Ravens
2018-10-21,2018,7,Chicago Bears,31.0,38.0,New England Patriots,NE,-1.0,48.5,Soldier Field,44.0,9.0,,Chicago Bears
2018-10-21,2018,7,Indianapolis Colts,37.0,5.0,Buffalo Bills,IND,-7.0,43.5,Lucas Oil Stadium,72.0,0.0,indoor,Indianapolis Colts
2018-10-21,2018,7,Jacksonville Jaguars,7.0,20.0,Houston Texans,JAX,-3.5,42.5,TIAA Bank Field,68.0,15.0,,Jacksonville Jaguars
2018-10-21,2018,7,Kansas City Chiefs,45.0,10.0,Cincinnati Bengals,KC,-6.5,56,Arrowhead Stadium,59.0,10.0,,Kansas City Chiefs
2018-10-21,2018,7,Los Angeles Chargers,20.0,19.0,Tennessee Titans,LAC,-6.5,46,Wembley Stadium,66.0,6.0,,Los Angeles Chargers
2018-10-21,2018,7,Miami Dolphins,21.0,32.0,Detroit Lions,DET,-3.0,47,Hard Rock Stadium,89.0,8.0,,Miami Dolphins
2018-10-21,2018,7,New York Jets,17.0,37.0,Minnesota Vikings,MIN,-3.5,45,MetLife Stadium,46.0,16.0,,New York Jets
2018-10-21,2018,7,Philadelphia Eagles,17.0,21.0,Carolina Panthers,PHI,-5.0,45,Lincoln Financial Field,49.0,19.0,,Philadelphia Eagles
2018-10-21,2018,7,San Francisco 49ers,10.0,39.0,Los Angeles Rams,LAR,-8.0,52,Levi's Stadium,62.0,5.0,,San Francisco 49ers
2018-10-21,2018,7,Tampa Bay Buccaneers,26.0,23.0,Cleveland Browns,TB,-3.5,52.5,Raymond James Stadium,79.0,7.0,,Tampa Bay Buccaneers
2018-10-21,2018,7,Washington Commanders,20.0,17.0,Dallas Cowboys,DAL,-1.0,40.5,FedEx Field,52.0,12.0,,Washington Commanders
2018-10-22,2018,7,Atlanta Falcons,23.0,20.0,New York Giants,ATL,-4.0,53,Mercedes-Benz Stadium,72.0,0.0,indoor,Atlanta Falcons
2018-10-25,2018,8,Houston Texans,42.0,23.0,Miami Dolphins,HOU,-7.5,45,NRG Stadium,72.0,0.0,indoor,Houston Texans
2018-10-28,2018,8,Arizona Cardinals,18.0,15.0,San Francisco 49ers,ARI,-2.5,40,University of Phoenix Stadium,72.0,0.0,indoor,Arizona Cardinals
2018-10-28,2018,8,Carolina Panthers,36.0,21.0,Baltimore Ravens,BAL,-2.5,44,Bank of America Stadium,61.0,10.0,,Carolina Panthers
2018-10-28,2018,8,Chicago Bears,24.0,10.0,New York Jets,CHI,-8.5,42.5,Soldier Field,48.0,18.0,,Chicago Bears
2018-10-28,2018,8,Cincinnati Bengals,37.0,34.0,Tampa Bay Buccaneers,CIN,-3.5,55,Paul Brown Stadium,55.0,7.0,,Cincinnati Bengals
2018-10-28,2018,8,Detroit Lions,14.0,28.0,Seattle Seahawks,DET,-3.0,48,Ford Field,72.0,0.0,indoor,Detroit Lions
2018-10-28,2018,8,Jacksonville Jaguars,18.0,24.0,Philadelphia Eagles,PHI,-3.5,44,Wembley Stadium,48.0,12.0,,Jacksonville Jaguars
2018-10-28,2018,8,Kansas City Chiefs,30.0,23.0,Denver Broncos,KC,-8.5,53,Arrowhead Stadium,56.0,12.0,,Kansas City Chiefs
2018-10-28,2018,8,Los Angeles Rams,29.0,27.0,Green Bay Packers,LAR,-7.5,57,Los Angeles Memorial Coliseum,82.0,1.0,,Los Angeles Rams
2018-10-28,2018,8,Minnesota Vikings,20.0,30.0,New Orleans Saints,MIN,-2.5,53.5,U.S. Bank Stadium,72.0,0.0,indoor,Minnesota Vikings
2018-10-28,2018,8,New York Giants,13.0,20.0,Washington Commanders,WAS,-1.0,44,MetLife Stadium,51.0,11.0,,New York Giants
2018-10-28,2018,8,Las Vegas Raiders,28.0,42.0,Indianapolis Colts,IND,-3.5,51,Oakland Coliseum,69.0,8.0,,Las Vegas Raiders
2018-10-28,2018,8,Pittsburgh Steelers,33.0,18.0,Cleveland Browns,PIT,-8.5,47.5,Heinz Field,47.0,11.0,,Pittsburgh Steelers
2018-10-29,2018,8,Buffalo Bills,6.0,25.0,New England Patriots,NE,-13.5,44.5,New Era Field,46.0,16.0,,Buffalo Bills
2018-11-01,2018,9,San Francisco 49ers,34.0,3.0,Las Vegas Raiders,LVR,-1.5,44,Levi's Stadium,82.0,8.0,,San Francisco 49ers
2018-11-04,2018,9,Baltimore Ravens,16.0,23.0,Pittsburgh Steelers,BAL,-1.5,46.5,M&T Bank Stadium,55.0,6.0,,Baltimore Ravens
2018-11-04,2018,9,Buffalo Bills,9.0,41.0,Chicago Bears,CHI,-10.5,38,New Era Field,49.0,12.0,,Buffalo Bills
2018-11-04,2018,9,Carolina Panthers,42.0,28.0,Tampa Bay Buccaneers,CAR,-6.0,55.5,Bank of America Stadium,62.0,8.0,,Carolina Panthers
2018-11-04,2018,9,Cleveland Browns,21.0,37.0,Kansas City Chiefs,KC,-7.5,51.5,FirstEnergy Stadium,53.0,16.0,,Cleveland Browns
2018-11-04,2018,9,Denver Broncos,17.0,19.0,Houston Texans,DEN,-1.0,46.5,Sports Authority Field at Mile High,53.0,3.0,,Denver Broncos
2018-11-04,2018,9,Miami Dolphins,13.0,6.0,New York Jets,MIA,-3.0,43,Hard Rock Stadium,87.0,16.0,,Miami Dolphins
2018-11-04,2018,9,Minnesota Vikings,24.0,9.0,Detroit Lions,MIN,-4.5,47.5,U.S. Bank Stadium,72.0,0.0,indoor,Minnesota Vikings
2018-11-04,2018,9,New England Patriots,31.0,17.0,Green Bay Packers,NE,-5.0,56,Gillette Stadium,40.0,2.0,,New England Patriots
2018-11-04,2018,9,New Orleans Saints,45.0,35.0,Los Angeles Rams,LAR,-1.5,57,Mercedes-Benz Superdome,72.0,0.0,indoor,New Orleans Saints
2018-11-04,2018,9,Seattle Seahawks,17.0,25.0,Los Angeles Chargers,SEA,-1.0,48,CenturyLink Field,56.0,4.0,rain,Seattle Seahawks
2018-11-04,2018,9,Washington Commanders,14.0,38.0,Atlanta Falcons,WAS,-1.5,46.5,FedEx Field,55.0,5.0,,Washington Commanders
2018-11-05,2018,9,Dallas Cowboys,14.0,28.0,Tennessee Titans,DAL,-4.5,40.5,AT&T Stadium,72.0,0.0,indoor,Dallas Cowboys
2018-11-08,2018,10,Pittsburgh Steelers,52.0,21.0,Carolina Panthers,PIT,-3.5,51,Heinz Field,40.0,4.0,,Pittsburgh Steelers
2018-11-11,2018,10,Chicago Bears,34.0,22.0,Detroit Lions,CHI,-7.5,44.5,Soldier Field,37.0,12.0,,Chicago Bears
2018-11-11,2018,10,Cincinnati Bengals,14.0,51.0,New Orleans Saints,NO,-6.0,53.5,Paul Brown Stadium,39.0,6.0,,Cincinnati Bengals
2018-11-11,2018,10,Cleveland Browns,28.0,16.0,Atlanta Falcons,ATL,-5.5,49.5,FirstEnergy Stadium,36.0,9.0,,Cleveland Browns
2018-11-11,2018,10,Green Bay Packers,31.0,12.0,Miami Dolphins,GB,-11.0,48.5,Lambeau Field,33.0,6.0,,Green Bay Packers
2018-11-11,2018,10,Indianapolis Colts,29.0,26.0,Jacksonville Jaguars,IND,-3.0,48,Lucas Oil Stadium,72.0,0.0,indoor,Indianapolis Colts
2018-11-11,2018,10,Kansas City Chiefs,26.0,14.0,Arizona Cardinals,KC,-16.5,49.5,Arrowhead Stadium,43.0,5.0,,Kansas City Chiefs
2018-11-11,2018,10,Los Angeles Rams,36.0,31.0,Seattle Seahawks,LAR,-10.0,51,Los Angeles Memorial Coliseum,75.0,1.0,,Los Angeles Rams
2018-11-11,2018,10,New York Jets,10.0,41.0,Buffalo Bills,NYJ,-7.0,38,MetLife Stadium,46.0,10.0,,New York Jets
2018-11-11,2018,10,Las Vegas Raiders,6.0,20.0,Los Angeles Chargers,LAC,-10.5,50,Oakland Coliseum,69.0,16.0,,Las Vegas Raiders
2018-11-11,2018,10,Philadelphia Eagles,20.0,27.0,Dallas Cowboys,PHI,-7.5,45.5,Lincoln Financial Field,38.0,5.0,,Philadelphia Eagles
2018-11-11,2018,10,Tampa Bay Buccaneers,3.0,16.0,Washington Commanders,TB,-3.5,51,Raymond James Stadium,82.0,3.0,,Tampa Bay Buccaneers
2018-11-11,2018,10,Tennessee Titans,34.0,10.0,New England Patriots,NE,-6.5,47,Nissan Stadium,46.0,4.0,,Tennessee Titans
2018-11-12,2018,10,San Francisco 49ers,23.0,27.0,New York Giants,SF,-3.0,45,Levi's Stadium,62.0,0.0,,San Francisco 49ers
2018-11-15,2018,11,Seattle Seahawks,27.0,24.0,Green Bay Packers,SEA,-3.0,49,CenturyLink Field,54.0,6.0,,Seattle Seahawks
2018-11-18,2018,11,Arizona Cardinals,21.0,23.0,Las Vegas Raiders,ARI,-4.5,41,University of Phoenix Stadium,72.0,0.0,indoor,Arizona Cardinals
2018-11-18,2018,11,Atlanta Falcons,19.0,22.0,Dallas Cowboys,ATL,-3.5,50,Mercedes-Benz Stadium,72.0,0.0,indoor,Atlanta Falcons
2018-11-18,2018,11,Baltimore Ravens,24.0,21.0,Cincinnati Bengals,BAL,-6.5,44,M&T Bank Stadium,48.0,8.0,,Baltimore Ravens
2018-11-18,2018,11,Chicago Bears,25.0,20.0,Minnesota Vikings,CHI,-2.5,44,Soldier Field,33.0,6.0,,Chicago Bears
2018-11-18,2018,11,Detroit Lions,20.0,19.0,Carolina Panthers,CAR,-4.0,48,Ford Field,72.0,0.0,indoor,Detroit Lions
2018-11-18,2018,11,Indianapolis Colts,38.0,10.0,Tennessee Titans,IND,-1.0,50,Lucas Oil Stadium,72.0,0.0,indoor,Indianapolis Colts
2018-11-18,2018,11,Jacksonville Jaguars,16.0,20.0,Pittsburgh Steelers,PIT,-4.0,47,TIAA Bank Field,73.0,8.0,,Jacksonville Jaguars
2018-11-18,2018,11,Los Angeles Chargers,22.0,23.0,Denver Broncos,LAC,-7.5,46.5,StubHub Center,69.0,4.0,,Los Angeles Chargers
2018-11-18,2018,11,New Orleans Saints,48.0,7.0,Philadelphia Eagles,NO,-7.0,56.5,Mercedes-Benz Superdome,72.0,0.0,indoor,New Orleans Saints
2018-11-18,2018,11,New York Giants,38.0,35.0,Tampa Bay Buccaneers,NYG,-3.0,53.5,MetLife Stadium,42.0,1.0,,New York Giants
2018-11-18,2018,11,Washington Commanders,21.0,23.0,Houston Texans,HOU,-3.0,40.5,FedEx Field,48.0,6.0,,Washington Commanders
2018-11-19,2018,11,Los Angeles Rams,54.0,51.0,Kansas City Chiefs,LAR,-3.0,63.5,Los Angeles Memorial Coliseum,69.0,1.0,,Los Angeles Rams
2018-11-22,2018,12,Dallas Cowboys,31.0,23.0,Washington Commanders,DAL,-7.0,40,AT&T Stadium,72.0,0.0,indoor,Dallas Cowboys
2018-11-22,2018,12,Detroit Lions,16.0,23.0,Chicago Bears,CHI,-3.0,43,Ford Field,72.0,0.0,indoor,Detroit Lions
2018-11-22,2018,12,New Orleans Saints,31.0,17.0,Atlanta Falcons,NO,-11.5,61.5,Mercedes-Benz Superdome,72.0,0.0,indoor,New Orleans Saints
2018-11-25,2018,12,Baltimore Ravens,34.0,17.0,Las Vegas Raiders,BAL,-13.0,42,M&T Bank Stadium,60.0,7.0,,Baltimore Ravens
2018-11-25,2018,12,Buffalo Bills,24.0,21.0,Jacksonville Jaguars,JAX,-3.0,36.5,New Era Field,44.0,12.0,,Buffalo Bills
2018-11-25,2018,12,Carolina Panthers,27.0,30.0,Seattle Seahawks,CAR,-3.0,46.5,Bank of America Stadium,57.0,1.0,,Carolina Panthers
2018-11-25,2018,12,Cincinnati Bengals,20.0,35.0,Cleveland Browns,CLE,-1.0,46.5,Paul Brown Stadium,44.0,4.0,,Cincinnati Bengals
2018-11-25,2018,12,Denver Broncos,24.0,17.0,Pittsburgh Steelers,PIT,-3.0,47.5,Sports Authority Field at Mile High,41.0,7.0,,Denver Broncos
2018-11-25,2018,12,Indianapolis Colts,27.0,24.0,Miami Dolphins,IND,-9.0,52.5,Lucas Oil Stadium,72.0,0.0,indoor,Indianapolis Colts
2018-11-25,2018,12,Los Angeles Chargers,45.0,10.0,Arizona Cardinals,LAC,-14.0,43,StubHub Center,74.0,3.0,,Los Angeles Chargers
2018-11-25,2018,12,Minnesota Vikings,24.0,17.0,Green Bay Packers,MIN,-3.5,48,U.S. Bank Stadium,72.0,0.0,indoor,Minnesota Vikings
2018-11-25,2018,12,New York Jets,13.0,27.0,New England Patriots,NE,-13.0,46.5,MetLife Stadium,54.0,8.0,,New York Jets
2018-11-25,2018,12,Philadelphia Eagles,25.0,22.0,New York Giants,PHI,-4.5,49,Lincoln Financial Field,56.0,10.0,,Philadelphia Eagles
2018-11-25,2018,12,Tampa Bay Buccaneers,27.0,9.0,San Francisco 49ers,TB,-1.5,54.5,Raymond James Stadium,77.0,7.0,,Tampa Bay Buccaneers
2018-11-26,2018,12,Houston Texans,34.0,17.0,Tennessee Titans,HOU,-3.5,42.5,NRG Stadium,72.0,0.0,indoor,Houston Texans
2018-11-29,2018,13,Dallas Cowboys,13.0,10.0,New Orleans Saints,NO,-7.5,51.5,AT&T Stadium,72.0,0.0,indoor,Dallas Cowboys
2018-12-02,2018,13,Atlanta Falcons,16.0,26.0,Baltimore Ravens,ATL,-2.5,46.5,Mercedes-Benz Stadium,72.0,0.0,indoor,Atlanta Falcons
2018-12-02,2018,13,Cincinnati Bengals,10.0,24.0,Denver Broncos,DEN,-4.0,45,Paul Brown Stadium,63.0,12.0,,Cincinnati Bengals
2018-12-02,2018,13,Detroit Lions,16.0,30.0,Los Angeles Rams,LAR,-10.5,54,Ford Field,72.0,0.0,indoor,Detroit Lions
2018-12-02,2018,13,Green Bay Packers,17.0,20.0,Arizona Cardinals,GB,-13.5,41,Lambeau Field,34.0,20.0,rain,Green Bay Packers
2018-12-02,2018,13,Houston Texans,29.0,13.0,Cleveland Browns,HOU,-5.0,47.5,NRG Stadium,72.0,0.0,indoor,Houston Texans
2018-12-02,2018,13,Jacksonville Jaguars,6.0,0.0,Indianapolis Colts,IND,-4.0,45.5,TIAA Bank Field,78.0,13.0,rain,Jacksonville Jaguars
2018-12-02,2018,13,Miami Dolphins,21.0,17.0,Buffalo Bills,MIA,-3.5,40,Hard Rock Stadium,86.0,15.0,,Miami Dolphins
2018-12-02,2018,13,New England Patriots,24.0,10.0,Minnesota Vikings,NE,-6.0,49.5,Gillette Stadium,53.0,6.0,,New England Patriots
2018-12-02,2018,13,New York Giants,30.0,27.0,Chicago Bears,CHI,-4.0,44,MetLife Stadium,52.0,3.0,fog,New York Giants
2018-12-02,2018,13,Las Vegas Raiders,33.0,40.0,Kansas City Chiefs,KC,-14.0,53.5,Oakland Coliseum,57.0,6.0,,Las Vegas Raiders
2018-12-02,2018,13,Pittsburgh Steelers,30.0,33.0,Los Angeles Chargers,PIT,-3.0,52.5,Heinz Field,57.0,8.0,,Pittsburgh Steelers
2018-12-02,2018,13,Seattle Seahawks,43.0,16.0,San Francisco 49ers,SEA,-10.0,45.5,CenturyLink Field,45.0,2.0,,Seattle Seahawks
2018-12-02,2018,13,Tampa Bay Buccaneers,24.0,17.0,Carolina Panthers,CAR,-3.5,52,Raymond James Stadium,81.0,15.0,,Tampa Bay Buccaneers
2018-12-02,2018,13,Tennessee Titans,26.0,22.0,New York Jets,TEN,-10.5,40.5,Nissan Stadium,70.0,13.0,,Tennessee Titans
2018-12-03,2018,13,Philadelphia Eagles,28.0,13.0,Washington Commanders,PHI,-5.5,45,Lincoln Financial Field,36.0,15.0,,Philadelphia Eagles
2018-12-06,2018,14,Tennessee Titans,30.0,9.0,Jacksonville Jaguars,TEN,-5.5,37.5,Nissan Stadium,44.0,5.0,,Tennessee Titans
2018-12-09,2018,14,Arizona Cardinals,3.0,17.0,Detroit Lions,DET,-2.5,40.5,University of Phoenix Stadium,72.0,0.0,indoor,Arizona Cardinals
2018-12-09,2018,14,Buffalo Bills,23.0,27.0,New York Jets,BUF,-4.5,37,New Era Field,31.0,12.0,,Buffalo Bills
2018-12-09,2018,14,Chicago Bears,15.0,6.0,Los Angeles Rams,LAR,-3.0,51,Soldier Field,29.0,4.0,,Chicago Bears
2018-12-09,2018,14,Cleveland Browns,26.0,20.0,Carolina Panthers,CAR,-1.0,47.5,FirstEnergy Stadium,28.0,4.0,,Cleveland Browns
2018-12-09,2018,14,Dallas Cowboys,29.0,23.0,Philadelphia Eagles,DAL,-3.5,45.5,AT&T Stadium,72.0,0.0,indoor,Dallas Cowboys
2018-12-09,2018,14,Green Bay Packers,34.0,20.0,Atlanta Falcons,GB,-4.0,50.5,Lambeau Field,25.0,10.0,,Green Bay Packers
2018-12-09,2018,14,Houston Texans,21.0,24.0,Indianapolis Colts,HOU,-4.0,49,NRG Stadium,72.0,0.0,indoor,Houston Texans
2018-12-09,2018,14,Kansas City Chiefs,27.0,24.0,Baltimore Ravens,KC,-6.5,48.5,Arrowhead Stadium,27.0,0.0,,Kansas City Chiefs
2018-12-09,2018,14,Los Angeles Chargers,26.0,21.0,Cincinnati Bengals,LAC,-17.0,48.5,StubHub Center,70.0,1.0,,Los Angeles Chargers
2018-12-09,2018,14,Miami Dolphins,34.0,33.0,New England Patriots,NE,-9.5,49.5,Hard Rock Stadium,82.0,13.0,,Miami Dolphins
2018-12-09,2018,14,Las Vegas Raiders,24.0,21.0,Pittsburgh Steelers,PIT,-10.5,51,Oakland Coliseum,55.0,8.0,,Las Vegas Raiders
2018-12-09,2018,14,San Francisco 49ers,20.0,14.0,Denver Broncos,DEN,-3.0,45.5,Levi's Stadium,54.0,3.0,,San Francisco 49ers
2018-12-09,2018,14,Tampa Bay Buccaneers,14.0,28.0,New Orleans Saints,NO,-10.0,54,Raymond James Stadium,71.0,7.0,rain,Tampa Bay Buccaneers
2018-12-09,2018,14,Washington Commanders,16.0,40.0,New York Giants,NYG,-3.0,40.5,FedEx Field,33.0,6.0,,Washington Commanders
2018-12-10,2018,14,Seattle Seahawks,21.0,7.0,Minnesota Vikings,SEA,-3.0,45.5,CenturyLink Field,48.0,9.0,,Seattle Seahawks
2018-12-13,2018,15,Kansas City Chiefs,28.0,29.0,Los Angeles Chargers,KC,-3.5,54,Arrowhead Stadium,39.0,5.0,rain,Kansas City Chiefs
2018-12-15,2018,15,Denver Broncos,16.0,17.0,Cleveland Browns,DEN,-1.0,47,Sports Authority Field at Mile High,46.0,0.0,,Denver Broncos
2018-12-15,2018,15,New York Jets,22.0,29.0,Houston Texans,HOU,-7.0,44,MetLife Stadium,51.0,8.0,rain,New York Jets
2018-12-16,2018,15,Atlanta Falcons,40.0,14.0,Arizona Cardinals,ATL,-10.0,43.5,Mercedes-Benz Stadium,72.0,0.0,indoor,Atlanta Falcons
2018-12-16,2018,15,Baltimore Ravens,20.0,12.0,Tampa Bay Buccaneers,BAL,-8.5,45,M&T Bank Stadium,43.0,10.0,rain,Baltimore Ravens
2018-12-16,2018,15,Buffalo Bills,14.0,13.0,Detroit Lions,BUF,-2.5,40,New Era Field,39.0,7.0,rain,Buffalo Bills
2018-12-16,2018,15,Chicago Bears,24.0,17.0,Green Bay Packers,CHI,-5.5,46.5,Soldier Field,45.0,10.0,,Chicago Bears
2018-12-16,2018,15,Cincinnati Bengals,30.0,16.0,Las Vegas Raiders,CIN,-3.0,46,Paul Brown Stadium,43.0,2.0,,Cincinnati Bengals
2018-12-16,2018,15,Indianapolis Colts,23.0,0.0,Dallas Cowboys,IND,-3.0,46.5,Lucas Oil Stadium,72.0,0.0,indoor,Indianapolis Colts
2018-12-16,2018,15,Jacksonville Jaguars,13.0,16.0,Washington Commanders,JAX,-7.5,36.5,TIAA Bank Field,64.0,12.0,,Jacksonville Jaguars
2018-12-16,2018,15,Los Angeles Rams,23.0,30.0,Philadelphia Eagles,LAR,-13.5,52.5,Los Angeles Memorial Coliseum,60.0,5.0,,Los Angeles Rams
2018-12-16,2018,15,Minnesota Vikings,41.0,17.0,Miami Dolphins,MIN,-7.5,45,U.S. Bank Stadium,72.0,0.0,indoor,Minnesota Vikings
2018-12-16,2018,15,New York Giants,0.0,17.0,Tennessee Titans,TEN,-2.5,42,MetLife Stadium,40.0,6.0,rain,New York Giants
2018-12-16,2018,15,Pittsburgh Steelers,17.0,10.0,New England Patriots,NE,-2.5,56,Heinz Field,42.0,5.0,,Pittsburgh Steelers
2018-12-16,2018,15,San Francisco 49ers,26.0,23.0,Seattle Seahawks,SEA,-3.5,44,Levi's Stadium,61.0,11.0,,San Francisco 49ers
2018-12-17,2018,15,Carolina Panthers,9.0,12.0,New Orleans Saints,NO,-6.0,50.5,Bank of America Stadium,48.0,3.0,,Carolina Panthers
2018-12-22,2018,16,Los Angeles Chargers,10.0,22.0,Baltimore Ravens,LAC,-4.0,42.5,StubHub Center,60.0,5.0,,Los Angeles Chargers
2018-12-22,2018,16,Tennessee Titans,25.0,16.0,Washington Commanders,TEN,-11.5,37.5,Nissan Stadium,51.0,9.0,,Tennessee Titans
2018-12-23,2018,16,Arizona Cardinals,9.0,31.0,Los Angeles Rams,LAR,-14.5,43,University of Phoenix Stadium,72.0,0.0,indoor,Arizona Cardinals
2018-12-23,2018,16,Carolina Panthers,10.0,24.0,Atlanta Falcons,ATL,-3.0,46,Bank of America Stadium,52.0,7.0,,Carolina Panthers
2018-12-23,2018,16,Cleveland Browns,26.0,18.0,Cincinnati Bengals,CLE,-10.0,44,FirstEnergy Stadium,37.0,9.0,,Cleveland Browns
2018-12-23,2018,16,Dallas Cowboys,27.0,20.0,Tampa Bay Buccaneers,DAL,-7.5,48,AT&T Stadium,72.0,0.0,indoor,Dallas Cowboys
2018-12-23,2018,16,Detroit Lions,9.0,27.0,Minnesota Vikings,MIN,-6.5,42.5,Ford Field,72.0,0.0,indoor,Detroit Lions
2018-12-23,2018,16,Indianapolis Colts,28.0,27.0,New York Giants,IND,-10.0,48.5,Lucas Oil Stadium,72.0,0.0,indoor,Indianapolis Colts
2018-12-23,2018,16,Miami Dolphins,7.0,17.0,Jacksonville Jaguars,MIA,-3.0,39.5,Hard Rock Stadium,73.0,9.0,,Miami Dolphins
2018-12-23,2018,16,New England Patriots,24.0,12.0,Buffalo Bills,NE,-13.5,45,Gillette Stadium,40.0,12.0,,New England Patriots
2018-12-23,2018,16,New Orleans Saints,31.0,28.0,Pittsburgh Steelers,NO,-6.5,53,Mercedes-Benz Superdome,72.0,0.0,indoor,New Orleans Saints
2018-12-23,2018,16,New York Jets,38.0,44.0,Green Bay Packers,GB,-3.0,47.5,MetLife Stadium,43.0,8.0,,New York Jets
2018-12-23,2018,16,Philadelphia Eagles,32.0,30.0,Houston Texans,PHI,-1.0,46.5,Lincoln Financial Field,44.0,5.0,,Philadelphia Eagles
2018-12-23,2018,16,San Francisco 49ers,9.0,14.0,Chicago Bears,CHI,-4.0,44,Levi's Stadium,50.0,5.0,,San Francisco 49ers
2018-12-23,2018,16,Seattle Seahawks,38.0,31.0,Kansas City Chiefs,KC,-1.0,54.5,CenturyLink Field,43.0,8.0,,Seattle Seahawks
2018-12-24,2018,16,Las Vegas Raiders,27.0,14.0,Denver Broncos,DEN,-2.5,42.5,Oakland Coliseum,58.0,14.0,rain,Las Vegas Raiders
2018-12-30,2018,17,Baltimore Ravens,26.0,24.0,Cleveland Browns,BAL,-7.0,41,M&T Bank Stadium,48.0,2.0,,Baltimore Ravens
2018-12-30,2018,17,Buffalo Bills,42.0,17.0,Miami Dolphins,BUF,-5.5,39.5,New Era Field,33.0,9.0,,Buffalo Bills
2018-12-30,2018,17,Denver Broncos,9.0,23.0,Los Angeles Chargers,LAC,-7.0,43.5,Sports Authority Field at Mile High,51.0,6.0,,Denver Broncos
2018-12-30,2018,17,Green Bay Packers,0.0,31.0,Detroit Lions,GB,-7.5,44.5,Lambeau Field,26.0,15.0,,Green Bay Packers
2018-12-30,2018,17,Houston Texans,20.0,3.0,Jacksonville Jaguars,HOU,-7.0,39.5,NRG Stadium,72.0,0.0,indoor,Houston Texans
2018-12-30,2018,17,Kansas City Chiefs,35.0,3.0,Las Vegas Raiders,KC,-14.5,52.5,Arrowhead Stadium,45.0,15.0,,Kansas City Chiefs
2018-12-30,2018,17,Los Angeles Rams,48.0,32.0,San Francisco 49ers,LAR,-10.5,49.5,Los Angeles Memorial Coliseum,65.0,3.0,,Los Angeles Rams
2018-12-30,2018,17,Minnesota Vikings,10.0,24.0,Chicago Bears,MIN,-6.0,40.5,U.S. Bank Stadium,72.0,0.0,indoor,Minnesota Vikings
2018-12-30,2018,17,New England Patriots,38.0,3.0,New York Jets,NE,-14.5,46.5,Gillette Stadium,33.0,2.0,,New England Patriots
2018-12-30,2018,17,New Orleans Saints,14.0,33.0,Carolina Panthers,NO,-8.0,42,Mercedes-Benz Superdome,72.0,0.0,indoor,New Orleans Saints
2018-12-30,2018,17,New York Giants,35.0,36.0,Dallas Cowboys,NYG,-7.5,38.5,MetLife Stadium,37.0,2.0,,New York Giants
2018-12-30,2018,17,Pittsburgh Steelers,16.0,13.0,Cincinnati Bengals,PIT,-14.0,45,Heinz Field,42.0,9.0,,Pittsburgh Steelers
2018-12-30,2018,17,Seattle Seahawks,27.0,24.0,Arizona Cardinals,SEA,-14.0,39.5,CenturyLink Field,45.0,5.0,,Seattle Seahawks
2018-12-30,2018,17,Tampa Bay Buccaneers,32.0,34.0,Atlanta Falcons,ATL,-2.5,51.5,Raymond James Stadium,80.0,5.0,,Tampa Bay Buccaneers
2018-12-30,2018,17,Tennessee Titans,17.0,33.0,Indianapolis Colts,IND,-5.5,42.5,Nissan Stadium,53.0,4.0,,Tennessee Titans
2018-12-30,2018,17,Washington Commanders,0.0,24.0,Philadelphia Eagles,PHI,-6.0,42.5,FedEx Field,46.0,3.0,,Washington Commanders
2019-09-05,2019,1,Chicago Bears,3.0,10.0,Green Bay Packers,CHI,-3.0,46.5,Soldier Field,,,,Chicago Bears
2019-09-08,2019,1,Arizona Cardinals,27.0,27.0,Detroit Lions,DET,-3.0,45.5,University of Phoenix Stadium,72.0,0.0,indoor,Arizona Cardinals
2019-09-08,2019,1,Carolina Panthers,27.0,30.0,Los Angeles Rams,LAR,-2.0,49.5,Bank of America Stadium,,,,Carolina Panthers
2019-09-08,2019,1,Cleveland Browns,13.0,43.0,Tennessee Titans,CLE,-5.5,44,FirstEnergy Stadium,,,,Cleveland Browns
2019-09-08,2019,1,Dallas Cowboys,35.0,17.0,New York Giants,DAL,-7.0,44,AT&T Stadium,72.0,0.0,indoor,Dallas Cowboys
2019-09-08,2019,1,Jacksonville Jaguars,26.0,40.0,Kansas City Chiefs,KC,-3.5,49,TIAA Bank Field,,,,Jacksonville Jaguars
2019-09-08,2019,1,Los Angeles Chargers,30.0,24.0,Indianapolis Colts,LAC,-6.0,44.5,Dignity Health Sports Park,,,,Los Angeles Chargers
2019-09-08,2019,1,Miami Dolphins,10.0,59.0,Baltimore Ravens,BAL,-7.0,40.5,Hard Rock Stadium,,,,Miami Dolphins
2019-09-08,2019,1,Minnesota Vikings,28.0,12.0,Atlanta Falcons,MIN,-3.5,47,U.S. Bank Stadium,72.0,0.0,indoor,Minnesota Vikings
2019-09-08,2019,1,New England Patriots,33.0,3.0,Pittsburgh Steelers,NE,-5.5,49,Gillette Stadium,,,,New England Patriots
2019-09-08,2019,1,New York Jets,16.0,17.0,Buffalo Bills,NYJ,-2.5,41,MetLife Stadium,,,,New York Jets
2019-09-08,2019,1,Philadelphia Eagles,32.0,27.0,Washington Commanders,PHI,-10.0,44.5,Lincoln Financial Field,,,,Philadelphia Eagles
2019-09-08,2019,1,Seattle Seahawks,21.0,20.0,Cincinnati Bengals,SEA,-9.0,44,CenturyLink Field,,,,Seattle Seahawks
2019-09-08,2019,1,Tampa Bay Buccaneers,17.0,31.0,San Francisco 49ers,TB,-1.0,51,Raymond James Stadium,,,,Tampa Bay Buccaneers
2019-09-09,2019,1,New Orleans Saints,30.0,28.0,Houston Texans,NO,-6.5,51.5,Mercedes-Benz Superdome,72.0,0.0,indoor,New Orleans Saints
2019-09-09,2019,1,Las Vegas Raiders,24.0,16.0,Denver Broncos,DEN,-3.0,42.5,Oakland Coliseum,,,,Las Vegas Raiders
2019-09-12,2019,2,Carolina Panthers,14.0,20.0,Tampa Bay Buccaneers,CAR,-6.5,48,Bank of America Stadium,,,,Carolina Panthers
2019-09-15,2019,2,Atlanta Falcons,24.0,20.0,Philadelphia Eagles,PHI,-1.0,53,Mercedes-Benz Stadium,72.0,0.0,indoor,Atlanta Falcons
2019-09-15,2019,2,Baltimore Ravens,23.0,17.0,Arizona Cardinals,BAL,-13.0,45.5,M&T Bank Stadium,,,,Baltimore Ravens
2019-09-15,2019,2,Cincinnati Bengals,17.0,41.0,San Francisco 49ers,CIN,-1.0,46,Paul Brown Stadium,,,,Cincinnati Bengals
2019-09-15,2019,2,Denver Broncos,14.0,16.0,Chicago Bears,CHI,-3.0,40.5,Sports Authority Field at Mile High,,,,Denver Broncos
2019-09-15,2019,2,Detroit Lions,13.0,10.0,Los Angeles Chargers,LAC,-1.0,46.5,Ford Field,72.0,0.0,indoor,Detroit Lions
2019-09-15,2019,2,Green Bay Packers,21.0,16.0,Minnesota Vikings,GB,-3.0,43,Lambeau Field,,,,Green Bay Packers
2019-09-15,2019,2,Houston Texans,13.0,12.0,Jacksonville Jaguars,HOU,-7.0,43,NRG Stadium,72.0,0.0,indoor,Houston Texans
2019-09-15,2019,2,Los Angeles Rams,27.0,9.0,New Orleans Saints,LAR,-2.0,52,Los Angeles Memorial Coliseum,,,,Los Angeles Rams
2019-09-15,2019,2,Miami Dolphins,0.0,43.0,New England Patriots,NE,-18.0,48.5,Hard Rock Stadium,,,,Miami Dolphins
2019-09-15,2019,2,New York Giants,14.0,28.0,Buffalo Bills,BUF,-1.0,44.5,MetLife Stadium,,,,New York Giants
2019-09-15,2019,2,Las Vegas Raiders,10.0,28.0,Kansas City Chiefs,KC,-7.0,53,Oakland Coliseum,,,,Las Vegas Raiders
2019-09-15,2019,2,Pittsburgh Steelers,26.0,28.0,Seattle Seahawks,PIT,-4.0,47,Heinz Field,,,,Pittsburgh Steelers
2019-09-15,2019,2,Tennessee Titans,17.0,19.0,Indianapolis Colts,TEN,-3.5,43.5,Nissan Stadium,,,,Tennessee Titans
2019-09-15,2019,2,Washington Commanders,21.0,31.0,Dallas Cowboys,DAL,-6.0,46,FedEx Field,,,,Washington Commanders
2019-09-16,2019,2,New York Jets,3.0,23.0,Cleveland Browns,CLE,-6.5,45,MetLife Stadium,,,,New York Jets
2019-09-19,2019,3,Jacksonville Jaguars,20.0,7.0,Tennessee Titans,TEN,-2.0,38,TIAA Bank Field,,,,Jacksonville Jaguars
2019-09-22,2019,3,Arizona Cardinals,20.0,38.0,Carolina Panthers,ARI,-2.5,45.5,University of Phoenix Stadium,72.0,0.0,indoor,Arizona Cardinals
2019-09-22,2019,3,Buffalo Bills,21.0,17.0,Cincinnati Bengals,BUF,-6.0,43.5,New Era Field,,,,Buffalo Bills
2019-09-22,2019,3,Cleveland Browns,13.0,20.0,Los Angeles Rams,LAR,-4.0,48,FirstEnergy Stadium,,,,Cleveland Browns
2019-09-22,2019,3,Dallas Cowboys,31.0,6.0,Miami Dolphins,DAL,-21.5,46.5,AT&T Stadium,72.0,0.0,indoor,Dallas Cowboys
2019-09-22,2019,3,Green Bay Packers,27.0,16.0,Denver Broncos,GB,-7.0,41.5,Lambeau Field,,,,Green Bay Packers
2019-09-22,2019,3,Indianapolis Colts,27.0,24.0,Atlanta Falcons,IND,-1.5,48,Lucas Oil Stadium,72.0,0.0,indoor,Indianapolis Colts
2019-09-22,2019,3,Kansas City Chiefs,33.0,28.0,Baltimore Ravens,KC,-5.0,52,Arrowhead Stadium,,,,Kansas City Chiefs
2019-09-22,2019,3,Los Angeles Chargers,20.0,27.0,Houston Texans,LAC,-3.0,49,Dignity Health Sports Park,,,,Los Angeles Chargers
2019-09-22,2019,3,Minnesota Vikings,34.0,14.0,Las Vegas Raiders,MIN,-9.0,43.5,U.S. Bank Stadium,72.0,0.0,indoor,Minnesota Vikings
2019-09-22,2019,3,New England Patriots,30.0,14.0,New York Jets,NE,-21.0,43,Gillette Stadium,,,,New England Patriots
2019-09-22,2019,3,Philadelphia Eagles,24.0,27.0,Detroit Lions,PHI,-4.0,45,Lincoln Financial Field,,,,Philadelphia Eagles
2019-09-22,2019,3,San Francisco 49ers,24.0,20.0,Pittsburgh Steelers,SF,-6.0,44.5,Levi's Stadium,,,,San Francisco 49ers
2019-09-22,2019,3,Seattle Seahawks,27.0,33.0,New Orleans Saints,SEA,-5.0,44,CenturyLink Field,,,,Seattle Seahawks
2019-09-22,2019,3,Tampa Bay Buccaneers,31.0,32.0,New York Giants,TB,-5.0,48,Raymond James Stadium,,,,Tampa Bay Buccaneers
2019-09-23,2019,3,Washington Commanders,15.0,31.0,Chicago Bears,CHI,-5.0,41,FedEx Field,,,,Washington Commanders
2019-09-26,2019,4,Green Bay Packers,27.0,34.0,Philadelphia Eagles,GB,-3.5,46.5,Lambeau Field,,,,Green Bay Packers
2019-09-29,2019,4,Arizona Cardinals,10.0,27.0,Seattle Seahawks,SEA,-5.5,48.5,University of Phoenix Stadium,72.0,0.0,indoor,Arizona Cardinals
2019-09-29,2019,4,Atlanta Falcons,10.0,24.0,Tennessee Titans,ATL,-3.5,46.5,Mercedes-Benz Stadium,72.0,0.0,indoor,Atlanta Falcons
2019-09-29,2019,4,Baltimore Ravens,25.0,40.0,Cleveland Browns,BAL,-7.0,47.5,M&T Bank Stadium,,,,Baltimore Ravens
2019-09-29,2019,4,Buffalo Bills,10.0,16.0,New England Patriots,NE,-7.0,41.5,New Era Field,,,,Buffalo Bills
2019-09-29,2019,4,Chicago Bears,16.0,6.0,Minnesota Vikings,CHI,-1.0,38.5,Soldier Field,,,,Chicago Bears
2019-09-29,2019,4,Denver Broncos,24.0,26.0,Jacksonville Jaguars,DEN,-2.5,37.5,Sports Authority Field at Mile High,,,,Denver Broncos
2019-09-29,2019,4,Detroit Lions,30.0,34.0,Kansas City Chiefs,KC,-7.0,54.5,Ford Field,72.0,0.0,indoor,Detroit Lions
2019-09-29,2019,4,Houston Texans,10.0,16.0,Carolina Panthers,HOU,-5.0,47.5,NRG Stadium,72.0,0.0,indoor,Houston Texans
2019-09-29,2019,4,Indianapolis Colts,24.0,31.0,Las Vegas Raiders,IND,-6.0,46.5,Lucas Oil Stadium,72.0,0.0,indoor,Indianapolis Colts
2019-09-29,2019,4,Los Angeles Rams,40.0,55.0,Tampa Bay Buccaneers,LAR,-9.0,48.5,Los Angeles Memorial Coliseum,,,,Los Angeles Rams
2019-09-29,2019,4,Miami Dolphins,10.0,30.0,Los Angeles Chargers,LAC,-15.0,43.5,Hard Rock Stadium,,,,Miami Dolphins
2019-09-29,2019,4,New Orleans Saints,12.0,10.0,Dallas Cowboys,DAL,-2.5,47,Mercedes-Benz Superdome,72.0,0.0,indoor,New Orleans Saints
2019-09-29,2019,4,New York Giants,24.0,3.0,Washington Commanders,NYG,-3.0,48,MetLife Stadium,,,,New York Giants
2019-09-30,2019,4,Pittsburgh Steelers,27.0,3.0,Cincinnati Bengals,PIT,-3.5,45,Heinz Field,,,,Pittsburgh Steelers
2019-10-03,2019,5,Seattle Seahawks,30.0,29.0,Los Angeles Rams,SEA,-1.5,48.5,CenturyLink Field,,,,Seattle Seahawks
2019-10-06,2019,5,Carolina Panthers,34.0,27.0,Jacksonville Jaguars,CAR,-3.0,40.5,Bank of America Stadium,,,,Carolina Panthers
2019-10-06,2019,5,Cincinnati Bengals,23.0,26.0,Arizona Cardinals,CIN,-3.0,46.5,Paul Brown Stadium,,,,Cincinnati Bengals
2019-10-06,2019,5,Dallas Cowboys,24.0,34.0,Green Bay Packers,DAL,-3.0,46.5,AT&T Stadium,72.0,0.0,indoor,Dallas Cowboys
2019-10-06,2019,5,Houston Texans,53.0,32.0,Atlanta Falcons,HOU,-4.0,49,NRG Stadium,72.0,0.0,indoor,Houston Texans
2019-10-06,2019,5,Kansas City Chiefs,13.0,19.0,Indianapolis Colts,KC,-10.5,55.5,Arrowhead Stadium,,,,Kansas City Chiefs
2019-10-06,2019,5,Los Angeles Chargers,13.0,20.0,Denver Broncos,LAC,-4.5,45.5,Dignity Health Sports Park,,,,Los Angeles Chargers
2019-10-06,2019,5,New Orleans Saints,31.0,24.0,Tampa Bay Buccaneers,NO,-3.0,46.5,Mercedes-Benz Superdome,72.0,0.0,indoor,New Orleans Saints
2019-10-06,2019,5,New York Giants,10.0,28.0,Minnesota Vikings,MIN,-5.5,43.5,MetLife Stadium,,,,New York Giants
2019-10-06,2019,5,Las Vegas Raiders,24.0,21.0,Chicago Bears,CHI,-6.5,39.5,Tottenham Hotspur Stadium,,,,Las Vegas Raiders
2019-10-06,2019,5,Philadelphia Eagles,31.0,6.0,New York Jets,PHI,-14.0,43,Lincoln Financial Field,,,,Philadelphia Eagles
2019-10-06,2019,5,Pittsburgh Steelers,23.0,26.0,Baltimore Ravens,BAL,-3.0,44,Heinz Field,,,,Pittsburgh Steelers
2019-10-06,2019,5,Tennessee Titans,7.0,14.0,Buffalo Bills,TEN,-3.0,39.5,Nissan Stadium,,,,Tennessee Titans
2019-10-06,2019,5,Washington Commanders,7.0,33.0,New England Patriots,NE,-16.5,41.5,FedEx Field,,,,Washington Commanders
2019-10-07,2019,5,San Francisco 49ers,31.0,3.0,Cleveland Browns,SF,-4.5,48,Levi's Stadium,,,,San Francisco 49ers
2019-10-10,2019,6,New England Patriots,35.0,14.0,New York Giants,NE,-16.5,43,Gillette Stadium,,,,New England Patriots
2019-10-13,2019,6,Arizona Cardinals,34.0,33.0,Atlanta Falcons,ATL,-3.0,52,University of Phoenix Stadium,72.0,0.0,indoor,Arizona Cardinals
2019-10-13,2019,6,Baltimore Ravens,23.0,17.0,Cincinnati Bengals,BAL,-10.5,46.5,M&T Bank Stadium,,,,Baltimore Ravens
2019-10-13,2019,6,Cleveland Browns,28.0,32.0,Seattle Seahawks,CLE,-1.0,45.5,FirstEnergy Stadium,,,,Cleveland Browns
2019-10-13,2019,6,Denver Broncos,16.0,0.0,Tennessee Titans,DEN,-1.5,41,Sports Authority Field at Mile High,,,,Denver Broncos
2019-10-13,2019,6,Jacksonville Jaguars,6.0,13.0,New Orleans Saints,JAX,-2.5,42.5,TIAA Bank Field,,,,Jacksonville Jaguars
2019-10-13,2019,6,Kansas City Chiefs,24.0,31.0,Houston Texans,KC,-3.5,54.5,Arrowhead Stadium,,,,Kansas City Chiefs
2019-10-13,2019,6,Los Angeles Chargers,17.0,24.0,Pittsburgh Steelers,LAC,-6.0,42.5,Dignity Health Sports Park,,,,Los Angeles Chargers
2019-10-13,2019,6,Los Angeles Rams,7.0,20.0,San Francisco 49ers,LAR,-3.0,50,Los Angeles Memorial Coliseum,,,,Los Angeles Rams
2019-10-13,2019,6,Miami Dolphins,16.0,17.0,Washington Commanders,WAS,-5.5,42.5,Hard Rock Stadium,,,,Miami Dolphins
2019-10-13,2019,6,Minnesota Vikings,38.0,20.0,Philadelphia Eagles,MIN,-3.5,44.5,U.S. Bank Stadium,72.0,0.0,indoor,Minnesota Vikings
2019-10-13,2019,6,New York Jets,24.0,22.0,Dallas Cowboys,DAL,-7.0,43.5,MetLife Stadium,,,,New York Jets
2019-10-13,2019,6,Tampa Bay Buccaneers,26.0,37.0,Carolina Panthers,CAR,-2.0,47.5,Tottenham Hotspur Stadium,,,,Tampa Bay Buccaneers
2019-10-14,2019,6,Green Bay Packers,23.0,22.0,Detroit Lions,GB,-3.5,47,Lambeau Field,,,,Green Bay Packers
2019-10-17,2019,7,Denver Broncos,6.0,30.0,Kansas City Chiefs,KC,-3.0,49.5,Sports Authority Field at Mile High,,,,Denver Broncos
2019-10-20,2019,7,Atlanta Falcons,10.0,37.0,Los Angeles Rams,LAR,-3.0,54.5,Mercedes-Benz Stadium,72.0,0.0,indoor,Atlanta Falcons
2019-10-20,2019,7,Buffalo Bills,31.0,21.0,Miami Dolphins,BUF,-17.0,42.5,New Era Field,,,,Buffalo Bills
2019-10-20,2019,7,Chicago Bears,25.0,36.0,New Orleans Saints,CHI,-4.0,37,Soldier Field,,,,Chicago Bears
2019-10-20,2019,7,Cincinnati Bengals,17.0,27.0,Jacksonville Jaguars,JAX,-4.0,44,Paul Brown Stadium,,,,Cincinnati Bengals
2019-10-20,2019,7,Dallas Cowboys,37.0,10.0,Philadelphia Eagles,DAL,-3.0,50,AT&T Stadium,72.0,0.0,indoor,Dallas Cowboys
2019-10-20,2019,7,Detroit Lions,30.0,42.0,Minnesota Vikings,MIN,-2.5,43.5,Ford Field,72.0,0.0,indoor,Detroit Lions
2019-10-20,2019,7,Green Bay Packers,42.0,24.0,Las Vegas Raiders,GB,-5.5,47.5,Lambeau Field,,,,Green Bay Packers
2019-10-20,2019,7,Indianapolis Colts,30.0,23.0,Houston Texans,IND,-1.0,46.5,Lucas Oil Stadium,72.0,0.0,indoor,Indianapolis Colts
2019-10-20,2019,7,New York Giants,21.0,27.0,Arizona Cardinals,NYG,-3.5,50,MetLife Stadium,,,,New York Giants
2019-10-20,2019,7,Seattle Seahawks,16.0,30.0,Baltimore Ravens,SEA,-3.0,48.5,CenturyLink Field,,,,Seattle Seahawks
2019-10-20,2019,7,Tennessee Titans,23.0,20.0,Los Angeles Chargers,TEN,-2.5,42.5,Nissan Stadium,,,,Tennessee Titans
2019-10-20,2019,7,Washington Commanders,0.0,9.0,San Francisco 49ers,SF,-10.0,39,FedEx Field,,,,Washington Commanders
2019-10-21,2019,7,New York Jets,0.0,33.0,New England Patriots,NE,-10.0,43,MetLife Stadium,,,,New York Jets
2019-10-24,2019,8,Minnesota Vikings,19.0,9.0,Washington Commanders,MIN,-16.5,42,U.S. Bank Stadium,72.0,0.0,indoor,Minnesota Vikings
2019-10-27,2019,8,Atlanta Falcons,20.0,27.0,Seattle Seahawks,SEA,-7.5,48.5,Mercedes-Benz Stadium,72.0,0.0,indoor,Atlanta Falcons
2019-10-27,2019,8,Buffalo Bills,13.0,31.0,Philadelphia Eagles,BUF,-1.0,39.5,New Era Field,,,,Buffalo Bills
2019-10-27,2019,8,Chicago Bears,16.0,17.0,Los Angeles Chargers,CHI,-3.5,41,Soldier Field,,,,Chicago Bears
2019-10-27,2019,8,Detroit Lions,31.0,26.0,New York Giants,DET,-6.5,49,Ford Field,72.0,0.0,indoor,Detroit Lions
2019-10-27,2019,8,Houston Texans,27.0,24.0,Las Vegas Raiders,HOU,-6.0,52,NRG Stadium,72.0,0.0,indoor,Houston Texans
2019-10-27,2019,8,Indianapolis Colts,15.0,13.0,Denver Broncos,IND,-6.0,42,Lucas Oil Stadium,72.0,0.0,indoor,Indianapolis Colts
2019-10-27,2019,8,Jacksonville Jaguars,29.0,15.0,New York Jets,JAX,-6.5,40,TIAA Bank Field,,,,Jacksonville Jaguars
2019-10-27,2019,8,Kansas City Chiefs,24.0,31.0,Green Bay Packers,GB,-5.0,47.5,Arrowhead Stadium,,,,Kansas City Chiefs
2019-10-27,2019,8,Los Angeles Rams,24.0,10.0,Cincinnati Bengals,LAR,-12.0,48.5,Wembley Stadium,,,,Los Angeles Rams
2019-10-27,2019,8,New England Patriots,27.0,13.0,Cleveland Browns,NE,-10.0,43,Gillette Stadium,,,,New England Patriots
2019-10-27,2019,8,New Orleans Saints,31.0,9.0,Arizona Cardinals,NO,-12.5,48,Mercedes-Benz Superdome,72.0,0.0,indoor,New Orleans Saints
2019-10-27,2019,8,San Francisco 49ers,51.0,13.0,Carolina Panthers,SF,-4.0,40.5,Levi's Stadium,,,,San Francisco 49ers
2019-10-27,2019,8,Tennessee Titans,27.0,23.0,Tampa Bay Buccaneers,TEN,-2.0,45.5,Nissan Stadium,,,,Tennessee Titans
2019-10-28,2019,8,Pittsburgh Steelers,27.0,14.0,Miami Dolphins,PIT,-14.0,44,Heinz Field,,,,Pittsburgh Steelers
2019-10-31,2019,9,Arizona Cardinals,25.0,28.0,San Francisco 49ers,SF,-10.0,43,University of Phoenix Stadium,72.0,0.0,indoor,Arizona Cardinals
2019-11-03,2019,9,Baltimore Ravens,37.0,20.0,New England Patriots,NE,-3.0,44.5,M&T Bank Stadium,,,,Baltimore Ravens
2019-11-03,2019,9,Buffalo Bills,24.0,9.0,Washington Commanders,BUF,-10.5,37,New Era Field,,,,Buffalo Bills
2019-11-03,2019,9,Carolina Panthers,30.0,20.0,Tennessee Titans,CAR,-3.5,43,Bank of America Stadium,,,,Carolina Panthers
2019-11-03,2019,9,Denver Broncos,24.0,19.0,Cleveland Browns,CLE,-4.0,39,Sports Authority Field at Mile High,,,,Denver Broncos
2019-11-03,2019,9,Jacksonville Jaguars,3.0,26.0,Houston Texans,JAX,-1.0,46,Wembley Stadium,,,,Jacksonville Jaguars
2019-11-03,2019,9,Kansas City Chiefs,26.0,23.0,Minnesota Vikings,MIN,-5.5,45.5,Arrowhead Stadium,,,,Kansas City Chiefs
2019-11-03,2019,9,Los Angeles Chargers,26.0,11.0,Green Bay Packers,GB,-4.0,50,Dignity Health Sports Park,,,,Los Angeles Chargers
2019-11-03,2019,9,Miami Dolphins,26.0,18.0,New York Jets,NYJ,-3.0,42.5,Hard Rock Stadium,,,,Miami Dolphins
2019-11-03,2019,9,Las Vegas Raiders,31.0,24.0,Detroit Lions,LVR,-2.5,51,Oakland Coliseum,,,,Las Vegas Raiders
2019-11-03,2019,9,Philadelphia Eagles,22.0,14.0,Chicago Bears,PHI,-5.0,41,Lincoln Financial Field,,,,Philadelphia Eagles
2019-11-03,2019,9,Pittsburgh Steelers,26.0,24.0,Indianapolis Colts,PIT,-1.0,40,Heinz Field,,,,Pittsburgh Steelers
2019-11-03,2019,9,Seattle Seahawks,40.0,34.0,Tampa Bay Buccaneers,SEA,-4.0,51,CenturyLink Field,,,,Seattle Seahawks
2019-11-04,2019,9,New York Giants,18.0,37.0,Dallas Cowboys,DAL,-6.5,48.5,MetLife Stadium,,,,New York Giants
2019-11-07,2019,10,Las Vegas Raiders,26.0,24.0,Los Angeles Chargers,LAC,-1.0,49,Oakland Coliseum,,,,Las Vegas Raiders
2019-11-10,2019,10,Chicago Bears,20.0,13.0,Detroit Lions,CHI,-6.0,38,Soldier Field,,,,Chicago Bears
2019-11-10,2019,10,Cincinnati Bengals,13.0,49.0,Baltimore Ravens,BAL,-10.5,44,Paul Brown Stadium,,,,Cincinnati Bengals
2019-11-10,2019,10,Cleveland Browns,19.0,16.0,Buffalo Bills,CLE,-3.0,42,FirstEnergy Stadium,,,,Cleveland Browns
2019-11-10,2019,10,Dallas Cowboys,24.0,28.0,Minnesota Vikings,DAL,-3.0,48,AT&T Stadium,72.0,0.0,indoor,Dallas Cowboys
2019-11-10,2019,10,Green Bay Packers,24.0,16.0,Carolina Panthers,GB,-5.0,49,Lambeau Field,,,,Green Bay Packers
2019-11-10,2019,10,Indianapolis Colts,12.0,16.0,Miami Dolphins,IND,-11.0,44,Lucas Oil Stadium,72.0,0.0,indoor,Indianapolis Colts
2019-11-10,2019,10,New Orleans Saints,9.0,26.0,Atlanta Falcons,NO,-13.5,51.5,Mercedes-Benz Superdome,72.0,0.0,indoor,New Orleans Saints
2019-11-10,2019,10,New York Jets,34.0,27.0,New York Giants,NYG,-3.0,43,MetLife Stadium,,,,New York Jets
2019-11-10,2019,10,Pittsburgh Steelers,17.0,12.0,Los Angeles Rams,LAR,-4.5,43.5,Heinz Field,,,,Pittsburgh Steelers
2019-11-10,2019,10,Tampa Bay Buccaneers,30.0,27.0,Arizona Cardinals,TB,-5.5,51.5,Raymond James Stadium,,,,Tampa Bay Buccaneers
2019-11-10,2019,10,Tennessee Titans,35.0,32.0,Kansas City Chiefs,KC,-6.0,49,Nissan Stadium,,,,Tennessee Titans
2019-11-11,2019,10,San Francisco 49ers,24.0,27.0,Seattle Seahawks,SF,-6.5,46.5,Levi's Stadium,,,,San Francisco 49ers
2019-11-14,2019,11,Cleveland Browns,21.0,7.0,Pittsburgh Steelers,CLE,-3.0,41.5,FirstEnergy Stadium,,,,Cleveland Browns
2019-11-17,2019,11,Baltimore Ravens,41.0,7.0,Houston Texans,BAL,-4.5,51,M&T Bank Stadium,,,,Baltimore Ravens
2019-11-17,2019,11,Carolina Panthers,3.0,29.0,Atlanta Falcons,CAR,-4.0,49,Bank of America Stadium,,,,Carolina Panthers
2019-11-17,2019,11,Detroit Lions,27.0,35.0,Dallas Cowboys,DAL,-7.0,46.5,Ford Field,72.0,0.0,indoor,Detroit Lions
2019-11-17,2019,11,Indianapolis Colts,33.0,13.0,Jacksonville Jaguars,IND,-2.5,41.5,Lucas Oil Stadium,72.0,0.0,indoor,Indianapolis Colts
2019-11-17,2019,11,Los Angeles Rams,17.0,7.0,Chicago Bears,LAR,-5.5,40,Los Angeles Memorial Coliseum,,,,Los Angeles Rams
2019-11-17,2019,11,Miami Dolphins,20.0,37.0,Buffalo Bills,BUF,-7.0,41,Hard Rock Stadium,,,,Miami Dolphins
2019-11-17,2019,11,Minnesota Vikings,27.0,23.0,Denver Broncos,MIN,-10.0,40,U.S. Bank Stadium,72.0,0.0,indoor,Minnesota Vikings
2019-11-17,2019,11,Las Vegas Raiders,17.0,10.0,Cincinnati Bengals,LVR,-13.0,48,Oakland Coliseum,,,,Las Vegas Raiders
2019-11-17,2019,11,Philadelphia Eagles,10.0,17.0,New England Patriots,NE,-4.5,45,Lincoln Financial Field,,,,Philadelphia Eagles
2019-11-17,2019,11,San Francisco 49ers,36.0,26.0,Arizona Cardinals,SF,-10.0,44,Levi's Stadium,,,,San Francisco 49ers
2019-11-17,2019,11,Tampa Bay Buccaneers,17.0,34.0,New Orleans Saints,NO,-5.0,50.5,Raymond James Stadium,,,,Tampa Bay Buccaneers
2019-11-17,2019,11,Washington Commanders,17.0,34.0,New York Jets,WAS,-2.0,37.5,FedEx Field,,,,Washington Commanders
2019-11-18,2019,11,Los Angeles Chargers,17.0,24.0,Kansas City Chiefs,KC,-5.5,52.5,Estadio Azteca,,,,Los Angeles Chargers
2019-11-21,2019,12,Houston Texans,20.0,17.0,Indianapolis Colts,HOU,-3.5,46,NRG Stadium,72.0,0.0,indoor,Houston Texans
2019-11-24,2019,12,Atlanta Falcons,22.0,35.0,Tampa Bay Buccaneers,ATL,-3.5,51.5,Mercedes-Benz Stadium,72.0,0.0,indoor,Atlanta Falcons
2019-11-24,2019,12,Buffalo Bills,20.0,3.0,Denver Broncos,BUF,-3.5,37,New Era Field,,,,Buffalo Bills
2019-11-24,2019,12,Chicago Bears,19.0,14.0,New York Giants,CHI,-6.0,41,Soldier Field,,,,Chicago Bears
2019-11-24,2019,12,Cincinnati Bengals,10.0,16.0,Pittsburgh Steelers,PIT,-6.5,37,Paul Brown Stadium,,,,Cincinnati Bengals
2019-11-24,2019,12,Cleveland Browns,41.0,24.0,Miami Dolphins,CLE,-11.0,46,FirstEnergy Stadium,,,,Cleveland Browns
2019-11-24,2019,12,New England Patriots,13.0,9.0,Dallas Cowboys,NE,-5.5,44.5,Gillette Stadium,,,,New England Patriots
2019-11-24,2019,12,New Orleans Saints,34.0,31.0,Carolina Panthers,NO,-10.0,46.5,Mercedes-Benz Superdome,72.0,0.0,indoor,New Orleans Saints
2019-11-24,2019,12,New York Jets,34.0,3.0,Las Vegas Raiders,LVR,-3.0,44.5,MetLife Stadium,,,,New York Jets
2019-11-24,2019,12,Philadelphia Eagles,9.0,17.0,Seattle Seahawks,SEA,-2.0,45.5,Lincoln Financial Field,,,,Philadelphia Eagles
2019-11-24,2019,12,San Francisco 49ers,37.0,8.0,Green Bay Packers,SF,-3.0,48,Levi's Stadium,,,,San Francisco 49ers
2019-11-24,2019,12,Tennessee Titans,42.0,20.0,Jacksonville Jaguars,TEN,-4.0,42.5,Nissan Stadium,,,,Tennessee Titans
2019-11-24,2019,12,Washington Commanders,19.0,16.0,Detroit Lions,DET,-4.0,40,FedEx Field,,,,Washington Commanders
2019-11-25,2019,12,Los Angeles Rams,6.0,45.0,Baltimore Ravens,BAL,-3.5,47,Los Angeles Memorial Coliseum,,,,Los Angeles Rams
2019-11-28,2019,13,Atlanta Falcons,18.0,26.0,New Orleans Saints,NO,-7.0,48,Mercedes-Benz Stadium,72.0,0.0,indoor,Atlanta Falcons
2019-11-28,2019,13,Dallas Cowboys,15.0,26.0,Buffalo Bills,DAL,-6.5,46.5,AT&T Stadium,72.0,0.0,indoor,Dallas Cowboys
2019-11-28,2019,13,Detroit Lions,20.0,24.0,Chicago Bears,CHI,-5.5,37,Ford Field,72.0,0.0,indoor,Detroit Lions
2019-12-01,2019,13,Arizona Cardinals,7.0,34.0,Los Angeles Rams,LAR,-2.5,47,University of Phoenix Stadium,72.0,0.0,indoor,Arizona Cardinals
2019-12-01,2019,13,Baltimore Ravens,20.0,17.0,San Francisco 49ers,BAL,-5.5,45,M&T Bank Stadium,,,,Baltimore Ravens
2019-12-01,2019,13,Carolina Panthers,21.0,29.0,Washington Commanders,CAR,-10.5,38.5,Bank of America Stadium,,,,Carolina Panthers
2019-12-01,2019,13,Cincinnati Bengals,22.0,6.0,New York Jets,NYJ,-3.0,43,Paul Brown Stadium,,,,Cincinnati Bengals
2019-12-01,2019,13,Denver Broncos,23.0,20.0,Los Angeles Chargers,LAC,-4.5,38.5,Sports Authority Field at Mile High,,,,Denver Broncos
2019-12-01,2019,13,Houston Texans,28.0,22.0,New England Patriots,NE,-3.0,47,NRG Stadium,72.0,0.0,indoor,Houston Texans
2019-12-01,2019,13,Indianapolis Colts,17.0,31.0,Tennessee Titans,TEN,-1.0,41.5,Lucas Oil Stadium,72.0,0.0,indoor,Indianapolis Colts
2019-12-01,2019,13,Jacksonville Jaguars,11.0,28.0,Tampa Bay Buccaneers,TB,-3.0,46.5,TIAA Bank Field,,,,Jacksonville Jaguars
2019-12-01,2019,13,Kansas City Chiefs,40.0,9.0,Las Vegas Raiders,KC,-10.5,49.5,Arrowhead Stadium,,,,Kansas City Chiefs
2019-12-01,2019,13,Miami Dolphins,37.0,31.0,Philadelphia Eagles,PHI,-10.0,44.5,Hard Rock Stadium,,,,Miami Dolphins
2019-12-01,2019,13,New York Giants,13.0,31.0,Green Bay Packers,GB,-6.5,43.5,MetLife Stadium,,,,New York Giants
2019-12-01,2019,13,Pittsburgh Steelers,20.0,13.0,Cleveland Browns,CLE,-1.0,40,Heinz Field,,,,Pittsburgh Steelers
2019-12-02,2019,13,Seattle Seahawks,37.0,30.0,Minnesota Vikings,SEA,-2.5,48.5,CenturyLink Field,,,,Seattle Seahawks
2019-12-05,2019,14,Chicago Bears,31.0,24.0,Dallas Cowboys,DAL,-3.0,43,Soldier Field,,,,Chicago Bears
2019-12-08,2019,14,Arizona Cardinals,17.0,23.0,Pittsburgh Steelers,PIT,-2.5,43.5,University of Phoenix Stadium,72.0,0.0,indoor,Arizona Cardinals
2019-12-08,2019,14,Atlanta Falcons,40.0,20.0,Carolina Panthers,ATL,-3.5,48,Mercedes-Benz Stadium,72.0,0.0,indoor,Atlanta Falcons
2019-12-08,2019,14,Buffalo Bills,17.0,24.0,Baltimore Ravens,BAL,-6.0,44,New Era Field,,,,Buffalo Bills
2019-12-08,2019,14,Cleveland Browns,27.0,19.0,Cincinnati Bengals,CLE,-6.5,43.5,FirstEnergy Stadium,,,,Cleveland Browns
2019-12-08,2019,14,Green Bay Packers,20.0,15.0,Washington Commanders,GB,-13.0,42,Lambeau Field,,,,Green Bay Packers
2019-12-08,2019,14,Houston Texans,24.0,38.0,Denver Broncos,HOU,-8.0,42.5,NRG Stadium,72.0,0.0,indoor,Houston Texans
2019-12-08,2019,14,Jacksonville Jaguars,10.0,45.0,Los Angeles Chargers,LAC,-3.0,42,TIAA Bank Field,,,,Jacksonville Jaguars
2019-12-08,2019,14,Los Angeles Rams,28.0,12.0,Seattle Seahawks,LAR,-1.0,47.5,Los Angeles Memorial Coliseum,,,,Los Angeles Rams
2019-12-08,2019,14,Minnesota Vikings,20.0,7.0,Detroit Lions,MIN,-11.5,44,U.S. Bank Stadium,72.0,0.0,indoor,Minnesota Vikings
2019-12-08,2019,14,New England Patriots,16.0,23.0,Kansas City Chiefs,NE,-3.0,48.5,Gillette Stadium,,,,New England Patriots
2019-12-08,2019,14,New Orleans Saints,46.0,48.0,San Francisco 49ers,NO,-1.5,45,Mercedes-Benz Superdome,72.0,0.0,indoor,New Orleans Saints
2019-12-08,2019,14,New York Jets,22.0,21.0,Miami Dolphins,NYJ,-5.0,47,MetLife Stadium,,,,New York Jets
2019-12-08,2019,14,Las Vegas Raiders,21.0,42.0,Tennessee Titans,TEN,-2.5,47,Oakland Coliseum,,,,Las Vegas Raiders
2019-12-08,2019,14,Tampa Bay Buccaneers,38.0,35.0,Indianapolis Colts,TB,-3.0,46.5,Raymond James Stadium,,,,Tampa Bay Buccaneers
2019-12-09,2019,14,Philadelphia Eagles,23.0,17.0,New York Giants,PHI,-9.5,45,Lincoln Financial Field,,,,Philadelphia Eagles
2019-12-12,2019,15,Baltimore Ravens,42.0,21.0,New York Jets,BAL,-17.0,44,M&T Bank Stadium,,,,Baltimore Ravens
2019-12-15,2019,15,Arizona Cardinals,38.0,24.0,Cleveland Browns,CLE,-3.0,49,University of Phoenix Stadium,72.0,0.0,indoor,Arizona Cardinals
2019-12-15,2019,15,Carolina Panthers,24.0,30.0,Seattle Seahawks,SEA,-6.0,48.5,Bank of America Stadium,,,,Carolina Panthers
2019-12-15,2019,15,Cincinnati Bengals,13.0,34.0,New England Patriots,NE,-10.5,41.5,Paul Brown Stadium,,,,Cincinnati Bengals
2019-12-15,2019,15,Dallas Cowboys,44.0,21.0,Los Angeles Rams,LAR,-1.0,48.5,AT&T Stadium,72.0,0.0,indoor,Dallas Cowboys
2019-12-15,2019,15,Detroit Lions,17.0,38.0,Tampa Bay Buccaneers,TB,-6.0,46,Ford Field,72.0,0.0,indoor,Detroit Lions
2019-12-15,2019,15,Green Bay Packers,21.0,13.0,Chicago Bears,GB,-4.5,41,Lambeau Field,,,,Green Bay Packers
2019-12-15,2019,15,Kansas City Chiefs,23.0,3.0,Denver Broncos,KC,-9.0,43,Arrowhead Stadium,,,,Kansas City Chiefs
2019-12-15,2019,15,Los Angeles Chargers,10.0,39.0,Minnesota Vikings,MIN,-1.0,45,Dignity Health Sports Park,,,,Los Angeles Chargers
2019-12-15,2019,15,New York Giants,36.0,20.0,Miami Dolphins,NYG,-3.5,46.5,MetLife Stadium,,,,New York Giants
2019-12-15,2019,15,Las Vegas Raiders,16.0,20.0,Jacksonville Jaguars,LVR,-6.5,46,Oakland Coliseum,,,,Las Vegas Raiders
2019-12-15,2019,15,Pittsburgh Steelers,10.0,17.0,Buffalo Bills,PIT,-1.0,37,Heinz Field,,,,Pittsburgh Steelers
2019-12-15,2019,15,San Francisco 49ers,22.0,29.0,Atlanta Falcons,SF,-10.0,49.5,Levi's Stadium,,,,San Francisco 49ers
2019-12-15,2019,15,Tennessee Titans,21.0,24.0,Houston Texans,TEN,-3.0,50,Nissan Stadium,,,,Tennessee Titans
2019-12-15,2019,15,Washington Commanders,27.0,37.0,Philadelphia Eagles,PHI,-6.5,38.5,FedEx Field,,,,Washington Commanders
2019-12-16,2019,15,New Orleans Saints,34.0,7.0,Indianapolis Colts,NO,-8.5,49,Mercedes-Benz Superdome,72.0,0.0,indoor,New Orleans Saints
2019-12-21,2019,16,New England Patriots,24.0,17.0,Buffalo Bills,NE,-6.5,38.5,Gillette Stadium,,,,New England Patriots
2019-12-21,2019,16,San Francisco 49ers,34.0,31.0,Los Angeles Rams,SF,-7.0,45.5,Levi's Stadium,,,,San Francisco 49ers
2019-12-21,2019,16,Tampa Bay Buccaneers,20.0,23.0,Houston Texans,HOU,-3.0,50.5,Raymond James Stadium,,,,Tampa Bay Buccaneers
2019-12-22,2019,16,Atlanta Falcons,24.0,12.0,Jacksonville Jaguars,ATL,-7.0,48,Mercedes-Benz Stadium,72.0,0.0,indoor,Atlanta Falcons
2019-12-22,2019,16,Chicago Bears,3.0,26.0,Kansas City Chiefs,KC,-7.0,45.5,Soldier Field,,,,Chicago Bears
2019-12-22,2019,16,Cleveland Browns,15.0,31.0,Baltimore Ravens,BAL,-10.0,49,FirstEnergy Stadium,,,,Cleveland Browns
2019-12-22,2019,16,Denver Broncos,27.0,17.0,Detroit Lions,DEN,-7.5,40,Sports Authority Field at Mile High,,,,Denver Broncos
2019-12-22,2019,16,Indianapolis Colts,38.0,6.0,Carolina Panthers,IND,-7.0,46.5,Lucas Oil Stadium,72.0,0.0,indoor,Indianapolis Colts
2019-12-22,2019,16,Los Angeles Chargers,17.0,24.0,Las Vegas Raiders,LAC,-7.5,45,Dignity Health Sports Park,,,,Los Angeles Chargers
2019-12-22,2019,16,Miami Dolphins,38.0,35.0,Cincinnati Bengals,CIN,-1.5,45,Hard Rock Stadium,,,,Miami Dolphins
2019-12-22,2019,16,New York Jets,16.0,10.0,Pittsburgh Steelers,PIT,-3.0,36.5,MetLife Stadium,,,,New York Jets
2019-12-22,2019,16,Philadelphia Eagles,17.0,9.0,Dallas Cowboys,DAL,-2.0,46.5,Lincoln Financial Field,,,,Philadelphia Eagles
2019-12-22,2019,16,Seattle Seahawks,13.0,27.0,Arizona Cardinals,SEA,-8.0,51,CenturyLink Field,,,,Seattle Seahawks
2019-12-22,2019,16,Tennessee Titans,28.0,38.0,New Orleans Saints,NO,-3.0,49,Nissan Stadium,,,,Tennessee Titans
2019-12-22,2019,16,Washington Commanders,35.0,41.0,New York Giants,NYG,-1.0,42,FedEx Field,,,,Washington Commanders
2019-12-23,2019,16,Minnesota Vikings,10.0,23.0,Green Bay Packers,MIN,-4.0,46.5,U.S. Bank Stadium,72.0,0.0,indoor,Minnesota Vikings
2019-12-29,2019,17,Baltimore Ravens,28.0,10.0,Pittsburgh Steelers,PIT,-1.0,35,M&T Bank Stadium,,,,Baltimore Ravens
2019-12-29,2019,17,Buffalo Bills,6.0,13.0,New York Jets,NYJ,-1.0,37,New Era Field,,,,Buffalo Bills
2019-12-29,2019,17,Carolina Panthers,10.0,42.0,New Orleans Saints,NO,-14.0,44.5,Bank of America Stadium,,,,Carolina Panthers
2019-12-29,2019,17,Cincinnati Bengals,33.0,23.0,Cleveland Browns,CLE,-2.5,43.5,Paul Brown Stadium,,,,Cincinnati Bengals
2019-12-29,2019,17,Dallas Cowboys,47.0,16.0,Washington Commanders,DAL,-12.5,47.5,AT&T Stadium,72.0,0.0,indoor,Dallas Cowboys
2019-12-29,2019,17,Denver Broncos,16.0,15.0,Las Vegas Raiders,DEN,-4.5,41,Sports Authority Field at Mile High,,,,Denver Broncos
2019-12-29,2019,17,Detroit Lions,20.0,23.0,Green Bay Packers,GB,-13.0,44,Ford Field,72.0,0.0,indoor,Detroit Lions
2019-12-29,2019,17,Houston Texans,14.0,35.0,Tennessee Titans,TEN,-10.0,43,NRG Stadium,72.0,0.0,indoor,Houston Texans
2019-12-29,2019,17,Jacksonville Jaguars,38.0,20.0,Indianapolis Colts,IND,-5.5,41.5,TIAA Bank Field,,,,Jacksonville Jaguars
2019-12-29,2019,17,Kansas City Chiefs,31.0,21.0,Los Angeles Chargers,KC,-9.5,46,Arrowhead Stadium,,,,Kansas City Chiefs
2019-12-29,2019,17,Los Angeles Rams,31.0,24.0,Arizona Cardinals,LAR,-7.0,45.5,Los Angeles Memorial Coliseum,,,,Los Angeles Rams
2019-12-29,2019,17,Minnesota Vikings,19.0,21.0,Chicago Bears,CHI,-4.5,36,U.S. Bank Stadium,72.0,0.0,indoor,Minnesota Vikings
2019-12-29,2019,17,New England Patriots,24.0,27.0,Miami Dolphins,NE,-17.0,45.5,Gillette Stadium,,,,New England Patriots
2019-12-29,2019,17,New York Giants,17.0,34.0,Philadelphia Eagles,PHI,-3.5,44.5,MetLife Stadium,,,,New York Giants
2019-12-29,2019,17,Seattle Seahawks,21.0,26.0,San Francisco 49ers,SF,-3.5,47,CenturyLink Field,,,,Seattle Seahawks
2019-12-29,2019,17,Tampa Bay Buccaneers,22.0,28.0,Atlanta Falcons,TB,-1.0,48.5,Raymond James Stadium,,,,Tampa Bay Buccaneers
2020-09-10,2020,1,Kansas City Chiefs,34.0,20.0,Houston Texans,KC,-9.0,54,Arrowhead Stadium,,,,Kansas City Chiefs
2020-09-13,2020,1,Atlanta Falcons,25.0,38.0,Seattle Seahawks,SEA,-1.0,49,Mercedes-Benz Stadium,72.0,0.0,indoor,Atlanta Falcons
2020-09-13,2020,1,Baltimore Ravens,38.0,6.0,Cleveland Browns,BAL,-7.0,47.5,M&T Bank Stadium,,,,Baltimore Ravens
2020-09-13,2020,1,Buffalo Bills,27.0,17.0,New York Jets,BUF,-6.5,39.5,New Era Field,,,,Buffalo Bills
2020-09-13,2020,1,Carolina Panthers,30.0,34.0,Las Vegas Raiders,LVR,-3.0,48,Bank of America Stadium,,,,Carolina Panthers
2020-09-13,2020,1,Cincinnati Bengals,13.0,16.0,Los Angeles Chargers,LAC,-3.0,41.5,Paul Brown Stadium,,,,Cincinnati Bengals
2020-09-13,2020,1,Detroit Lions,23.0,27.0,Chicago Bears,DET,-2.5,42.5,Ford Field,72.0,0.0,indoor,Detroit Lions
2020-09-13,2020,1,Jacksonville Jaguars,27.0,20.0,Indianapolis Colts,IND,-8.0,45,TIAA Bank Field,,,,Jacksonville Jaguars
2020-09-13,2020,1,Los Angeles Rams,20.0,17.0,Dallas Cowboys,DAL,-2.0,51.5,SoFi Stadium,72.0,0.0,indoor,Los Angeles Rams
2020-09-13,2020,1,Minnesota Vikings,34.0,43.0,Green Bay Packers,MIN,-2.5,44.5,U.S. Bank Stadium,72.0,0.0,indoor,Minnesota Vikings
2020-09-13,2020,1,New England Patriots,21.0,11.0,Miami Dolphins,NE,-7.0,41.5,Gillette Stadium,,,,New England Patriots
2020-09-13,2020,1,New Orleans Saints,34.0,23.0,Tampa Bay Buccaneers,NO,-3.5,47.5,Mercedes-Benz Superdome,72.0,0.0,indoor,New Orleans Saints
2020-09-13,2020,1,San Francisco 49ers,20.0,24.0,Arizona Cardinals,SF,-6.5,48,Levi's Stadium,,,,San Francisco 49ers
2020-09-13,2020,1,Washington Commanders,27.0,17.0,Philadelphia Eagles,PHI,-5.0,42,FedEx Field,,,,Washington Commanders
2020-09-14,2020,1,Denver Broncos,14.0,16.0,Tennessee Titans,TEN,-3.0,41,Sports Authority Field at Mile High,,,,Denver Broncos
2020-09-14,2020,1,New York Giants,16.0,26.0,Pittsburgh Steelers,PIT,-5.5,45,MetLife Stadium,,,,New York Giants
2020-09-17,2020,2,Cleveland Browns,35.0,30.0,Cincinnati Bengals,CLE,-6.0,43,FirstEnergy Stadium,,,,Cleveland Browns
2020-09-20,2020,2,Arizona Cardinals,30.0,15.0,Washington Commanders,ARI,-7.0,46.5,University of Phoenix Stadium,72.0,0.0,indoor,Arizona Cardinals
2020-09-20,2020,2,Chicago Bears,17.0,13.0,New York Giants,CHI,-5.5,42,Soldier Field,,,,Chicago Bears
2020-09-20,2020,2,Dallas Cowboys,40.0,39.0,Atlanta Falcons,DAL,-3.5,53.5,AT&T Stadium,72.0,0.0,indoor,Dallas Cowboys
2020-09-20,2020,2,Green Bay Packers,42.0,21.0,Detroit Lions,GB,-6.0,50,Lambeau Field,,,,Green Bay Packers
2020-09-20,2020,2,Houston Texans,16.0,33.0,Baltimore Ravens,BAL,-7.0,49,NRG Stadium,72.0,0.0,indoor,Houston Texans
2020-09-20,2020,2,Indianapolis Colts,28.0,11.0,Minnesota Vikings,IND,-3.0,49,Lucas Oil Stadium,72.0,0.0,indoor,Indianapolis Colts
2020-09-20,2020,2,Los Angeles Chargers,20.0,23.0,Kansas City Chiefs,KC,-8.5,47.5,SoFi Stadium,72.0,0.0,indoor,Los Angeles Chargers
2020-09-20,2020,2,Miami Dolphins,28.0,31.0,Buffalo Bills,BUF,-5.5,42,Hard Rock Stadium,,,,Miami Dolphins
2020-09-20,2020,2,New York Jets,13.0,31.0,San Francisco 49ers,SF,-7.0,41.5,MetLife Stadium,,,,New York Jets
2020-09-20,2020,2,Philadelphia Eagles,19.0,37.0,Los Angeles Rams,PHI,-1.5,45.5,Lincoln Financial Field,,,,Philadelphia Eagles
2020-09-20,2020,2,Pittsburgh Steelers,26.0,21.0,Denver Broncos,PIT,-6.5,40.5,Heinz Field,,,,Pittsburgh Steelers
2020-09-20,2020,2,Seattle Seahawks,35.0,30.0,New England Patriots,SEA,-4.0,44.5,CenturyLink Field,,,,Seattle Seahawks
2020-09-20,2020,2,Tampa Bay Buccaneers,31.0,17.0,Carolina Panthers,TB,-8.0,47,Raymond James Stadium,,,,Tampa Bay Buccaneers
2020-09-20,2020,2,Tennessee Titans,33.0,30.0,Jacksonville Jaguars,TEN,-7.5,44,Nissan Stadium,,,,Tennessee Titans
2020-09-21,2020,2,Las Vegas Raiders,34.0,24.0,New Orleans Saints,NO,-5.5,48.5,Allegiant Stadium,72.0,0.0,indoor,Las Vegas Raiders
2020-09-24,2020,3,Jacksonville Jaguars,13.0,31.0,Miami Dolphins,JAX,-3.0,48,TIAA Bank Field,,,,Jacksonville Jaguars
2020-09-27,2020,3,Arizona Cardinals,23.0,26.0,Detroit Lions,ARI,-5.5,55.5,University of Phoenix Stadium,72.0,0.0,indoor,Arizona Cardinals
2020-09-27,2020,3,Atlanta Falcons,26.0,30.0,Chicago Bears,ATL,-3.0,47,Mercedes-Benz Stadium,72.0,0.0,indoor,Atlanta Falcons
2020-09-27,2020,3,Buffalo Bills,35.0,32.0,Los Angeles Rams,BUF,-2.0,47,New Era Field,,,,Buffalo Bills
2020-09-27,2020,3,Cleveland Browns,34.0,20.0,Washington Commanders,CLE,-7.0,44.5,FirstEnergy Stadium,,,,Cleveland Browns
2020-09-27,2020,3,Denver Broncos,10.0,28.0,Tampa Bay Buccaneers,TB,-6.0,42.5,Sports Authority Field at Mile High,,,,Denver Broncos
2020-09-27,2020,3,Indianapolis Colts,36.0,7.0,New York Jets,IND,-11.5,44,Lucas Oil Stadium,72.0,0.0,indoor,Indianapolis Colts
2020-09-27,2020,3,Los Angeles Chargers,16.0,21.0,Carolina Panthers,LAC,-6.5,43.5,SoFi Stadium,72.0,0.0,indoor,Los Angeles Chargers
2020-09-27,2020,3,Minnesota Vikings,30.0,31.0,Tennessee Titans,TEN,-2.5,50,U.S. Bank Stadium,72.0,0.0,indoor,Minnesota Vikings
2020-09-27,2020,3,New England Patriots,36.0,20.0,Las Vegas Raiders,NE,-6.5,47,Gillette Stadium,,,,New England Patriots
2020-09-27,2020,3,New Orleans Saints,30.0,37.0,Green Bay Packers,NO,-3.0,53,Mercedes-Benz Superdome,72.0,0.0,indoor,New Orleans Saints
2020-09-27,2020,3,New York Giants,9.0,36.0,San Francisco 49ers,SF,-3.0,43,MetLife Stadium,,,,New York Giants
2020-09-27,2020,3,Philadelphia Eagles,23.0,23.0,Cincinnati Bengals,PHI,-4.5,47.5,Lincoln Financial Field,,,,Philadelphia Eagles
2020-09-27,2020,3,Pittsburgh Steelers,28.0,21.0,Houston Texans,PIT,-4.0,46,Heinz Field,,,,Pittsburgh Steelers
2020-09-27,2020,3,Seattle Seahawks,38.0,31.0,Dallas Cowboys,SEA,-5.0,56.5,CenturyLink Field,,,,Seattle Seahawks
2020-09-28,2020,3,Baltimore Ravens,20.0,34.0,Kansas City Chiefs,BAL,-3.0,54,M&T Bank Stadium,,,,Baltimore Ravens
2020-10-01,2020,4,New York Jets,28.0,37.0,Denver Broncos,NYJ,-1.5,41,MetLife Stadium,,,,New York Jets
2020-10-04,2020,4,Carolina Panthers,31.0,21.0,Arizona Cardinals,ARI,-3.0,51.5,Bank of America Stadium,,,,Carolina Panthers
2020-10-04,2020,4,Chicago Bears,11.0,19.0,Indianapolis Colts,IND,-3.0,43,Soldier Field,,,,Chicago Bears
2020-10-04,2020,4,Cincinnati Bengals,33.0,25.0,Jacksonville Jaguars,CIN,-2.5,49,Paul Brown Stadium,,,,Cincinnati Bengals
2020-10-04,2020,4,Dallas Cowboys,38.0,49.0,Cleveland Browns,DAL,-3.5,56,AT&T Stadium,72.0,0.0,indoor,Dallas Cowboys
2020-10-04,2020,4,Detroit Lions,29.0,35.0,New Orleans Saints,NO,-3.0,54.5,Ford Field,72.0,0.0,indoor,Detroit Lions
2020-10-04,2020,4,Houston Texans,23.0,31.0,Minnesota Vikings,HOU,-3.5,53.5,NRG Stadium,72.0,0.0,indoor,Houston Texans
2020-10-04,2020,4,Las Vegas Raiders,23.0,30.0,Buffalo Bills,BUF,-3.0,53,Allegiant Stadium,72.0,0.0,indoor,Las Vegas Raiders
2020-10-04,2020,4,Los Angeles Rams,17.0,9.0,New York Giants,LAR,-13.0,48.5,SoFi Stadium,72.0,0.0,indoor,Los Angeles Rams
2020-10-04,2020,4,Miami Dolphins,23.0,31.0,Seattle Seahawks,SEA,-5.5,54.5,Hard Rock Stadium,,,,Miami Dolphins
2020-10-04,2020,4,San Francisco 49ers,20.0,25.0,Philadelphia Eagles,SF,-7.5,45,Levi's Stadium,,,,San Francisco 49ers
2020-10-04,2020,4,Tampa Bay Buccaneers,38.0,31.0,Los Angeles Chargers,TB,-7.0,42.5,Raymond James Stadium,,,,Tampa Bay Buccaneers
2020-10-04,2020,4,Washington Commanders,17.0,31.0,Baltimore Ravens,BAL,-14.0,45,FedEx Field,,,,Washington Commanders
2020-10-05,2020,4,Green Bay Packers,30.0,16.0,Atlanta Falcons,GB,-7.0,56.5,Lambeau Field,,,,Green Bay Packers
2020-10-05,2020,4,Kansas City Chiefs,26.0,10.0,New England Patriots,KC,-7.0,53,Arrowhead Stadium,,,,Kansas City Chiefs
2020-10-08,2020,5,Chicago Bears,20.0,19.0,Tampa Bay Buccaneers,TB,-3.5,44.5,Soldier Field,,,,Chicago Bears
2020-10-11,2020,5,Atlanta Falcons,16.0,23.0,Carolina Panthers,ATL,-2.5,54,Mercedes-Benz Stadium,72.0,0.0,indoor,Atlanta Falcons
2020-10-11,2020,5,Baltimore Ravens,27.0,3.0,Cincinnati Bengals,BAL,-11.0,50.5,M&T Bank Stadium,,,,Baltimore Ravens
2020-10-11,2020,5,Cleveland Browns,32.0,23.0,Indianapolis Colts,CLE,-1.0,48,FirstEnergy Stadium,,,,Cleveland Browns
2020-10-11,2020,5,Dallas Cowboys,37.0,34.0,New York Giants,DAL,-8.0,53,AT&T Stadium,72.0,0.0,indoor,Dallas Cowboys
2020-10-11,2020,5,Houston Texans,30.0,14.0,Jacksonville Jaguars,HOU,-5.5,54.5,NRG Stadium,72.0,0.0,indoor,Houston Texans
2020-10-11,2020,5,Kansas City Chiefs,32.0,40.0,Las Vegas Raiders,KC,-10.5,54.5,Arrowhead Stadium,,,,Kansas City Chiefs
2020-10-11,2020,5,New York Jets,10.0,30.0,Arizona Cardinals,ARI,-7.0,47.5,MetLife Stadium,,,,New York Jets
2020-10-11,2020,5,Pittsburgh Steelers,38.0,29.0,Philadelphia Eagles,PIT,-7.0,43.5,Heinz Field,,,,Pittsburgh Steelers
2020-10-11,2020,5,San Francisco 49ers,17.0,43.0,Miami Dolphins,SF,-7.5,51,Levi's Stadium,,,,San Francisco 49ers
2020-10-11,2020,5,Seattle Seahawks,27.0,26.0,Minnesota Vikings,SEA,-6.5,56.5,CenturyLink Field,,,,Seattle Seahawks
2020-10-11,2020,5,Washington Commanders,10.0,30.0,Los Angeles Rams,LAR,-7.0,46,FedEx Field,,,,Washington Commanders
2020-10-12,2020,5,New Orleans Saints,30.0,27.0,Los Angeles Chargers,NO,-7.0,49.5,Mercedes-Benz Superdome,72.0,0.0,indoor,New Orleans Saints
2020-10-13,2020,5,Tennessee Titans,42.0,16.0,Buffalo Bills,BUF,-3.5,53,Nissan Stadium,,,,Tennessee Titans
2020-10-18,2020,6,Carolina Panthers,16.0,23.0,Chicago Bears,CAR,-1.5,44.5,Bank of America Stadium,,,,Carolina Panthers
2020-10-18,2020,6,Indianapolis Colts,31.0,27.0,Cincinnati Bengals,IND,-7.5,45.5,Lucas Oil Stadium,72.0,0.0,indoor,Indianapolis Colts
2020-10-18,2020,6,Jacksonville Jaguars,16.0,34.0,Detroit Lions,DET,-3.0,54.5,TIAA Bank Field,,,,Jacksonville Jaguars
2020-10-18,2020,6,Miami Dolphins,24.0,0.0,New York Jets,MIA,-9.0,47,Hard Rock Stadium,,,,Miami Dolphins
2020-10-18,2020,6,Minnesota Vikings,23.0,40.0,Atlanta Falcons,MIN,-4.0,54,U.S. Bank Stadium,72.0,0.0,indoor,Minnesota Vikings
2020-10-18,2020,6,New England Patriots,12.0,18.0,Denver Broncos,NE,-8.0,45,Gillette Stadium,,,,New England Patriots
2020-10-18,2020,6,New York Giants,20.0,19.0,Washington Commanders,NYG,-2.5,43,MetLife Stadium,,,,New York Giants
2020-10-18,2020,6,Philadelphia Eagles,28.0,30.0,Baltimore Ravens,BAL,-10.0,46.5,Lincoln Financial Field,,,,Philadelphia Eagles
2020-10-18,2020,6,Pittsburgh Steelers,38.0,7.0,Cleveland Browns,PIT,-3.0,51,Heinz Field,,,,Pittsburgh Steelers
2020-10-18,2020,6,San Francisco 49ers,24.0,16.0,Los Angeles Rams,LAR,-2.5,51.5,Levi's Stadium,,,,San Francisco 49ers
2020-10-18,2020,6,Tampa Bay Buccaneers,38.0,10.0,Green Bay Packers,GB,-1.0,55,Raymond James Stadium,,,,Tampa Bay Buccaneers
2020-10-18,2020,6,Tennessee Titans,42.0,36.0,Houston Texans,TEN,-3.5,53.5,Nissan Stadium,,,,Tennessee Titans
2020-10-19,2020,6,Buffalo Bills,17.0,26.0,Kansas City Chiefs,KC,-5.0,57.5,New Era Field,,,,Buffalo Bills
2020-10-19,2020,6,Dallas Cowboys,10.0,38.0,Arizona Cardinals,ARI,-1.0,55,AT&T Stadium,72.0,0.0,indoor,Dallas Cowboys
2020-10-22,2020,7,Philadelphia Eagles,22.0,21.0,New York Giants,PHI,-4.5,45,Lincoln Financial Field,,,,Philadelphia Eagles
2020-10-25,2020,7,Arizona Cardinals,37.0,34.0,Seattle Seahawks,SEA,-3.5,56,University of Phoenix Stadium,72.0,0.0,indoor,Arizona Cardinals
2020-10-25,2020,7,Atlanta Falcons,22.0,23.0,Detroit Lions,ATL,-2.0,55,Mercedes-Benz Stadium,72.0,0.0,indoor,Atlanta Falcons
2020-10-25,2020,7,Cincinnati Bengals,34.0,37.0,Cleveland Browns,CLE,-3.0,51,Paul Brown Stadium,,,,Cincinnati Bengals
2020-10-25,2020,7,Denver Broncos,16.0,43.0,Kansas City Chiefs,KC,-7.0,46,Sports Authority Field at Mile High,,,,Denver Broncos
2020-10-25,2020,7,Houston Texans,20.0,35.0,Green Bay Packers,GB,-3.0,57,NRG Stadium,72.0,0.0,indoor,Houston Texans
2020-10-25,2020,7,Las Vegas Raiders,20.0,45.0,Tampa Bay Buccaneers,TB,-3.5,52,Allegiant Stadium,72.0,0.0,indoor,Las Vegas Raiders
2020-10-25,2020,7,Los Angeles Chargers,39.0,29.0,Jacksonville Jaguars,LAC,-7.5,48.5,SoFi Stadium,72.0,0.0,indoor,Los Angeles Chargers
2020-10-25,2020,7,New England Patriots,6.0,33.0,San Francisco 49ers,NE,-3.0,44.5,Gillette Stadium,,,,New England Patriots
2020-10-25,2020,7,New Orleans Saints,27.0,24.0,Carolina Panthers,NO,-6.5,50,Mercedes-Benz Superdome,72.0,0.0,indoor,New Orleans Saints
2020-10-25,2020,7,New York Jets,10.0,18.0,Buffalo Bills,BUF,-10.0,46,MetLife Stadium,,,,New York Jets
2020-10-25,2020,7,Tennessee Titans,24.0,27.0,Pittsburgh Steelers,TEN,-1.0,51,Nissan Stadium,,,,Tennessee Titans
2020-10-25,2020,7,Washington Commanders,25.0,3.0,Dallas Cowboys,WAS,-1.0,45,FedEx Field,,,,Washington Commanders
2020-10-26,2020,7,Los Angeles Rams,24.0,10.0,Chicago Bears,LAR,-6.0,45,SoFi Stadium,72.0,0.0,indoor,Los Angeles Rams
2020-10-29,2020,8,Carolina Panthers,17.0,25.0,Atlanta Falcons,CAR,-2.0,51,Bank of America Stadium,,,,Carolina Panthers
2020-11-01,2020,8,Baltimore Ravens,24.0,28.0,Pittsburgh Steelers,BAL,-4.0,46,M&T Bank Stadium,,,,Baltimore Ravens
2020-11-01,2020,8,Buffalo Bills,24.0,21.0,New England Patriots,BUF,-4.5,40.5,New Era Field,,,,Buffalo Bills
2020-11-01,2020,8,Chicago Bears,23.0,26.0,New Orleans Saints,NO,-4.0,43,Soldier Field,,,,Chicago Bears
2020-11-01,2020,8,Cincinnati Bengals,31.0,20.0,Tennessee Titans,TEN,-7.0,50.5,Paul Brown Stadium,,,,Cincinnati Bengals
2020-11-01,2020,8,Cleveland Browns,6.0,16.0,Las Vegas Raiders,CLE,-1.5,48,FirstEnergy Stadium,,,,Cleveland Browns
2020-11-01,2020,8,Denver Broncos,31.0,30.0,Los Angeles Chargers,LAC,-3.5,44.5,Sports Authority Field at Mile High,,,,Denver Broncos
2020-11-01,2020,8,Detroit Lions,21.0,41.0,Indianapolis Colts,IND,-3.0,49.5,Ford Field,72.0,0.0,indoor,Detroit Lions
2020-11-01,2020,8,Green Bay Packers,22.0,28.0,Minnesota Vikings,GB,-6.5,50,Lambeau Field,,,,Green Bay Packers
2020-11-01,2020,8,Kansas City Chiefs,35.0,9.0,New York Jets,KC,-19.5,49,Arrowhead Stadium,,,,Kansas City Chiefs
2020-11-01,2020,8,Miami Dolphins,28.0,17.0,Los Angeles Rams,LAR,-3.5,45.5,Hard Rock Stadium,,,,Miami Dolphins
2020-11-01,2020,8,Philadelphia Eagles,23.0,9.0,Dallas Cowboys,PHI,-11.5,42.5,Lincoln Financial Field,,,,Philadelphia Eagles
2020-11-01,2020,8,Seattle Seahawks,37.0,27.0,San Francisco 49ers,SEA,-3.0,53.5,CenturyLink Field,,,,Seattle Seahawks
2020-11-02,2020,8,New York Giants,23.0,25.0,Tampa Bay Buccaneers,TB,-12.5,45,MetLife Stadium,,,,New York Giants
2020-11-05,2020,9,San Francisco 49ers,17.0,34.0,Green Bay Packers,GB,-7.5,48.5,Levi's Stadium,,,,San Francisco 49ers
2020-11-08,2020,9,Arizona Cardinals,31.0,34.0,Miami Dolphins,ARI,-5.5,49,University of Phoenix Stadium,72.0,0.0,indoor,Arizona Cardinals
2020-11-08,2020,9,Atlanta Falcons,34.0,27.0,Denver Broncos,ATL,-4.0,49,Mercedes-Benz Stadium,72.0,0.0,indoor,Atlanta Falcons
2020-11-08,2020,9,Buffalo Bills,44.0,34.0,Seattle Seahawks,SEA,-3.0,55,New Era Field,,,,Buffalo Bills
2020-11-08,2020,9,Dallas Cowboys,19.0,24.0,Pittsburgh Steelers,PIT,-14.0,44,AT&T Stadium,72.0,0.0,indoor,Dallas Cowboys
2020-11-08,2020,9,Indianapolis Colts,10.0,24.0,Baltimore Ravens,BAL,-1.0,48,Lucas Oil Stadium,72.0,0.0,indoor,Indianapolis Colts
2020-11-08,2020,9,Jacksonville Jaguars,25.0,27.0,Houston Texans,HOU,-6.5,49.5,TIAA Bank Field,,,,Jacksonville Jaguars
2020-11-08,2020,9,Kansas City Chiefs,33.0,31.0,Carolina Panthers,KC,-10.0,51.5,Arrowhead Stadium,,,,Kansas City Chiefs
2020-11-08,2020,9,Los Angeles Chargers,26.0,31.0,Las Vegas Raiders,LVR,-1.0,52.5,SoFi Stadium,72.0,0.0,indoor,Los Angeles Chargers
2020-11-08,2020,9,Minnesota Vikings,34.0,20.0,Detroit Lions,MIN,-4.0,52,U.S. Bank Stadium,72.0,0.0,indoor,Minnesota Vikings
2020-11-08,2020,9,Tampa Bay Buccaneers,3.0,38.0,New Orleans Saints,TB,-4.0,50.5,Raymond James Stadium,,,,Tampa Bay Buccaneers
2020-11-08,2020,9,Tennessee Titans,24.0,17.0,Chicago Bears,TEN,-6.5,47,Nissan Stadium,,,,Tennessee Titans
2020-11-08,2020,9,Washington Commanders,20.0,23.0,New York Giants,WAS,-2.5,43,FedEx Field,,,,Washington Commanders
2020-11-09,2020,9,New York Jets,27.0,30.0,New England Patriots,NE,-9.5,41.5,MetLife Stadium,,,,New York Jets
2020-11-12,2020,10,Tennessee Titans,17.0,34.0,Indianapolis Colts,TEN,-1.0,48.5,Nissan Stadium,,,,Tennessee Titans
2020-11-15,2020,10,Arizona Cardinals,32.0,30.0,Buffalo Bills,ARI,-2.5,56,University of Phoenix Stadium,72.0,0.0,indoor,Arizona Cardinals
2020-11-15,2020,10,Carolina Panthers,23.0,46.0,Tampa Bay Buccaneers,TB,-6.0,51,Bank of America Stadium,,,,Carolina Panthers
2020-11-15,2020,10,Cleveland Browns,10.0,7.0,Houston Texans,CLE,-4.0,45.5,FirstEnergy Stadium,,,,Cleveland Browns
2020-11-15,2020,10,Detroit Lions,30.0,27.0,Washington Commanders,DET,-3.0,46,Ford Field,72.0,0.0,indoor,Detroit Lions
2020-11-15,2020,10,Green Bay Packers,24.0,20.0,Jacksonville Jaguars,GB,-14.0,47.5,Lambeau Field,,,,Green Bay Packers
2020-11-15,2020,10,Las Vegas Raiders,37.0,12.0,Denver Broncos,LVR,-3.5,50.5,Allegiant Stadium,72.0,0.0,indoor,Las Vegas Raiders
2020-11-15,2020,10,Los Angeles Rams,23.0,16.0,Seattle Seahawks,LAR,-3.0,54.5,SoFi Stadium,72.0,0.0,indoor,Los Angeles Rams
2020-11-15,2020,10,Miami Dolphins,29.0,21.0,Los Angeles Chargers,MIA,-2.0,48.5,Hard Rock Stadium,,,,Miami Dolphins
2020-11-15,2020,10,New England Patriots,23.0,17.0,Baltimore Ravens,BAL,-7.0,43.5,Gillette Stadium,,,,New England Patriots
2020-11-15,2020,10,New Orleans Saints,27.0,13.0,San Francisco 49ers,NO,-9.5,49.5,Mercedes-Benz Superdome,72.0,0.0,indoor,New Orleans Saints
2020-11-15,2020,10,New York Giants,27.0,17.0,Philadelphia Eagles,PHI,-4.0,44.5,MetLife Stadium,,,,New York Giants
2020-11-15,2020,10,Pittsburgh Steelers,36.0,10.0,Cincinnati Bengals,PIT,-7.0,46.5,Heinz Field,,,,Pittsburgh Steelers
2020-11-16,2020,10,Chicago Bears,13.0,19.0,Minnesota Vikings,MIN,-3.0,43.5,Soldier Field,,,,Chicago Bears
2020-11-19,2020,11,Seattle Seahawks,28.0,21.0,Arizona Cardinals,SEA,-3.0,57.5,CenturyLink Field,,,,Seattle Seahawks
2020-11-22,2020,11,Baltimore Ravens,24.0,30.0,Tennessee Titans,BAL,-6.0,50,M&T Bank Stadium,,,,Baltimore Ravens
2020-11-22,2020,11,Carolina Panthers,20.0,0.0,Detroit Lions,DET,-1.5,46.5,Bank of America Stadium,,,,Carolina Panthers
2020-11-22,2020,11,Cleveland Browns,22.0,17.0,Philadelphia Eagles,CLE,-3.0,47,FirstEnergy Stadium,,,,Cleveland Browns
2020-11-22,2020,11,Denver Broncos,20.0,13.0,Miami Dolphins,MIA,-3.5,46,Sports Authority Field at Mile High,,,,Denver Broncos
2020-11-22,2020,11,Houston Texans,27.0,20.0,New England Patriots,NE,-2.5,49,NRG Stadium,72.0,0.0,indoor,Houston Texans
2020-11-22,2020,11,Indianapolis Colts,34.0,31.0,Green Bay Packers,IND,-1.5,51.5,Lucas Oil Stadium,72.0,0.0,indoor,Indianapolis Colts
2020-11-22,2020,11,Jacksonville Jaguars,3.0,27.0,Pittsburgh Steelers,PIT,-10.5,46,TIAA Bank Field,,,,Jacksonville Jaguars
2020-11-22,2020,11,Las Vegas Raiders,31.0,35.0,Kansas City Chiefs,KC,-7.5,57,Allegiant Stadium,72.0,0.0,indoor,Las Vegas Raiders
2020-11-22,2020,11,Los Angeles Chargers,34.0,28.0,New York Jets,LAC,-9.5,46.5,SoFi Stadium,72.0,0.0,indoor,Los Angeles Chargers
2020-11-22,2020,11,Minnesota Vikings,28.0,31.0,Dallas Cowboys,MIN,-7.0,48.5,U.S. Bank Stadium,72.0,0.0,indoor,Minnesota Vikings
2020-11-22,2020,11,New Orleans Saints,24.0,9.0,Atlanta Falcons,NO,-3.5,49,Mercedes-Benz Superdome,72.0,0.0,indoor,New Orleans Saints
2020-11-22,2020,11,Washington Commanders,20.0,9.0,Cincinnati Bengals,WAS,-1.5,47,FedEx Field,,,,Washington Commanders
2020-11-23,2020,11,Tampa Bay Buccaneers,24.0,27.0,Los Angeles Rams,TB,-4.5,48,Raymond James Stadium,,,,Tampa Bay Buccaneers
2020-11-26,2020,12,Dallas Cowboys,16.0,41.0,Washington Commanders,DAL,-3.0,46,AT&T Stadium,72.0,0.0,indoor,Dallas Cowboys
2020-11-26,2020,12,Detroit Lions,25.0,41.0,Houston Texans,HOU,-3.0,51,Ford Field,72.0,0.0,indoor,Detroit Lions
2020-11-29,2020,12,Atlanta Falcons,43.0,6.0,Las Vegas Raiders,LVR,-3.0,53.5,Mercedes-Benz Stadium,72.0,0.0,indoor,Atlanta Falcons
2020-11-29,2020,12,Buffalo Bills,27.0,17.0,Los Angeles Chargers,BUF,-4.5,52,New Era Field,,,,Buffalo Bills
2020-11-29,2020,12,Cincinnati Bengals,17.0,19.0,New York Giants,NYG,-6.0,44.5,Paul Brown Stadium,,,,Cincinnati Bengals
2020-11-29,2020,12,Denver Broncos,3.0,31.0,New Orleans Saints,NO,-14.5,36.5,Sports Authority Field at Mile High,,,,Denver Broncos
2020-11-29,2020,12,Green Bay Packers,41.0,25.0,Chicago Bears,GB,-9.5,44,Lambeau Field,,,,Green Bay Packers
2020-11-29,2020,12,Indianapolis Colts,26.0,45.0,Tennessee Titans,IND,-3.0,51.5,Lucas Oil Stadium,72.0,0.0,indoor,Indianapolis Colts
2020-11-29,2020,12,Jacksonville Jaguars,25.0,27.0,Cleveland Browns,CLE,-7.0,48.5,TIAA Bank Field,,,,Jacksonville Jaguars
2020-11-29,2020,12,Los Angeles Rams,20.0,23.0,San Francisco 49ers,LAR,-6.5,44.5,SoFi Stadium,72.0,0.0,indoor,Los Angeles Rams
2020-11-29,2020,12,Minnesota Vikings,28.0,27.0,Carolina Panthers,MIN,-3.0,50,U.S. Bank Stadium,72.0,0.0,indoor,Minnesota Vikings
2020-11-29,2020,12,New England Patriots,20.0,17.0,Arizona Cardinals,ARI,-2.0,49,Gillette Stadium,,,,New England Patriots
2020-11-29,2020,12,New York Jets,3.0,20.0,Miami Dolphins,MIA,-7.0,44.5,MetLife Stadium,,,,New York Jets
2020-11-29,2020,12,Tampa Bay Buccaneers,24.0,27.0,Kansas City Chiefs,KC,-3.5,56,Raymond James Stadium,,,,Tampa Bay Buccaneers
2020-11-30,2020,12,Philadelphia Eagles,17.0,23.0,Seattle Seahawks,SEA,-6.5,49,Lincoln Financial Field,,,,Philadelphia Eagles
2020-12-02,2020,12,Pittsburgh Steelers,19.0,14.0,Baltimore Ravens,PIT,-5.0,44.5,Heinz Field,,,,Pittsburgh Steelers
2020-12-06,2020,13,Arizona Cardinals,28.0,38.0,Los Angeles Rams,LAR,-2.5,48.5,University of Phoenix Stadium,72.0,0.0,indoor,Arizona Cardinals
2020-12-06,2020,13,Atlanta Falcons,16.0,21.0,New Orleans Saints,NO,-2.5,46,Mercedes-Benz Stadium,72.0,0.0,indoor,Atlanta Falcons
2020-12-06,2020,13,Chicago Bears,30.0,34.0,Detroit Lions,CHI,-3.0,44,Soldier Field,,,,Chicago Bears
2020-12-06,2020,13,Green Bay Packers,30.0,16.0,Philadelphia Eagles,GB,-8.5,49.5,Lambeau Field,,,,Green Bay Packers
2020-12-06,2020,13,Houston Texans,20.0,26.0,Indianapolis Colts,IND,-3.5,50,NRG Stadium,72.0,0.0,indoor,Houston Texans
2020-12-06,2020,13,Kansas City Chiefs,22.0,16.0,Denver Broncos,KC,-13.0,51.5,Arrowhead Stadium,,,,Kansas City Chiefs
2020-12-06,2020,13,Los Angeles Chargers,0.0,45.0,New England Patriots,LAC,-2.0,47,SoFi Stadium,72.0,0.0,indoor,Los Angeles Chargers
2020-12-06,2020,13,Miami Dolphins,19.0,7.0,Cincinnati Bengals,MIA,-10.0,43,Hard Rock Stadium,,,,Miami Dolphins
2020-12-06,2020,13,Minnesota Vikings,27.0,24.0,Jacksonville Jaguars,MIN,-10.0,51.5,U.S. Bank Stadium,72.0,0.0,indoor,Minnesota Vikings
2020-12-06,2020,13,New York Jets,28.0,31.0,Las Vegas Raiders,LVR,-7.5,48.5,MetLife Stadium,,,,New York Jets
2020-12-06,2020,13,Seattle Seahawks,12.0,17.0,New York Giants,SEA,-11.0,48,CenturyLink Field,,,,Seattle Seahawks
2020-12-06,2020,13,Tennessee Titans,35.0,41.0,Cleveland Browns,TEN,-3.5,53.5,Nissan Stadium,,,,Tennessee Titans
2020-12-07,2020,13,Pittsburgh Steelers,17.0,23.0,Washington Commanders,PIT,-6.0,43.5,Heinz Field,,,,Pittsburgh Steelers
2020-12-07,2020,13,San Francisco 49ers,24.0,34.0,Buffalo Bills,SF,-1.5,48,State Farm Stadium,72.0,0.0,indoor,San Francisco 49ers
2020-12-08,2020,13,Baltimore Ravens,34.0,17.0,Dallas Cowboys,BAL,-8.5,45.5,M&T Bank Stadium,,,,Baltimore Ravens
2020-12-10,2020,14,Los Angeles Rams,24.0,3.0,New England Patriots,LAR,-5.0,43.5,SoFi Stadium,72.0,0.0,indoor,Los Angeles Rams
2020-12-13,2020,14,Buffalo Bills,26.0,15.0,Pittsburgh Steelers,BUF,-2.0,48.5,New Era Field,,,,Buffalo Bills
2020-12-13,2020,14,Carolina Panthers,27.0,32.0,Denver Broncos,CAR,-4.0,45.5,Bank of America Stadium,,,,Carolina Panthers
2020-12-13,2020,14,Chicago Bears,36.0,7.0,Houston Texans,HOU,-1.0,46.5,Soldier Field,,,,Chicago Bears
2020-12-13,2020,14,Cincinnati Bengals,7.0,30.0,Dallas Cowboys,DAL,-3.0,44,Paul Brown Stadium,,,,Cincinnati Bengals
2020-12-13,2020,14,Detroit Lions,24.0,31.0,Green Bay Packers,GB,-9.0,55.5,Ford Field,72.0,0.0,indoor,Detroit Lions
2020-12-13,2020,14,Jacksonville Jaguars,10.0,31.0,Tennessee Titans,TEN,-7.5,53,TIAA Bank Field,,,,Jacksonville Jaguars
2020-12-13,2020,14,Las Vegas Raiders,27.0,44.0,Indianapolis Colts,IND,-2.5,52,Allegiant Stadium,72.0,0.0,indoor,Las Vegas Raiders
2020-12-13,2020,14,Los Angeles Chargers,20.0,17.0,Atlanta Falcons,LAC,-1.0,49,SoFi Stadium,72.0,0.0,indoor,Los Angeles Chargers
2020-12-13,2020,14,Miami Dolphins,27.0,33.0,Kansas City Chiefs,KC,-7.0,51.5,Hard Rock Stadium,,,,Miami Dolphins
2020-12-13,2020,14,New York Giants,7.0,26.0,Arizona Cardinals,ARI,-3.0,47.5,MetLife Stadium,,,,New York Giants
2020-12-13,2020,14,Philadelphia Eagles,24.0,21.0,New Orleans Saints,NO,-7.5,42.5,Lincoln Financial Field,,,,Philadelphia Eagles
2020-12-13,2020,14,San Francisco 49ers,15.0,23.0,Washington Commanders,SF,-3.0,43.5,Levi's Stadium,,,,San Francisco 49ers
2020-12-13,2020,14,Seattle Seahawks,40.0,3.0,New York Jets,SEA,-16.5,49,CenturyLink Field,,,,Seattle Seahawks
2020-12-13,2020,14,Tampa Bay Buccaneers,26.0,14.0,Minnesota Vikings,TB,-7.0,52.5,Raymond James Stadium,,,,Tampa Bay Buccaneers
2020-12-14,2020,14,Cleveland Browns,42.0,47.0,Baltimore Ravens,BAL,-3.0,45.5,FirstEnergy Stadium,,,,Cleveland Browns
2020-12-17,2020,15,Las Vegas Raiders,27.0,30.0,Los Angeles Chargers,LVR,-3.5,52.5,Allegiant Stadium,72.0,0.0,indoor,Las Vegas Raiders
2020-12-19,2020,15,Denver Broncos,19.0,48.0,Buffalo Bills,BUF,-6.0,48,Sports Authority Field at Mile High,,,,Denver Broncos
2020-12-19,2020,15,Green Bay Packers,24.0,16.0,Carolina Panthers,GB,-9.0,53,Lambeau Field,,,,Green Bay Packers
2020-12-20,2020,15,Arizona Cardinals,33.0,26.0,Philadelphia Eagles,ARI,-6.0,49.5,University of Phoenix Stadium,72.0,0.0,indoor,Arizona Cardinals
2020-12-20,2020,15,Atlanta Falcons,27.0,31.0,Tampa Bay Buccaneers,TB,-6.0,49.5,Mercedes-Benz Stadium,72.0,0.0,indoor,Atlanta Falcons
2020-12-20,2020,15,Baltimore Ravens,40.0,14.0,Jacksonville Jaguars,BAL,-12.5,49,M&T Bank Stadium,,,,Baltimore Ravens
2020-12-20,2020,15,Dallas Cowboys,41.0,33.0,San Francisco 49ers,SF,-4.0,45.5,AT&T Stadium,72.0,0.0,indoor,Dallas Cowboys
2020-12-20,2020,15,Indianapolis Colts,27.0,20.0,Houston Texans,IND,-7.5,52.5,Lucas Oil Stadium,72.0,0.0,indoor,Indianapolis Colts
2020-12-20,2020,15,Los Angeles Rams,20.0,23.0,New York Jets,LAR,-17.0,44.5,SoFi Stadium,72.0,0.0,indoor,Los Angeles Rams
2020-12-20,2020,15,Miami Dolphins,22.0,12.0,New England Patriots,NE,-1.0,40,Hard Rock Stadium,,,,Miami Dolphins
2020-12-20,2020,15,Minnesota Vikings,27.0,33.0,Chicago Bears,MIN,-3.0,47,U.S. Bank Stadium,72.0,0.0,indoor,Minnesota Vikings
2020-12-20,2020,15,New Orleans Saints,29.0,32.0,Kansas City Chiefs,KC,-2.5,54,Mercedes-Benz Superdome,72.0,0.0,indoor,New Orleans Saints
2020-12-20,2020,15,New York Giants,6.0,20.0,Cleveland Browns,CLE,-6.5,44.5,MetLife Stadium,,,,New York Giants
2020-12-20,2020,15,Tennessee Titans,46.0,25.0,Detroit Lions,TEN,-8.5,54,Nissan Stadium,,,,Tennessee Titans
2020-12-20,2020,15,Washington Commanders,15.0,20.0,Seattle Seahawks,SEA,-6.0,44,FedEx Field,,,,Washington Commanders
2020-12-21,2020,15,Cincinnati Bengals,27.0,17.0,Pittsburgh Steelers,PIT,-14.5,40.5,Paul Brown Stadium,,,,Cincinnati Bengals
2020-12-25,2020,16,New Orleans Saints,52.0,33.0,Minnesota Vikings,NO,-6.5,49.5,Mercedes-Benz Superdome,72.0,0.0,indoor,New Orleans Saints
2020-12-26,2020,16,Arizona Cardinals,12.0,20.0,San Francisco 49ers,ARI,-6.0,49,University of Phoenix Stadium,72.0,0.0,indoor,Arizona Cardinals
2020-12-26,2020,16,Detroit Lions,7.0,47.0,Tampa Bay Buccaneers,TB,-12.0,55,Ford Field,72.0,0.0,indoor,Detroit Lions
2020-12-26,2020,16,Las Vegas Raiders,25.0,26.0,Miami Dolphins,MIA,-2.5,50,Allegiant Stadium,72.0,0.0,indoor,Las Vegas Raiders
2020-12-27,2020,16,Baltimore Ravens,27.0,13.0,New York Giants,BAL,-9.5,43.5,M&T Bank Stadium,,,,Baltimore Ravens
2020-12-27,2020,16,Dallas Cowboys,37.0,17.0,Philadelphia Eagles,PHI,-3.0,50.5,AT&T Stadium,72.0,0.0,indoor,Dallas Cowboys
2020-12-27,2020,16,Green Bay Packers,40.0,14.0,Tennessee Titans,GB,-3.0,52.5,Lambeau Field,,,,Green Bay Packers
2020-12-27,2020,16,Houston Texans,31.0,37.0,Cincinnati Bengals,HOU,-7.5,46,NRG Stadium,72.0,0.0,indoor,Houston Texans
2020-12-27,2020,16,Jacksonville Jaguars,17.0,41.0,Chicago Bears,CHI,-9.5,47,TIAA Bank Field,,,,Jacksonville Jaguars
2020-12-27,2020,16,Kansas City Chiefs,17.0,14.0,Atlanta Falcons,KC,-11.0,54,Arrowhead Stadium,,,,Kansas City Chiefs
2020-12-27,2020,16,Los Angeles Chargers,19.0,16.0,Denver Broncos,LAC,-2.0,47.5,SoFi Stadium,72.0,0.0,indoor,Los Angeles Chargers
2020-12-27,2020,16,New York Jets,23.0,16.0,Cleveland Browns,CLE,-6.5,45,MetLife Stadium,,,,New York Jets
2020-12-27,2020,16,Pittsburgh Steelers,28.0,24.0,Indianapolis Colts,IND,-1.0,42.5,Heinz Field,,,,Pittsburgh Steelers
2020-12-27,2020,16,Seattle Seahawks,20.0,9.0,Los Angeles Rams,SEA,-1.5,48,CenturyLink Field,,,,Seattle Seahawks
2020-12-27,2020,16,Washington Commanders,13.0,20.0,Carolina Panthers,CAR,-1.0,42,FedEx Field,,,,Washington Commanders
2020-12-28,2020,16,New England Patriots,9.0,38.0,Buffalo Bills,BUF,-7.0,47,Gillette Stadium,,,,New England Patriots
2021-01-03,2020,17,Buffalo Bills,56.0,26.0,Miami Dolphins,MIA,-3.0,42.5,New Era Field,,,,Buffalo Bills
2021-01-03,2020,17,Carolina Panthers,7.0,33.0,New Orleans Saints,NO,-6.0,46.5,Bank of America Stadium,,,,Carolina Panthers
2021-01-03,2020,17,Chicago Bears,16.0,35.0,Green Bay Packers,GB,-4.5,48.5,Soldier Field,,,,Chicago Bears
2021-01-03,2020,17,Cincinnati Bengals,3.0,38.0,Baltimore Ravens,BAL,-13.5,45,Paul Brown Stadium,,,,Cincinnati Bengals
2021-01-03,2020,17,Cleveland Browns,24.0,22.0,Pittsburgh Steelers,CLE,-10.5,44.5,FirstEnergy Stadium,,,,Cleveland Browns
2021-01-03,2020,17,Denver Broncos,31.0,32.0,Las Vegas Raiders,LVR,-2.5,50.5,Sports Authority Field at Mile High,,,,Denver Broncos
2021-01-03,2020,17,Detroit Lions,35.0,37.0,Minnesota Vikings,MIN,-3.0,53.5,Ford Field,72.0,0.0,indoor,Detroit Lions
2021-01-03,2020,17,Houston Texans,38.0,41.0,Tennessee Titans,TEN,-7.0,55.5,NRG Stadium,72.0,0.0,indoor,Houston Texans
2021-01-03,2020,17,Indianapolis Colts,28.0,14.0,Jacksonville Jaguars,IND,-15.5,48,Lucas Oil Stadium,72.0,0.0,indoor,Indianapolis Colts
2021-01-03,2020,17,Kansas City Chiefs,21.0,38.0,Los Angeles Chargers,LAC,-6.5,43,Arrowhead Stadium,,,,Kansas City Chiefs
2021-01-03,2020,17,Los Angeles Rams,18.0,7.0,Arizona Cardinals,LAR,-1.0,42,SoFi Stadium,72.0,0.0,indoor,Los Angeles Rams
2021-01-03,2020,17,New England Patriots,28.0,14.0,New York Jets,NE,-3.0,41,Gillette Stadium,,,,New England Patriots
2021-01-03,2020,17,New York Giants,23.0,19.0,Dallas Cowboys,DAL,-1.5,43.5,MetLife Stadium,,,,New York Giants
2021-01-03,2020,17,Philadelphia Eagles,14.0,20.0,Washington Commanders,WAS,-6.5,43.5,Lincoln Financial Field,,,,Philadelphia Eagles
2021-01-03,2020,17,San Francisco 49ers,23.0,26.0,Seattle Seahawks,SEA,-7.0,45,Levi's Stadium,,,,San Francisco 49ers
2021-01-03,2020,17,Tampa Bay Buccaneers,44.0,27.0,Atlanta Falcons,TB,-7.0,51,Raymond James Stadium,,,,Tampa Bay Buccaneers
2021-09-09,2021,1,Tampa Bay Buccaneers,31.0,29.0,Dallas Cowboys,TB,-7.5,51.5,Raymond James Stadium,,,,Tampa Bay Buccaneers
2021-09-12,2021,1,Atlanta Falcons,6.0,32.0,Philadelphia Eagles,ATL,-3.5,48,Mercedes-Benz Stadium,72.0,0.0,indoor,Atlanta Falcons
2021-09-12,2021,1,Buffalo Bills,16.0,23.0,Pittsburgh Steelers,BUF,-6.5,48.5,Highmark Stadium,,,,Buffalo Bills
2021-09-12,2021,1,Carolina Panthers,19.0,14.0,New York Jets,CAR,-5.0,44.5,Bank of America Stadium,,,,Carolina Panthers
2021-09-12,2021,1,Cincinnati Bengals,27.0,24.0,Minnesota Vikings,MIN,-3.0,48,Paul Brown Stadium,,,,Cincinnati Bengals
2021-09-12,2021,1,Detroit Lions,33.0,41.0,San Francisco 49ers,SF,-7.5,46,Ford Field,72.0,0.0,indoor,Detroit Lions
2021-09-12,2021,1,Houston Texans,37.0,21.0,Jacksonville Jaguars,JAX,-3.0,44.5,NRG Stadium,72.0,0.0,indoor,Houston Texans
2021-09-12,2021,1,Indianapolis Colts,16.0,28.0,Seattle Seahawks,SEA,-2.5,48.5,Lucas Oil Stadium,72.0,0.0,indoor,Indianapolis Colts
2021-09-12,2021,1,Kansas City Chiefs,33.0,29.0,Cleveland Browns,KC,-6.0,53,Arrowhead Stadium,,,,Kansas City Chiefs
2021-09-12,2021,1,Los Angeles Rams,34.0,14.0,Chicago Bears,LAR,-7.5,44.5,SoFi Stadium,72.0,0.0,indoor,Los Angeles Rams
2021-09-12,2021,1,New England Patriots,16.0,17.0,Miami Dolphins,NE,-2.5,44.5,Gillette Stadium,,,,New England Patriots
2021-09-12,2021,1,New Orleans Saints,38.0,3.0,Green Bay Packers,GB,-4.0,49.5,TIAA Bank Field,,,,New Orleans Saints
2021-09-12,2021,1,New York Giants,13.0,27.0,Denver Broncos,DEN,-2.5,42.5,MetLife Stadium,,,,New York Giants
2021-09-12,2021,1,Tennessee Titans,13.0,38.0,Arizona Cardinals,TEN,-3.0,51.5,Nissan Stadium,,,,Tennessee Titans
2021-09-12,2021,1,Washington Commanders,16.0,20.0,Los Angeles Chargers,LAC,-1.0,44.5,FedEx Field,,,,Washington Commanders
2021-09-13,2021,1,Las Vegas Raiders,33.0,27.0,Baltimore Ravens,BAL,-4.5,51,Allegiant Stadium,72.0,0.0,indoor,Las Vegas Raiders
2021-09-16,2021,2,Washington Commanders,30.0,29.0,New York Giants,WAS,-3.0,41,FedEx Field,,,,Washington Commanders
2021-09-19,2021,2,Arizona Cardinals,34.0,33.0,Minnesota Vikings,ARI,-4.0,51,University of Phoenix Stadium,72.0,0.0,indoor,Arizona Cardinals
2021-09-19,2021,2,Baltimore Ravens,36.0,35.0,Kansas City Chiefs,KC,-4.0,55.5,M&T Bank Stadium,,,,Baltimore Ravens
2021-09-19,2021,2,Carolina Panthers,26.0,7.0,New Orleans Saints,NO,-3.5,44,Bank of America Stadium,,,,Carolina Panthers
2021-09-19,2021,2,Chicago Bears,20.0,17.0,Cincinnati Bengals,CHI,-3.0,45,Soldier Field,,,,Chicago Bears
2021-09-19,2021,2,Cleveland Browns,31.0,21.0,Houston Texans,CLE,-12.5,48,FirstEnergy Stadium,,,,Cleveland Browns
2021-09-19,2021,2,Indianapolis Colts,24.0,27.0,Los Angeles Rams,LAR,-4.0,47.5,Lucas Oil Stadium,72.0,0.0,indoor,Indianapolis Colts
2021-09-19,2021,2,Jacksonville Jaguars,13.0,23.0,Denver Broncos,DEN,-6.0,45.5,TIAA Bank Field,,,,Jacksonville Jaguars
2021-09-19,2021,2,Los Angeles Chargers,17.0,20.0,Dallas Cowboys,LAC,-3.0,55,SoFi Stadium,72.0,0.0,indoor,Los Angeles Chargers
2021-09-19,2021,2,Miami Dolphins,0.0,35.0,Buffalo Bills,BUF,-3.0,48,Hard Rock Stadium,,,,Miami Dolphins
2021-09-19,2021,2,New York Jets,6.0,25.0,New England Patriots,NE,-5.5,42.5,MetLife Stadium,,,,New York Jets
2021-09-19,2021,2,Philadelphia Eagles,11.0,17.0,San Francisco 49ers,SF,-3.5,50,Lincoln Financial Field,,,,Philadelphia Eagles
2021-09-19,2021,2,Pittsburgh Steelers,17.0,26.0,Las Vegas Raiders,PIT,-6.0,47.5,Heinz Field,,,,Pittsburgh Steelers
2021-09-19,2021,2,Seattle Seahawks,30.0,33.0,Tennessee Titans,SEA,-5.5,54,Lumen Field,,,,Seattle Seahawks
2021-09-19,2021,2,Tampa Bay Buccaneers,48.0,25.0,Atlanta Falcons,TB,-12.5,52,Raymond James Stadium,,,,Tampa Bay Buccaneers
2021-09-20,2021,2,Green Bay Packers,35.0,17.0,Detroit Lions,GB,-10.5,48,Lambeau Field,,,,Green Bay Packers
2021-09-23,2021,3,Houston Texans,9.0,24.0,Carolina Panthers,CAR,-8.0,43,NRG Stadium,72.0,0.0,indoor,Houston Texans
2021-09-26,2021,3,Buffalo Bills,43.0,21.0,Washington Commanders,BUF,-7.0,45.5,Highmark Stadium,,,,Buffalo Bills
2021-09-26,2021,3,Cleveland Browns,26.0,6.0,Chicago Bears,CLE,-7.5,45,FirstEnergy Stadium,,,,Cleveland Browns
2021-09-26,2021,3,Denver Broncos,26.0,0.0,New York Jets,DEN,-10.0,41.5,Empower Field at Mile High,,,,Denver Broncos
2021-09-26,2021,3,Detroit Lions,17.0,19.0,Baltimore Ravens,BAL,-7.5,51,Ford Field,72.0,0.0,indoor,Detroit Lions
2021-09-26,2021,3,Jacksonville Jaguars,19.0,31.0,Arizona Cardinals,ARI,-8.0,51.5,TIAA Bank Field,,,,Jacksonville Jaguars
2021-09-26,2021,3,Kansas City Chiefs,24.0,30.0,Los Angeles Chargers,KC,-7.0,55,Arrowhead Stadium,,,,Kansas City Chiefs
2021-09-26,2021,3,Las Vegas Raiders,31.0,28.0,Miami Dolphins,LVR,-3.5,45,Allegiant Stadium,72.0,0.0,indoor,Las Vegas Raiders
2021-09-26,2021,3,Los Angeles Rams,34.0,24.0,Tampa Bay Buccaneers,TB,-1.0,55,SoFi Stadium,72.0,0.0,indoor,Los Angeles Rams
2021-09-26,2021,3,Minnesota Vikings,30.0,17.0,Seattle Seahawks,SEA,-2.0,54,U.S. Bank Stadium,72.0,0.0,indoor,Minnesota Vikings
2021-09-26,2021,3,New England Patriots,13.0,28.0,New Orleans Saints,NE,-3.0,43.5,Gillette Stadium,,,,New England Patriots
2021-09-26,2021,3,New York Giants,14.0,17.0,Atlanta Falcons,NYG,-2.5,48,MetLife Stadium,,,,New York Giants
2021-09-26,2021,3,Pittsburgh Steelers,10.0,24.0,Cincinnati Bengals,PIT,-2.5,42.5,Heinz Field,,,,Pittsburgh Steelers
2021-09-26,2021,3,San Francisco 49ers,28.0,30.0,Green Bay Packers,SF,-3.0,50.5,Levi's Stadium,,,,San Francisco 49ers
2021-09-26,2021,3,Tennessee Titans,25.0,16.0,Indianapolis Colts,TEN,-5.0,47,Nissan Stadium,,,,Tennessee Titans
2021-09-27,2021,3,Dallas Cowboys,41.0,21.0,Philadelphia Eagles,DAL,-3.5,51.5,AT&T Stadium,72.0,0.0,indoor,Dallas Cowboys
2021-09-30,2021,4,Cincinnati Bengals,24.0,21.0,Jacksonville Jaguars,CIN,-7.5,46,Paul Brown Stadium,,,,Cincinnati Bengals
2021-10-03,2021,4,Atlanta Falcons,30.0,34.0,Washington Commanders,WAS,-2.0,47.5,Mercedes-Benz Stadium,72.0,0.0,indoor,Atlanta Falcons
2021-10-03,2021,4,Buffalo Bills,40.0,0.0,Houston Texans,BUF,-19.0,47.5,Highmark Stadium,,,,Buffalo Bills
2021-10-03,2021,4,Chicago Bears,24.0,14.0,Detroit Lions,CHI,-3.0,41.5,Soldier Field,,,,Chicago Bears
2021-10-03,2021,4,Dallas Cowboys,36.0,28.0,Carolina Panthers,DAL,-4.5,51.5,AT&T Stadium,72.0,0.0,indoor,Dallas Cowboys
2021-10-03,2021,4,Denver Broncos,7.0,23.0,Baltimore Ravens,DEN,-1.0,44,Empower Field at Mile High,,,,Denver Broncos
2021-10-03,2021,4,Green Bay Packers,27.0,17.0,Pittsburgh Steelers,GB,-6.0,45,Lambeau Field,,,,Green Bay Packers
2021-10-03,2021,4,Los Angeles Rams,20.0,37.0,Arizona Cardinals,LAR,-4.0,54,SoFi Stadium,72.0,0.0,indoor,Los Angeles Rams
2021-10-03,2021,4,Miami Dolphins,17.0,27.0,Indianapolis Colts,MIA,-2.5,41.5,Hard Rock Stadium,,,,Miami Dolphins
2021-10-03,2021,4,Minnesota Vikings,7.0,14.0,Cleveland Browns,CLE,-1.0,52,U.S. Bank Stadium,72.0,0.0,indoor,Minnesota Vikings
2021-10-03,2021,4,New England Patriots,17.0,19.0,Tampa Bay Buccaneers,TB,-6.5,49,Gillette Stadium,,,,New England Patriots
2021-10-03,2021,4,New Orleans Saints,21.0,27.0,New York Giants,NO,-7.0,42.5,Caesars Superdome,72.0,0.0,indoor,New Orleans Saints
2021-10-03,2021,4,New York Jets,27.0,24.0,Tennessee Titans,TEN,-6.0,44.5,MetLife Stadium,,,,New York Jets
2021-10-03,2021,4,Philadelphia Eagles,30.0,42.0,Kansas City Chiefs,KC,-7.0,54,Lincoln Financial Field,,,,Philadelphia Eagles
2021-10-03,2021,4,San Francisco 49ers,21.0,28.0,Seattle Seahawks,SF,-2.5,52,Levi's Stadium,,,,San Francisco 49ers
2021-10-04,2021,4,Los Angeles Chargers,28.0,14.0,Las Vegas Raiders,LAC,-3.0,51.5,SoFi Stadium,72.0,0.0,indoor,Los Angeles Chargers
2021-10-07,2021,5,Seattle Seahawks,17.0,26.0,Los Angeles Rams,LAR,-2.5,53.5,Lumen Field,,,,Seattle Seahawks
2021-10-10,2021,5,Arizona Cardinals,17.0,10.0,San Francisco 49ers,ARI,-6.0,48.5,State Farm Stadium,72.0,0.0,indoor,Arizona Cardinals
2021-10-10,2021,5,Atlanta Falcons,27.0,20.0,New York Jets,ATL,-3.0,45.5,Tottenham Hotspur Stadium,,,,Atlanta Falcons
2021-10-10,2021,5,Carolina Panthers,18.0,21.0,Philadelphia Eagles,CAR,-2.5,46,Bank of America Stadium,,,,Carolina Panthers
2021-10-10,2021,5,Cincinnati Bengals,22.0,25.0,Green Bay Packers,GB,-2.0,50,Paul Brown Stadium,,,,Cincinnati Bengals
2021-10-10,2021,5,Dallas Cowboys,44.0,20.0,New York Giants,DAL,-7.0,52.5,AT&T Stadium,72.0,0.0,indoor,Dallas Cowboys
2021-10-10,2021,5,Houston Texans,22.0,25.0,New England Patriots,NE,-8.0,39,NRG Stadium,72.0,0.0,indoor,Houston Texans
2021-10-10,2021,5,Jacksonville Jaguars,19.0,37.0,Tennessee Titans,TEN,-4.5,49,TIAA Bank Field,,,,Jacksonville Jaguars
2021-10-10,2021,5,Kansas City Chiefs,20.0,38.0,Buffalo Bills,KC,-3.0,57,Arrowhead Stadium,,,,Kansas City Chiefs
2021-10-10,2021,5,Las Vegas Raiders,9.0,20.0,Chicago Bears,LVR,-5.5,46,Allegiant Stadium,72.0,0.0,indoor,Las Vegas Raiders
2021-10-10,2021,5,Los Angeles Chargers,47.0,42.0,Cleveland Browns,LAC,-2.5,47,SoFi Stadium,72.0,0.0,indoor,Los Angeles Chargers
2021-10-10,2021,5,Minnesota Vikings,19.0,17.0,Detroit Lions,MIN,-10.0,49.5,U.S. Bank Stadium,72.0,0.0,indoor,Minnesota Vikings
2021-10-10,2021,5,Pittsburgh Steelers,27.0,19.0,Denver Broncos,DEN,-1.5,40,Heinz Field,,,,Pittsburgh Steelers
2021-10-10,2021,5,Tampa Bay Buccaneers,45.0,17.0,Miami Dolphins,TB,-11.0,48,Raymond James Stadium,,,,Tampa Bay Buccaneers
2021-10-10,2021,5,Washington Commanders,22.0,33.0,New Orleans Saints,NO,-2.5,43.5,FedEx Field,,,,Washington Commanders
2021-10-11,2021,5,Baltimore Ravens,31.0,25.0,Indianapolis Colts,BAL,-7.5,46.5,M&T Bank Stadium,,,,Baltimore Ravens
2021-10-14,2021,6,Philadelphia Eagles,22.0,28.0,Tampa Bay Buccaneers,TB,-7.0,53,Lincoln Financial Field,,,,Philadelphia Eagles
2021-10-17,2021,6,Baltimore Ravens,34.0,6.0,Los Angeles Chargers,BAL,-3.0,51,M&T Bank Stadium,,,,Baltimore Ravens
2021-10-17,2021,6,Carolina Panthers,28.0,34.0,Minnesota Vikings,MIN,-2.5,45.5,Bank of America Stadium,,,,Carolina Panthers
2021-10-17,2021,6,Chicago Bears,14.0,24.0,Green Bay Packers,GB,-5.5,44,Soldier Field,,,,Chicago Bears
2021-10-17,2021,6,Cleveland Browns,14.0,37.0,Arizona Cardinals,CLE,-3.0,48,FirstEnergy Stadium,,,,Cleveland Browns
2021-10-17,2021,6,Denver Broncos,24.0,34.0,Las Vegas Raiders,DEN,-5.0,45,Empower Field at Mile High,,,,Denver Broncos
2021-10-17,2021,6,Detroit Lions,11.0,34.0,Cincinnati Bengals,CIN,-3.5,46.5,Ford Field,72.0,0.0,indoor,Detroit Lions
2021-10-17,2021,6,Indianapolis Colts,31.0,3.0,Houston Texans,IND,-11.5,45,Lucas Oil Stadium,72.0,0.0,indoor,Indianapolis Colts
2021-10-17,2021,6,Jacksonville Jaguars,23.0,20.0,Miami Dolphins,MIA,-1.5,47.5,Tottenham Hotspur Stadium,,,,Jacksonville Jaguars
2021-10-17,2021,6,New England Patriots,29.0,35.0,Dallas Cowboys,DAL,-3.5,50.5,Gillette Stadium,,,,New England Patriots
2021-10-17,2021,6,New York Giants,11.0,38.0,Los Angeles Rams,LAR,-7.5,49,MetLife Stadium,,,,New York Giants
2021-10-17,2021,6,Pittsburgh Steelers,23.0,20.0,Seattle Seahawks,PIT,-5.5,43,Heinz Field,,,,Pittsburgh Steelers
2021-10-17,2021,6,Washington Commanders,13.0,31.0,Kansas City Chiefs,KC,-6.5,54,FedEx Field,,,,Washington Commanders
2021-10-18,2021,6,Tennessee Titans,34.0,31.0,Buffalo Bills,BUF,-6.0,53.5,Nissan Stadium,,,,Tennessee Titans
2021-10-21,2021,7,Cleveland Browns,17.0,14.0,Denver Broncos,CLE,-2.0,40,FirstEnergy Stadium,,,,Cleveland Browns
2021-10-24,2021,7,Arizona Cardinals,31.0,5.0,Houston Texans,ARI,-20.0,47.5,State Farm Stadium,72.0,0.0,indoor,Arizona Cardinals
2021-10-24,2021,7,Baltimore Ravens,17.0,41.0,Cincinnati Bengals,BAL,-6.5,46,M&T Bank Stadium,,,,Baltimore Ravens
2021-10-24,2021,7,Green Bay Packers,24.0,10.0,Washington Commanders,GB,-8.5,48,Lambeau Field,,,,Green Bay Packers
2021-10-24,2021,7,Las Vegas Raiders,33.0,22.0,Philadelphia Eagles,LVR,-1.0,48,Allegiant Stadium,72.0,0.0,indoor,Las Vegas Raiders
2021-10-24,2021,7,Los Angeles Rams,28.0,19.0,Detroit Lions,LAR,-16.0,51,SoFi Stadium,72.0,0.0,indoor,Los Angeles Rams
2021-10-24,2021,7,Miami Dolphins,28.0,30.0,Atlanta Falcons,ATL,-1.5,47.5,Hard Rock Stadium,,,,Miami Dolphins
2021-10-24,2021,7,New England Patriots,54.0,13.0,New York Jets,NE,-7.0,42.5,Gillette Stadium,,,,New England Patriots
2021-10-24,2021,7,New York Giants,25.0,3.0,Carolina Panthers,CAR,-3.0,43,MetLife Stadium,,,,New York Giants
2021-10-24,2021,7,San Francisco 49ers,18.0,30.0,Indianapolis Colts,SF,-3.5,41.5,Levi's Stadium,,,,San Francisco 49ers
2021-10-24,2021,7,Tampa Bay Buccaneers,38.0,3.0,Chicago Bears,TB,-12.0,47,Raymond James Stadium,,,,Tampa Bay Buccaneers
2021-10-24,2021,7,Tennessee Titans,27.0,3.0,Kansas City Chiefs,KC,-4.0,58.5,Nissan Stadium,,,,Tennessee Titans
2021-10-25,2021,7,Seattle Seahawks,10.0,13.0,New Orleans Saints,NO,-6.0,42,Lumen Field,,,,Seattle Seahawks
2021-10-28,2021,8,Arizona Cardinals,21.0,24.0,Green Bay Packers,ARI,-6.5,51,State Farm Stadium,72.0,0.0,indoor,Arizona Cardinals
2021-10-31,2021,8,Atlanta Falcons,13.0,19.0,Carolina Panthers,ATL,-2.5,47,Mercedes-Benz Stadium,72.0,0.0,indoor,Atlanta Falcons
2021-10-31,2021,8,Buffalo Bills,26.0,11.0,Miami Dolphins,BUF,-15.0,48.5,Highmark Stadium,,,,Buffalo Bills
2021-10-31,2021,8,Chicago Bears,22.0,33.0,San Francisco 49ers,SF,-4.5,40,Soldier Field,,,,Chicago Bears
2021-10-31,2021,8,Cleveland Browns,10.0,15.0,Pittsburgh Steelers,CLE,-5.5,43,FirstEnergy Stadium,,,,Cleveland Browns
2021-10-31,2021,8,Denver Broncos,17.0,10.0,Washington Commanders,DEN,-4.0,45,Empower Field at Mile High,,,,Denver Broncos
2021-10-31,2021,8,Detroit Lions,6.0,44.0,Philadelphia Eagles,PHI,-3.0,48,Ford Field,72.0,0.0,indoor,Detroit Lions
2021-10-31,2021,8,Houston Texans,22.0,38.0,Los Angeles Rams,LAR,-16.5,47,NRG Stadium,72.0,0.0,indoor,Houston Texans
2021-10-31,2021,8,Indianapolis Colts,31.0,34.0,Tennessee Titans,IND,-3.0,51,Lucas Oil Stadium,72.0,0.0,indoor,Indianapolis Colts
2021-10-31,2021,8,Los Angeles Chargers,24.0,27.0,New England Patriots,LAC,-3.5,50.5,SoFi Stadium,72.0,0.0,indoor,Los Angeles Chargers
2021-10-31,2021,8,Minnesota Vikings,16.0,20.0,Dallas Cowboys,MIN,-4.0,49,U.S. Bank Stadium,72.0,0.0,indoor,Minnesota Vikings
2021-10-31,2021,8,New Orleans Saints,36.0,27.0,Tampa Bay Buccaneers,TB,-4.0,48,Caesars Superdome,72.0,0.0,indoor,New Orleans Saints
2021-10-31,2021,8,New York Jets,34.0,31.0,Cincinnati Bengals,CIN,-11.5,43,MetLife Stadium,,,,New York Jets
2021-10-31,2021,8,Seattle Seahawks,31.0,7.0,Jacksonville Jaguars,SEA,-4.0,44.5,Lumen Field,,,,Seattle Seahawks
2021-11-01,2021,8,Kansas City Chiefs,20.0,17.0,New York Giants,KC,-10.5,53,Arrowhead Stadium,,,,Kansas City Chiefs
2021-11-04,2021,9,Indianapolis Colts,45.0,30.0,New York Jets,IND,-10.0,45.5,Lucas Oil Stadium,72.0,0.0,indoor,Indianapolis Colts
2021-11-07,2021,9,Baltimore Ravens,34.0,31.0,Minnesota Vikings,BAL,-7.0,51,M&T Bank Stadium,,,,Baltimore Ravens
2021-11-07,2021,9,Carolina Panthers,6.0,24.0,New England Patriots,NE,-3.5,41.5,Bank of America Stadium,,,,Carolina Panthers
2021-11-07,2021,9,Cincinnati Bengals,16.0,41.0,Cleveland Browns,CIN,-2.0,47.5,Paul Brown Stadium,,,,Cincinnati Bengals
2021-11-07,2021,9,Dallas Cowboys,16.0,30.0,Denver Broncos,DAL,-10.0,50,AT&T Stadium,72.0,0.0,indoor,Dallas Cowboys
2021-11-07,2021,9,Jacksonville Jaguars,9.0,6.0,Buffalo Bills,BUF,-14.5,48.5,TIAA Bank Field,,,,Jacksonville Jaguars
2021-11-07,2021,9,Kansas City Chiefs,13.0,7.0,Green Bay Packers,KC,-7.0,48,Arrowhead Stadium,,,,Kansas City Chiefs
2021-11-07,2021,9,Los Angeles Rams,16.0,28.0,Tennessee Titans,LAR,-7.0,53,SoFi Stadium,72.0,0.0,indoor,Los Angeles Rams
2021-11-07,2021,9,Miami Dolphins,17.0,9.0,Houston Texans,MIA,-4.0,45,Hard Rock Stadium,,,,Miami Dolphins
2021-11-07,2021,9,New Orleans Saints,25.0,27.0,Atlanta Falcons,NO,-6.5,43,Caesars Superdome,72.0,0.0,indoor,New Orleans Saints
2021-11-07,2021,9,New York Giants,23.0,16.0,Las Vegas Raiders,LVR,-3.0,47,MetLife Stadium,,,,New York Giants
2021-11-07,2021,9,Philadelphia Eagles,24.0,27.0,Los Angeles Chargers,LAC,-1.0,49.5,Lincoln Financial Field,,,,Philadelphia Eagles
2021-11-07,2021,9,San Francisco 49ers,17.0,31.0,Arizona Cardinals,SF,-5.5,44.5,Levi's Stadium,,,,San Francisco 49ers
2021-11-08,2021,9,Pittsburgh Steelers,29.0,27.0,Chicago Bears,PIT,-7.0,40,Heinz Field,,,,Pittsburgh Steelers
2021-11-11,2021,10,Miami Dolphins,22.0,10.0,Baltimore Ravens,BAL,-8.5,47,Hard Rock Stadium,,,,Miami Dolphins
2021-11-14,2021,10,Arizona Cardinals,10.0,34.0,Carolina Panthers,ARI,-7.0,41.5,State Farm Stadium,72.0,0.0,indoor,Arizona Cardinals
2021-11-14,2021,10,Dallas Cowboys,43.0,3.0,Atlanta Falcons,DAL,-7.5,55,AT&T Stadium,72.0,0.0,indoor,Dallas Cowboys
2021-11-14,2021,10,Denver Broncos,13.0,30.0,Philadelphia Eagles,DEN,-1.0,44.5,Empower Field at Mile High,,,,Denver Broncos
2021-11-14,2021,10,Green Bay Packers,17.0,0.0,Seattle Seahawks,GB,-3.0,49,Lambeau Field,,,,Green Bay Packers
2021-11-14,2021,10,Indianapolis Colts,23.0,17.0,Jacksonville Jaguars,IND,-10.5,48,Lucas Oil Stadium,72.0,0.0,indoor,Indianapolis Colts
2021-11-14,2021,10,Las Vegas Raiders,14.0,41.0,Kansas City Chiefs,KC,-2.5,54,Allegiant Stadium,72.0,0.0,indoor,Las Vegas Raiders
2021-11-14,2021,10,Los Angeles Chargers,20.0,27.0,Minnesota Vikings,LAC,-3.0,53.5,SoFi Stadium,72.0,0.0,indoor,Los Angeles Chargers
2021-11-14,2021,10,New England Patriots,45.0,7.0,Cleveland Browns,NE,-2.5,45,Gillette Stadium,,,,New England Patriots
2021-11-14,2021,10,New York Jets,17.0,45.0,Buffalo Bills,BUF,-13.5,48.5,MetLife Stadium,,,,New York Jets
2021-11-14,2021,10,Pittsburgh Steelers,16.0,16.0,Detroit Lions,PIT,-6.0,40.5,Heinz Field,,,,Pittsburgh Steelers
2021-11-14,2021,10,Tennessee Titans,23.0,21.0,New Orleans Saints,TEN,-3.0,42.5,Nissan Stadium,,,,Tennessee Titans
2021-11-14,2021,10,Washington Commanders,29.0,19.0,Tampa Bay Buccaneers,TB,-10.0,50.5,FedEx Field,,,,Washington Commanders
2021-11-15,2021,10,San Francisco 49ers,31.0,10.0,Los Angeles Rams,LAR,-3.5,50,Levi's Stadium,,,,San Francisco 49ers
2021-11-18,2021,11,Atlanta Falcons,0.0,25.0,New England Patriots,NE,-7.0,47,Mercedes-Benz Stadium,72.0,0.0,indoor,Atlanta Falcons
2021-11-21,2021,11,Buffalo Bills,15.0,41.0,Indianapolis Colts,BUF,-7.0,49.5,Highmark Stadium,,,,Buffalo Bills
2021-11-21,2021,11,Carolina Panthers,21.0,27.0,Washington Commanders,CAR,-3.0,43,Bank of America Stadium,,,,Carolina Panthers
2021-11-21,2021,11,Chicago Bears,13.0,16.0,Baltimore Ravens,BAL,-1.0,40.5,Soldier Field,,,,Chicago Bears
2021-11-21,2021,11,Cleveland Browns,13.0,10.0,Detroit Lions,CLE,-13.5,42.5,FirstEnergy Stadium,,,,Cleveland Browns
2021-11-21,2021,11,Jacksonville Jaguars,10.0,30.0,San Francisco 49ers,SF,-6.5,45.5,TIAA Bank Field,,,,Jacksonville Jaguars
2021-11-21,2021,11,Kansas City Chiefs,19.0,9.0,Dallas Cowboys,KC,-2.5,56,Arrowhead Stadium,,,,Kansas City Chiefs
2021-11-21,2021,11,Las Vegas Raiders,13.0,32.0,Cincinnati Bengals,CIN,-2.0,50.5,Allegiant Stadium,72.0,0.0,indoor,Las Vegas Raiders
2021-11-21,2021,11,Los Angeles Chargers,41.0,37.0,Pittsburgh Steelers,LAC,-6.0,47.5,SoFi Stadium,72.0,0.0,indoor,Los Angeles Chargers
2021-11-21,2021,11,Minnesota Vikings,34.0,31.0,Green Bay Packers,GB,-1.0,47,U.S. Bank Stadium,72.0,0.0,indoor,Minnesota Vikings
2021-11-21,2021,11,New York Jets,17.0,24.0,Miami Dolphins,MIA,-3.5,44.5,MetLife Stadium,,,,New York Jets
2021-11-21,2021,11,Philadelphia Eagles,40.0,29.0,New Orleans Saints,PHI,-3.0,42,Lincoln Financial Field,,,,Philadelphia Eagles
2021-11-21,2021,11,Seattle Seahawks,13.0,23.0,Arizona Cardinals,SEA,-4.5,45,Lumen Field,,,,Seattle Seahawks
2021-11-21,2021,11,Tennessee Titans,13.0,22.0,Houston Texans,TEN,-10.0,44.5,Nissan Stadium,,,,Tennessee Titans
2021-11-22,2021,11,Tampa Bay Buccaneers,30.0,10.0,New York Giants,TB,-11.5,50,Raymond James Stadium,,,,Tampa Bay Buccaneers
2021-11-25,2021,12,Dallas Cowboys,33.0,36.0,Las Vegas Raiders,DAL,-7.0,51,AT&T Stadium,72.0,0.0,indoor,Dallas Cowboys
2021-11-25,2021,12,Detroit Lions,14.0,16.0,Chicago Bears,CHI,-2.0,41.5,Ford Field,72.0,0.0,indoor,Detroit Lions
2021-11-25,2021,12,New Orleans Saints,6.0,31.0,Buffalo Bills,BUF,-7.0,45,Caesars Superdome,72.0,0.0,indoor,New Orleans Saints
2021-11-28,2021,12,Baltimore Ravens,16.0,10.0,Cleveland Browns,BAL,-3.0,47.5,M&T Bank Stadium,,,,Baltimore Ravens
2021-11-28,2021,12,Cincinnati Bengals,41.0,10.0,Pittsburgh Steelers,CIN,-3.5,43.5,Paul Brown Stadium,,,,Cincinnati Bengals
2021-11-28,2021,12,Denver Broncos,28.0,13.0,Los Angeles Chargers,LAC,-3.0,47,Empower Field at Mile High,,,,Denver Broncos
2021-11-28,2021,12,Green Bay Packers,36.0,28.0,Los Angeles Rams,LAR,-2.0,46.5,Lambeau Field,,,,Green Bay Packers
2021-11-28,2021,12,Houston Texans,14.0,21.0,New York Jets,HOU,-3.0,44.5,NRG Stadium,72.0,0.0,indoor,Houston Texans
2021-11-28,2021,12,Indianapolis Colts,31.0,38.0,Tampa Bay Buccaneers,TB,-3.0,53,Lucas Oil Stadium,72.0,0.0,indoor,Indianapolis Colts
2021-11-28,2021,12,Jacksonville Jaguars,14.0,21.0,Atlanta Falcons,ATL,-1.5,46,TIAA Bank Field,,,,Jacksonville Jaguars
2021-11-28,2021,12,Miami Dolphins,33.0,10.0,Carolina Panthers,CAR,-1.0,41,Hard Rock Stadium,,,,Miami Dolphins
2021-11-28,2021,12,New England Patriots,36.0,13.0,Tennessee Titans,NE,-7.0,43,Gillette Stadium,,,,New England Patriots
2021-11-28,2021,12,New York Giants,13.0,7.0,Philadelphia Eagles,PHI,-4.0,45,MetLife Stadium,,,,New York Giants
2021-11-28,2021,12,San Francisco 49ers,34.0,26.0,Minnesota Vikings,SF,-4.0,49,Levi's Stadium,,,,San Francisco 49ers
2021-11-29,2021,12,Washington Commanders,17.0,15.0,Seattle Seahawks,SEA,-1.5,46.5,FedEx Field,,,,Washington Commanders
2021-12-02,2021,13,New Orleans Saints,17.0,27.0,Dallas Cowboys,DAL,-6.5,45.5,Caesars Superdome,72.0,0.0,indoor,New Orleans Saints
2021-12-05,2021,13,Atlanta Falcons,17.0,30.0,Tampa Bay Buccaneers,TB,-10.5,51,Mercedes-Benz Stadium,72.0,0.0,indoor,Atlanta Falcons
2021-12-05,2021,13,Chicago Bears,22.0,33.0,Arizona Cardinals,ARI,-7.5,43,Soldier Field,,,,Chicago Bears
2021-12-05,2021,13,Cincinnati Bengals,22.0,41.0,Los Angeles Chargers,CIN,-2.5,49.5,Paul Brown Stadium,,,,Cincinnati Bengals
2021-12-05,2021,13,Detroit Lions,29.0,27.0,Minnesota Vikings,MIN,-7.0,47,Ford Field,72.0,0.0,indoor,Detroit Lions
2021-12-05,2021,13,Houston Texans,0.0,31.0,Indianapolis Colts,IND,-10.0,45.5,NRG Stadium,72.0,0.0,indoor,Houston Texans
2021-12-05,2021,13,Kansas City Chiefs,22.0,9.0,Denver Broncos,KC,-8.5,46.5,Arrowhead Stadium,,,,Kansas City Chiefs
2021-12-05,2021,13,Las Vegas Raiders,15.0,17.0,Washington Commanders,LVR,-1.5,47.5,Allegiant Stadium,72.0,0.0,indoor,Las Vegas Raiders
2021-12-05,2021,13,Los Angeles Rams,37.0,7.0,Jacksonville Jaguars,LAR,-14.0,48,SoFi Stadium,72.0,0.0,indoor,Los Angeles Rams
2021-12-05,2021,13,Miami Dolphins,20.0,9.0,New York Giants,MIA,-7.0,40,Hard Rock Stadium,,,,Miami Dolphins
2021-12-05,2021,13,New York Jets,18.0,33.0,Philadelphia Eagles,PHI,-5.0,44,MetLife Stadium,,,,New York Jets
2021-12-05,2021,13,Pittsburgh Steelers,20.0,19.0,Baltimore Ravens,BAL,-4.0,44,Heinz Field,,,,Pittsburgh Steelers
2021-12-05,2021,13,Seattle Seahawks,30.0,23.0,San Francisco 49ers,SF,-3.0,45,Lumen Field,,,,Seattle Seahawks
2021-12-06,2021,13,Buffalo Bills,10.0,14.0,New England Patriots,BUF,-3.0,39.5,Highmark Stadium,36.0,19.0,,Buffalo Bills
2021-12-09,2021,14,Minnesota Vikings,36.0,28.0,Pittsburgh Steelers,MIN,-3.5,45,U.S. Bank Stadium,72.0,0.0,indoor,Minnesota Vikings
2021-12-12,2021,14,Carolina Panthers,21.0,29.0,Atlanta Falcons,CAR,-2.5,41.5,Bank of America Stadium,,,,Carolina Panthers
2021-12-12,2021,14,Cincinnati Bengals,23.0,26.0,San Francisco 49ers,SF,-1.5,49,Paul Brown Stadium,,,,Cincinnati Bengals
2021-12-12,2021,14,Cleveland Browns,24.0,22.0,Baltimore Ravens,CLE,-3.0,44,FirstEnergy Stadium,,,,Cleveland Browns
2021-12-12,2021,14,Denver Broncos,38.0,10.0,Detroit Lions,DEN,-12.5,42,Empower Field at Mile High,,,,Denver Broncos
2021-12-12,2021,14,Green Bay Packers,45.0,30.0,Chicago Bears,GB,-12.0,43,Lambeau Field,,,,Green Bay Packers
2021-12-12,2021,14,Houston Texans,13.0,33.0,Seattle Seahawks,SEA,-9.5,41,NRG Stadium,72.0,0.0,indoor,Houston Texans
2021-12-12,2021,14,Kansas City Chiefs,48.0,9.0,Las Vegas Raiders,KC,-9.5,48,Arrowhead Stadium,,,,Kansas City Chiefs
2021-12-12,2021,14,Los Angeles Chargers,37.0,21.0,New York Giants,LAC,-9.0,43.5,SoFi Stadium,72.0,0.0,indoor,Los Angeles Chargers
2021-12-12,2021,14,New York Jets,9.0,30.0,New Orleans Saints,NO,-4.5,42,MetLife Stadium,,,,New York Jets
2021-12-12,2021,14,Tampa Bay Buccaneers,33.0,27.0,Buffalo Bills,TB,-3.5,52.5,Raymond James Stadium,,,,Tampa Bay Buccaneers
2021-12-12,2021,14,Tennessee Titans,20.0,0.0,Jacksonville Jaguars,TEN,-8.5,44.5,Nissan Stadium,,,,Tennessee Titans
2021-12-12,2021,14,Washington Commanders,20.0,27.0,Dallas Cowboys,DAL,-6.5,48,FedEx Field,,,,Washington Commanders
2021-12-13,2021,14,Arizona Cardinals,23.0,30.0,Los Angeles Rams,ARI,-3.0,51,State Farm Stadium,72.0,0.0,indoor,Arizona Cardinals
2021-12-16,2021,15,Los Angeles Chargers,28.0,34.0,Kansas City Chiefs,KC,-3.0,54,SoFi Stadium,72.0,0.0,indoor,Los Angeles Chargers
2021-12-18,2021,15,Indianapolis Colts,27.0,17.0,New England Patriots,IND,-1.5,46,Lucas Oil Stadium,72.0,0.0,indoor,Indianapolis Colts
2021-12-19,2021,15,Baltimore Ravens,30.0,31.0,Green Bay Packers,GB,-9.0,45.5,M&T Bank Stadium,43.0,11.0,,Baltimore Ravens
2021-12-19,2021,15,Buffalo Bills,31.0,14.0,Carolina Panthers,BUF,-14.5,43,Highmark Stadium,30.0,8.0,,Buffalo Bills
2021-12-19,2021,15,Denver Broncos,10.0,15.0,Cincinnati Bengals,DEN,-3.0,44,Empower Field at Mile High,61.0,19.0,,Denver Broncos
2021-12-19,2021,15,Detroit Lions,30.0,12.0,Arizona Cardinals,ARI,-13.0,48.5,Ford Field,72.0,0.0,indoor,Detroit Lions
2021-12-19,2021,15,Jacksonville Jaguars,16.0,30.0,Houston Texans,JAX,-6.0,40,TIAA Bank Field,80.0,12.0,,Jacksonville Jaguars
2021-12-19,2021,15,Miami Dolphins,31.0,24.0,New York Jets,MIA,-10.0,42,Hard Rock Stadium,82.0,9.0,,Miami Dolphins
2021-12-19,2021,15,New York Giants,6.0,21.0,Dallas Cowboys,DAL,-12.0,43.5,MetLife Stadium,37.0,8.0,,New York Giants
2021-12-19,2021,15,Pittsburgh Steelers,19.0,13.0,Tennessee Titans,PIT,-1.0,44,Heinz Field,32.0,11.0,,Pittsburgh Steelers
2021-12-19,2021,15,San Francisco 49ers,31.0,13.0,Atlanta Falcons,SF,-9.0,47.5,Levi's Stadium,46.0,0.0,,San Francisco 49ers
2021-12-19,2021,15,Tampa Bay Buccaneers,0.0,9.0,New Orleans Saints,TB,-11.5,45.5,Raymond James Stadium,75.0,0.0,,Tampa Bay Buccaneers
2021-12-20,2021,15,Chicago Bears,9.0,17.0,Minnesota Vikings,MIN,-7.0,47,Soldier Field,37.0,8.0,,Chicago Bears
2021-12-20,2021,15,Cleveland Browns,14.0,16.0,Las Vegas Raiders,LVR,-1.0,40.5,FirstEnergy Stadium,40.0,8.0,,Cleveland Browns
2021-12-21,2021,15,Los Angeles Rams,20.0,10.0,Seattle Seahawks,LAR,-7.0,47,SoFi Stadium,72.0,0.0,indoor,Los Angeles Rams
2021-12-21,2021,15,Philadelphia Eagles,27.0,17.0,Washington Commanders,PHI,-10.0,39.5,Lincoln Financial Field,42.0,7.0,,Philadelphia Eagles
2021-12-23,2021,16,Tennessee Titans,20.0,17.0,San Francisco 49ers,SF,-3.5,45.5,Nissan Stadium,48.0,7.0,,Tennessee Titans
2021-12-25,2021,16,Arizona Cardinals,16.0,22.0,Indianapolis Colts,ARI,-3.0,48,State Farm Stadium,72.0,0.0,indoor,Arizona Cardinals
2021-12-25,2021,16,Green Bay Packers,24.0,22.0,Cleveland Browns,GB,-7.5,46.5,Lambeau Field,35.0,11.0,,Green Bay Packers
2021-12-26,2021,16,Atlanta Falcons,20.0,16.0,Detroit Lions,ATL,-7.5,42.5,Mercedes-Benz Stadium,72.0,0.0,indoor,Atlanta Falcons
2021-12-26,2021,16,Carolina Panthers,6.0,32.0,Tampa Bay Buccaneers,TB,-11.0,44.5,Bank of America Stadium,73.0,8.0,,Carolina Panthers
2021-12-26,2021,16,Cincinnati Bengals,41.0,21.0,Baltimore Ravens,CIN,-7.5,43.5,Paul Brown Stadium,52.0,0.0,,Cincinnati Bengals
2021-12-26,2021,16,Dallas Cowboys,56.0,14.0,Washington Commanders,DAL,-10.0,46,AT&T Stadium,72.0,0.0,indoor,Dallas Cowboys
2021-12-26,2021,16,Houston Texans,41.0,29.0,Los Angeles Chargers,LAC,-13.0,45.5,NRG Stadium,72.0,0.0,indoor,Houston Texans
2021-12-26,2021,16,Kansas City Chiefs,36.0,10.0,Pittsburgh Steelers,KC,-10.0,44.5,Arrowhead Stadium,60.0,22.0,,Kansas City Chiefs
2021-12-26,2021,16,Las Vegas Raiders,17.0,13.0,Denver Broncos,DEN,-1.0,41.5,Allegiant Stadium,72.0,0.0,indoor,Las Vegas Raiders
2021-12-26,2021,16,Minnesota Vikings,23.0,30.0,Los Angeles Rams,LAR,-3.0,48.5,U.S. Bank Stadium,72.0,0.0,indoor,Minnesota Vikings
2021-12-26,2021,16,New England Patriots,21.0,33.0,Buffalo Bills,NE,-1.0,43.5,Gillette Stadium,38.0,13.0,,New England Patriots
2021-12-26,2021,16,New York Jets,26.0,21.0,Jacksonville Jaguars,NYJ,-2.5,43,MetLife Stadium,47.0,0.0,,New York Jets
2021-12-26,2021,16,Philadelphia Eagles,34.0,10.0,New York Giants,PHI,-11.0,41,Lincoln Financial Field,53.0,9.0,,Philadelphia Eagles
2021-12-26,2021,16,Seattle Seahawks,24.0,25.0,Chicago Bears,SEA,-7.0,41,Lumen Field,25.0,11.0,,Seattle Seahawks
2021-12-27,2021,16,New Orleans Saints,3.0,20.0,Miami Dolphins,MIA,-3.0,37.5,Caesars Superdome,72.0,0.0,indoor,New Orleans Saints
2022-01-02,2021,17,Baltimore Ravens,19.0,20.0,Los Angeles Rams,LAR,-7.0,46.5,M&T Bank Stadium,59.0,6.0,,Baltimore Ravens
2022-01-02,2021,17,Buffalo Bills,29.0,15.0,Atlanta Falcons,BUF,-14.0,46,Highmark Stadium,26.0,11.0,,Buffalo Bills
2022-01-02,2021,17,Chicago Bears,29.0,3.0,New York Giants,CHI,-6.5,36.5,Soldier Field,25.0,13.0,,Chicago Bears
2022-01-02,2021,17,Cincinnati Bengals,34.0,31.0,Kansas City Chiefs,KC,-3.5,51,Paul Brown Stadium,33.0,13.0,,Cincinnati Bengals
2022-01-02,2021,17,Dallas Cowboys,22.0,25.0,Arizona Cardinals,DAL,-6.5,52.5,AT&T Stadium,72.0,0.0,indoor,Dallas Cowboys
2022-01-02,2021,17,Green Bay Packers,37.0,10.0,Minnesota Vikings,GB,-13.0,42.5,Lambeau Field,11.0,9.0,,Green Bay Packers
2022-01-02,2021,17,Indianapolis Colts,20.0,23.0,Las Vegas Raiders,IND,-8.5,46.5,Lucas Oil Stadium,72.0,0.0,indoor,Indianapolis Colts
2022-01-02,2021,17,Los Angeles Chargers,34.0,13.0,Denver Broncos,LAC,-7.5,46,SoFi Stadium,72.0,0.0,indoor,Los Angeles Chargers
2022-01-02,2021,17,New England Patriots,50.0,10.0,Jacksonville Jaguars,NE,-17.5,41.5,Gillette Stadium,46.0,4.0,rain,New England Patriots
2022-01-02,2021,17,New Orleans Saints,18.0,10.0,Carolina Panthers,NO,-7.0,37,Caesars Superdome,72.0,0.0,indoor,New Orleans Saints
2022-01-02,2021,17,New York Jets,24.0,28.0,Tampa Bay Buccaneers,TB,-14.0,47.5,MetLife Stadium,57.0,9.0,,New York Jets
2022-01-02,2021,17,San Francisco 49ers,23.0,7.0,Houston Texans,SF,-13.5,44.5,Levi's Stadium,50.0,6.0,,San Francisco 49ers
2022-01-02,2021,17,Seattle Seahawks,51.0,29.0,Detroit Lions,SEA,-8.5,41.5,Lumen Field,37.0,0.0,,Seattle Seahawks
2022-01-02,2021,17,Tennessee Titans,34.0,3.0,Miami Dolphins,TEN,-3.0,41,Nissan Stadium,43.0,13.0,,Tennessee Titans
2022-01-02,2021,17,Washington Commanders,16.0,20.0,Philadelphia Eagles,PHI,-4.5,44.5,FedEx Field,62.0,4.0,,Washington Commanders
2022-01-03,2021,17,Pittsburgh Steelers,26.0,14.0,Cleveland Browns,PIT,-2.0,42,Heinz Field,25.0,12.0,,Pittsburgh Steelers
2022-01-08,2021,18,Denver Broncos,24.0,28.0,Kansas City Chiefs,KC,-11.5,44.5,Empower Field at Mile High,41.0,4.0,,Denver Broncos
2022-01-08,2021,18,Philadelphia Eagles,26.0,51.0,Dallas Cowboys,DAL,-6.0,46.5,Lincoln Financial Field,31.0,8.0,,Philadelphia Eagles
2022-01-09,2021,18,Arizona Cardinals,30.0,38.0,Seattle Seahawks,ARI,-5.0,48.5,State Farm Stadium,72.0,0.0,indoor,Arizona Cardinals
2022-01-09,2021,18,Atlanta Falcons,20.0,30.0,New Orleans Saints,NO,-4.5,40,Mercedes-Benz Stadium,72.0,0.0,indoor,Atlanta Falcons
2022-01-09,2021,18,Baltimore Ravens,13.0,16.0,Pittsburgh Steelers,BAL,-3.0,41,M&T Bank Stadium,36.0,0.0,rain,Baltimore Ravens
2022-01-09,2021,18,Buffalo Bills,27.0,10.0,New York Jets,BUF,-16.0,42,Highmark Stadium,36.0,19.0,,Buffalo Bills
2022-01-09,2021,18,Cleveland Browns,21.0,16.0,Cincinnati Bengals,CLE,-6.5,38,FirstEnergy Stadium,36.0,33.0,,Cleveland Browns
2022-01-09,2021,18,Detroit Lions,37.0,30.0,Green Bay Packers,GB,-4.0,45,Ford Field,72.0,0.0,indoor,Detroit Lions
2022-01-09,2021,18,Houston Texans,25.0,28.0,Tennessee Titans,TEN,-10.5,43,NRG Stadium,72.0,0.0,indoor,Houston Texans
2022-01-09,2021,18,Jacksonville Jaguars,26.0,11.0,Indianapolis Colts,IND,-14.0,43,TIAA Bank Field,76.0,19.0,,Jacksonville Jaguars
2022-01-09,2021,18,Las Vegas Raiders,35.0,32.0,Los Angeles Chargers,LAC,-3.0,49.5,Allegiant Stadium,72.0,0.0,indoor,Las Vegas Raiders
2022-01-09,2021,18,Los Angeles Rams,24.0,27.0,San Francisco 49ers,SF,-3.5,46.5,SoFi Stadium,72.0,0.0,indoor,Los Angeles Rams
2022-01-09,2021,18,Miami Dolphins,33.0,24.0,New England Patriots,NE,-6.0,41,Hard Rock Stadium,75.0,8.0,,Miami Dolphins
2022-01-09,2021,18,Minnesota Vikings,31.0,17.0,Chicago Bears,MIN,-3.5,44.5,U.S. Bank Stadium,72.0,0.0,indoor,Minnesota Vikings
2022-01-09,2021,18,New York Giants,7.0,22.0,Washington Commanders,WAS,-6.0,36,MetLife Stadium,38.0,0.0,,New York Giants
2022-01-09,2021,18,Tampa Bay Buccaneers,41.0,17.0,Carolina Panthers,TB,-10.5,43.5,Raymond James Stadium,80.0,4.0,,Tampa Bay Buccaneers
2022-09-08,2022,1,Los Angeles Rams,10.0,31.0,Buffalo Bills,BUF,-2.0,52,SoFi Stadium,72.0,0.0,indoor,Los Angeles Rams
2022-09-11,2022,1,Arizona Cardinals,21.0,44.0,Kansas City Chiefs,KC,-6.0,54,State Farm Stadium,72.0,0.0,indoor,Arizona Cardinals
2022-09-11,2022,1,Atlanta Falcons,26.0,27.0,New Orleans Saints,NO,-5.5,44,Mercedes-Benz Stadium,72.0,0.0,indoor,Atlanta Falcons
2022-09-11,2022,1,Carolina Panthers,24.0,26.0,Cleveland Browns,CAR,-1.0,42,Bank of America Stadium,,,,Carolina Panthers
2022-09-11,2022,1,Chicago Bears,19.0,10.0,San Francisco 49ers,SF,-6.5,38,Soldier Field,,,,Chicago Bears
2022-09-11,2022,1,Cincinnati Bengals,20.0,23.0,Pittsburgh Steelers,CIN,-7.0,44.5,Paycor Stadium,,,,Cincinnati Bengals
2022-09-11,2022,1,Dallas Cowboys,3.0,19.0,Tampa Bay Buccaneers,TB,-2.5,49.5,AT&T Stadium,72.0,0.0,indoor,Dallas Cowboys
2022-09-11,2022,1,Detroit Lions,35.0,38.0,Philadelphia Eagles,PHI,-5.5,48.5,Ford Field,72.0,0.0,indoor,Detroit Lions
2022-09-11,2022,1,Houston Texans,20.0,20.0,Indianapolis Colts,IND,-7.0,45.5,NRG Stadium,72.0,0.0,indoor,Houston Texans
2022-09-11,2022,1,Los Angeles Chargers,24.0,19.0,Las Vegas Raiders,LAC,-3.5,52.5,SoFi Stadium,72.0,0.0,indoor,Los Angeles Chargers
2022-09-11,2022,1,Miami Dolphins,20.0,7.0,New England Patriots,MIA,-3.0,46.5,Hard Rock Stadium,,,,Miami Dolphins
2022-09-11,2022,1,Minnesota Vikings,23.0,7.0,Green Bay Packers,MIN,-2.0,46.5,U.S. Bank Stadium,72.0,0.0,indoor,Minnesota Vikings
2022-09-11,2022,1,New York Jets,9.0,24.0,Baltimore Ravens,BAL,-6.5,44,MetLife Stadium,,,,New York Jets
2022-09-11,2022,1,Tennessee Titans,20.0,21.0,New York Giants,TEN,-5.5,44,Nissan Stadium,,,,Tennessee Titans
2022-09-11,2022,1,Washington Commanders,28.0,22.0,Jacksonville Jaguars,WAS,-3.0,43,FedEx Field,,,,Washington Commanders
2022-09-12,2022,1,Seattle Seahawks,17.0,16.0,Denver Broncos,DEN,-6.0,44,Lumen Field,,,,Seattle Seahawks
2022-09-15,2022,2,Kansas City Chiefs,27.0,24.0,Los Angeles Chargers,KC,-4.0,52.5,GEHA Field at Arrowhead Stadium,,,,Kansas City Chiefs
2022-09-18,2022,2,Baltimore Ravens,38.0,42.0,Miami Dolphins,BAL,-3.5,44,M&T Bank Stadium,,,,Baltimore Ravens
2022-09-18,2022,2,Cleveland Browns,30.0,31.0,New York Jets,CLE,-6.5,38.5,FirstEnergy Stadium,,,,Cleveland Browns
2022-09-18,2022,2,Dallas Cowboys,20.0,17.0,Cincinnati Bengals,CIN,-7.0,42,AT&T Stadium,72.0,0.0,indoor,Dallas Cowboys
2022-09-18,2022,2,Denver Broncos,16.0,9.0,Houston Texans,DEN,-10.0,45.5,Empower Field at Mile High,,,,Denver Broncos
2022-09-18,2022,2,Detroit Lions,36.0,27.0,Washington Commanders,DET,-1.0,48,Ford Field,72.0,0.0,indoor,Detroit Lions
2022-09-18,2022,2,Green Bay Packers,27.0,10.0,Chicago Bears,GB,-10.0,42,Lambeau Field,,,,Green Bay Packers
2022-09-18,2022,2,Jacksonville Jaguars,24.0,0.0,Indianapolis Colts,IND,-3.0,43.5,TIAA Bank Field,,,,Jacksonville Jaguars
2022-09-18,2022,2,Las Vegas Raiders,23.0,29.0,Arizona Cardinals,LVR,-5.5,52,Allegiant Stadium,72.0,0.0,indoor,Las Vegas Raiders
2022-09-18,2022,2,Los Angeles Rams,31.0,27.0,Atlanta Falcons,LAR,-10.0,46,SoFi Stadium,72.0,0.0,indoor,Los Angeles Rams
2022-09-18,2022,2,New Orleans Saints,10.0,20.0,Tampa Bay Buccaneers,TB,-2.5,43.5,Caesars Superdome,72.0,0.0,indoor,New Orleans Saints
2022-09-18,2022,2,New York Giants,19.0,16.0,Carolina Panthers,CAR,-1.0,43.5,MetLife Stadium,,,,New York Giants
2022-09-18,2022,2,Pittsburgh Steelers,14.0,17.0,New England Patriots,NE,-3.0,40,Acrisure Stadium,,,,Pittsburgh Steelers
2022-09-18,2022,2,San Francisco 49ers,27.0,7.0,Seattle Seahawks,SF,-8.5,39.5,Levi's Stadium,,,,San Francisco 49ers
2022-09-19,2022,2,Buffalo Bills,41.0,7.0,Tennessee Titans,BUF,-10.0,47.5,Highmark Stadium,,,,Buffalo Bills
2022-09-19,2022,2,Philadelphia Eagles,24.0,7.0,Minnesota Vikings,PHI,-2.5,49.5,Lincoln Financial Field,,,,Philadelphia Eagles
2022-09-22,2022,3,Cleveland Browns,29.0,17.0,Pittsburgh Steelers,CLE,-4.5,38,FirstEnergy Stadium,,,,Cleveland Browns
2022-09-25,2022,3,Arizona Cardinals,12.0,20.0,Los Angeles Rams,LAR,-3.5,48.5,State Farm Stadium,72.0,0.0,indoor,Arizona Cardinals
2022-09-25,2022,3,Carolina Panthers,22.0,14.0,New Orleans Saints,NO,-2.0,41,Bank of America Stadium,,,,Carolina Panthers
2022-09-25,2022,3,Chicago Bears,23.0,20.0,Houston Texans,CHI,-3.0,39,Soldier Field,,,,Chicago Bears
2022-09-25,2022,3,Denver Broncos,11.0,10.0,San Francisco 49ers,SF,-1.5,45,Empower Field at Mile High,,,,Denver Broncos
2022-09-25,2022,3,Indianapolis Colts,20.0,17.0,Kansas City Chiefs,KC,-5.0,51,Lucas Oil Stadium,72.0,0.0,indoor,Indianapolis Colts
2022-09-25,2022,3,Los Angeles Chargers,10.0,38.0,Jacksonville Jaguars,LAC,-6.5,46.5,SoFi Stadium,72.0,0.0,indoor,Los Angeles Chargers
2022-09-25,2022,3,Miami Dolphins,21.0,19.0,Buffalo Bills,BUF,-4.0,54.5,Hard Rock Stadium,,,,Miami Dolphins
2022-09-25,2022,3,Minnesota Vikings,28.0,24.0,Detroit Lions,MIN,-6.5,51.5,U.S. Bank Stadium,72.0,0.0,indoor,Minnesota Vikings
2022-09-25,2022,3,New England Patriots,26.0,37.0,Baltimore Ravens,BAL,-2.5,44.5,Gillette Stadium,,,,New England Patriots
2022-09-25,2022,3,New York Jets,12.0,27.0,Cincinnati Bengals,CIN,-6.5,46,MetLife Stadium,,,,New York Jets
2022-09-25,2022,3,Seattle Seahawks,23.0,27.0,Atlanta Falcons,SEA,-1.0,43.5,Lumen Field,,,,Seattle Seahawks
2022-09-25,2022,3,Tampa Bay Buccaneers,12.0,14.0,Green Bay Packers,TB,-1.5,42,Raymond James Stadium,,,,Tampa Bay Buccaneers
2022-09-25,2022,3,Tennessee Titans,24.0,22.0,Las Vegas Raiders,LVR,-2.0,45.5,Nissan Stadium,,,,Tennessee Titans
2022-09-25,2022,3,Washington Commanders,8.0,24.0,Philadelphia Eagles,PHI,-6.0,47.5,FedEx Field,,,,Washington Commanders
2022-09-26,2022,3,New York Giants,16.0,23.0,Dallas Cowboys,NYG,-1.0,38.5,MetLife Stadium,,,,New York Giants
2022-09-29,2022,4,Cincinnati Bengals,27.0,15.0,Miami Dolphins,CIN,-4.0,49,Paycor Stadium,,,,Cincinnati Bengals
2022-10-02,2022,4,Atlanta Falcons,23.0,20.0,Cleveland Browns,CLE,-1.0,48.5,Mercedes-Benz Stadium,72.0,0.0,indoor,Atlanta Falcons
2022-10-02,2022,4,Baltimore Ravens,20.0,23.0,Buffalo Bills,BUF,-3.0,50,M&T Bank Stadium,,,,Baltimore Ravens
2022-10-02,2022,4,Carolina Panthers,16.0,26.0,Arizona Cardinals,CAR,-1.0,43.5,Bank of America Stadium,,,,Carolina Panthers
2022-10-02,2022,4,Dallas Cowboys,25.0,10.0,Washington Commanders,DAL,-3.0,41,AT&T Stadium,72.0,0.0,indoor,Dallas Cowboys
2022-10-02,2022,4,Detroit Lions,45.0,48.0,Seattle Seahawks,DET,-3.5,48.5,Ford Field,72.0,0.0,indoor,Detroit Lions
2022-10-02,2022,4,Green Bay Packers,27.0,24.0,New England Patriots,GB,-9.5,40,Lambeau Field,,,,Green Bay Packers
2022-10-02,2022,4,Houston Texans,24.0,34.0,Los Angeles Chargers,LAC,-5.5,45,NRG Stadium,72.0,0.0,indoor,Houston Texans
2022-10-02,2022,4,Indianapolis Colts,17.0,24.0,Tennessee Titans,IND,-3.5,43,Lucas Oil Stadium,72.0,0.0,indoor,Indianapolis Colts
2022-10-02,2022,4,Las Vegas Raiders,32.0,23.0,Denver Broncos,LVR,-2.5,45.5,Allegiant Stadium,72.0,0.0,indoor,Las Vegas Raiders
2022-10-02,2022,4,New Orleans Saints,25.0,28.0,Minnesota Vikings,MIN,-4.0,42,Tottenham Hotspur Stadium,,0.0,indoor,New Orleans Saints
2022-10-02,2022,4,New York Giants,20.0,12.0,Chicago Bears,NYG,-3.0,39.5,MetLife Stadium,,,,New York Giants
2022-10-02,2022,4,Philadelphia Eagles,29.0,21.0,Jacksonville Jaguars,PHI,-6.5,44,Lincoln Financial Field,,,,Philadelphia Eagles
2022-10-02,2022,4,Pittsburgh Steelers,20.0,24.0,New York Jets,PIT,-3.0,41,Acrisure Stadium,,,,Pittsburgh Steelers
2022-10-02,2022,4,Tampa Bay Buccaneers,31.0,41.0,Kansas City Chiefs,TB,-1.5,47.5,Raymond James Stadium,,,,Tampa Bay Buccaneers
2022-10-03,2022,4,San Francisco 49ers,24.0,9.0,Los Angeles Rams,SF,-1.5,42.5,Levi's Stadium,,,,San Francisco 49ers
2022-10-06,2022,5,Denver Broncos,9.0,12.0,Indianapolis Colts,DEN,-3.0,42,Empower Field at Mile High,,,,Denver Broncos
2022-10-09,2022,5,Arizona Cardinals,17.0,20.0,Philadelphia Eagles,PHI,-5.5,49,State Farm Stadium,72.0,0.0,indoor,Arizona Cardinals
2022-10-09,2022,5,Baltimore Ravens,19.0,17.0,Cincinnati Bengals,BAL,-3.0,48,M&T Bank Stadium,,,,Baltimore Ravens
2022-10-09,2022,5,Buffalo Bills,38.0,3.0,Pittsburgh Steelers,BUF,-14.0,44.5,Highmark Stadium,,,,Buffalo Bills
2022-10-09,2022,5,Carolina Panthers,15.0,37.0,San Francisco 49ers,SF,-6.0,40,Bank of America Stadium,,,,Carolina Panthers
2022-10-09,2022,5,Cleveland Browns,28.0,30.0,Los Angeles Chargers,LAC,-1.5,46.5,FirstEnergy Stadium,,,,Cleveland Browns
2022-10-09,2022,5,Green Bay Packers,22.0,27.0,New York Giants,GB,-9.0,42,Tottenham Hotspur Stadium,,,,Green Bay Packers
2022-10-09,2022,5,Jacksonville Jaguars,6.0,13.0,Houston Texans,JAX,-7.0,43.5,TIAA Bank Field,,,,Jacksonville Jaguars
2022-10-09,2022,5,Los Angeles Rams,10.0,22.0,Dallas Cowboys,LAR,-5.0,41.5,SoFi Stadium,72.0,0.0,indoor,Los Angeles Rams
2022-10-09,2022,5,Minnesota Vikings,29.0,22.0,Chicago Bears,MIN,-8.5,44,U.S. Bank Stadium,72.0,0.0,indoor,Minnesota Vikings
2022-10-09,2022,5,New England Patriots,29.0,0.0,Detroit Lions,NE,-3.0,47,Gillette Stadium,,,,New England Patriots
2022-10-09,2022,5,New Orleans Saints,39.0,32.0,Seattle Seahawks,NO,-5.5,45,Caesars Superdome,72.0,0.0,indoor,New Orleans Saints
2022-10-09,2022,5,New York Jets,40.0,17.0,Miami Dolphins,MIA,-3.0,46,MetLife Stadium,,,,New York Jets
2022-10-09,2022,5,Tampa Bay Buccaneers,21.0,15.0,Atlanta Falcons,TB,-10.5,46,Raymond James Stadium,,,,Tampa Bay Buccaneers
2022-10-09,2022,5,Washington Commanders,17.0,21.0,Tennessee Titans,TEN,-1.0,43,FedEx Field,,,,Washington Commanders
2022-10-10,2022,5,Kansas City Chiefs,30.0,29.0,Las Vegas Raiders,KC,-7.0,51.5,GEHA Field at Arrowhead Stadium,,,,Kansas City Chiefs
2022-10-13,2022,6,Chicago Bears,7.0,12.0,Washington Commanders,WAS,-1.0,38,Soldier Field,,,,Chicago Bears
2022-10-16,2022,6,Atlanta Falcons,28.0,14.0,San Francisco 49ers,SF,-4.0,45.5,Mercedes-Benz Stadium,72.0,0.0,indoor,Atlanta Falcons
2022-10-16,2022,6,Cleveland Browns,15.0,38.0,New England Patriots,CLE,-2.5,43,FirstEnergy Stadium,,,,Cleveland Browns
2022-10-16,2022,6,Green Bay Packers,10.0,27.0,New York Jets,GB,-7.5,45,Lambeau Field,,,,Green Bay Packers
2022-10-16,2022,6,Indianapolis Colts,34.0,27.0,Jacksonville Jaguars,IND,-1.0,41,Lucas Oil Stadium,72.0,0.0,indoor,Indianapolis Colts
2022-10-16,2022,6,Kansas City Chiefs,20.0,24.0,Buffalo Bills,BUF,-2.5,54,GEHA Field at Arrowhead Stadium,,,,Kansas City Chiefs
2022-10-16,2022,6,Los Angeles Rams,24.0,10.0,Carolina Panthers,LAR,-10.0,41,SoFi Stadium,72.0,0.0,indoor,Los Angeles Rams
2022-10-16,2022,6,Miami Dolphins,16.0,24.0,Minnesota Vikings,MIN,-3.0,45,Hard Rock Stadium,,,,Miami Dolphins
2022-10-16,2022,6,New Orleans Saints,26.0,30.0,Cincinnati Bengals,CIN,-3.0,42.5,Caesars Superdome,72.0,0.0,indoor,New Orleans Saints
2022-10-16,2022,6,New York Giants,24.0,20.0,Baltimore Ravens,BAL,-5.5,45.5,MetLife Stadium,,,,New York Giants
2022-10-16,2022,6,Philadelphia Eagles,26.0,17.0,Dallas Cowboys,PHI,-6.5,42.5,Lincoln Financial Field,,,,Philadelphia Eagles
2022-10-16,2022,6,Pittsburgh Steelers,20.0,18.0,Tampa Bay Buccaneers,TB,-10.0,46.5,Acrisure Stadium,,,,Pittsburgh Steelers
2022-10-16,2022,6,Seattle Seahawks,19.0,9.0,Arizona Cardinals,ARI,-2.5,50.5,Lumen Field,,,,Seattle Seahawks
2022-10-17,2022,6,Los Angeles Chargers,19.0,16.0,Denver Broncos,LAC,-4.0,45.5,SoFi Stadium,72.0,0.0,indoor,Los Angeles Chargers
2022-10-20,2022,7,Arizona Cardinals,42.0,34.0,New Orleans Saints,ARI,-2.5,43.5,State Farm Stadium,72.0,0.0,indoor,Arizona Cardinals
2022-10-23,2022,7,Baltimore Ravens,23.0,20.0,Cleveland Browns,BAL,-6.5,46.5,M&T Bank Stadium,,,,Baltimore Ravens
2022-10-23,2022,7,Carolina Panthers,21.0,3.0,Tampa Bay Buccaneers,TB,-13.0,39.5,Bank of America Stadium,,,,Carolina Panthers
2022-10-23,2022,7,Cincinnati Bengals,35.0,17.0,Atlanta Falcons,CIN,-6.5,47.5,Paycor Stadium,,,,Cincinnati Bengals
2022-10-23,2022,7,Dallas Cowboys,24.0,6.0,Detroit Lions,DAL,-7.0,49.5,AT&T Stadium,72.0,0.0,indoor,Dallas Cowboys
2022-10-23,2022,7,Denver Broncos,9.0,16.0,New York Jets,NYJ,-2.0,37,Empower Field at Mile High,,,,Denver Broncos
2022-10-23,2022,7,Jacksonville Jaguars,17.0,23.0,New York Giants,JAX,-3.0,43.5,TIAA Bank Field,,,,Jacksonville Jaguars
2022-10-23,2022,7,Las Vegas Raiders,38.0,20.0,Houston Texans,LVR,-7.0,46,Allegiant Stadium,72.0,0.0,indoor,Las Vegas Raiders
2022-10-23,2022,7,Los Angeles Chargers,23.0,37.0,Seattle Seahawks,LAC,-4.5,51,SoFi Stadium,72.0,0.0,indoor,Los Angeles Chargers
2022-10-23,2022,7,Miami Dolphins,16.0,10.0,Pittsburgh Steelers,MIA,-7.0,44,Hard Rock Stadium,,,,Miami Dolphins
2022-10-23,2022,7,San Francisco 49ers,23.0,44.0,Kansas City Chiefs,KC,-1.0,49,Levi's Stadium,,,,San Francisco 49ers
2022-10-23,2022,7,Tennessee Titans,19.0,10.0,Indianapolis Colts,TEN,-2.5,42.5,Nissan Stadium,,,,Tennessee Titans
2022-10-23,2022,7,Washington Commanders,23.0,21.0,Green Bay Packers,GB,-4.0,41.5,FedEx Field,,,,Washington Commanders
2022-10-24,2022,7,New England Patriots,14.0,33.0,Chicago Bears,NE,-8.5,40,Gillette Stadium,,,,New England Patriots
2022-10-27,2022,8,Tampa Bay Buccaneers,22.0,27.0,Baltimore Ravens,TB,-2.0,46,Raymond James Stadium,,,,Tampa Bay Buccaneers
2022-10-30,2022,8,Atlanta Falcons,37.0,34.0,Carolina Panthers,ATL,-4.0,41,Mercedes-Benz Stadium,72.0,0.0,indoor,Atlanta Falcons
2022-10-30,2022,8,Buffalo Bills,27.0,17.0,Green Bay Packers,BUF,-10.5,47,Highmark Stadium,,,,Buffalo Bills
2022-10-30,2022,8,Dallas Cowboys,49.0,29.0,Chicago Bears,DAL,-10.0,42.5,AT&T Stadium,72.0,0.0,indoor,Dallas Cowboys
2022-10-30,2022,8,Detroit Lions,27.0,31.0,Miami Dolphins,MIA,-3.5,52,Ford Field,72.0,0.0,indoor,Detroit Lions
2022-10-30,2022,8,Houston Texans,10.0,17.0,Tennessee Titans,TEN,-1.0,39.5,NRG Stadium,72.0,0.0,indoor,Houston Texans
2022-10-30,2022,8,Indianapolis Colts,16.0,17.0,Washington Commanders,IND,-3.0,40,Lucas Oil Stadium,72.0,0.0,indoor,Indianapolis Colts
2022-10-30,2022,8,Jacksonville Jaguars,17.0,21.0,Denver Broncos,JAX,-1.0,40.5,Wembley Stadium,,,,Jacksonville Jaguars
2022-10-30,2022,8,Los Angeles Rams,14.0,31.0,San Francisco 49ers,LAR,-1.0,42,SoFi Stadium,72.0,0.0,indoor,Los Angeles Rams
2022-10-30,2022,8,Minnesota Vikings,34.0,26.0,Arizona Cardinals,MIN,-4.0,48.5,U.S. Bank Stadium,72.0,0.0,indoor,Minnesota Vikings
2022-10-30,2022,8,New Orleans Saints,24.0,0.0,Las Vegas Raiders,LVR,-1.0,48.5,Caesars Superdome,72.0,0.0,indoor,New Orleans Saints
2022-10-30,2022,8,New York Jets,17.0,22.0,New England Patriots,NE,-3.0,40,MetLife Stadium,,,,New York Jets
2022-10-30,2022,8,Philadelphia Eagles,35.0,13.0,Pittsburgh Steelers,PHI,-11.5,43,Lincoln Financial Field,,,,Philadelphia Eagles
2022-10-30,2022,8,Seattle Seahawks,27.0,13.0,New York Giants,SEA,-3.0,44.5,Lumen Field,,,,Seattle Seahawks
2022-10-31,2022,8,Cleveland Browns,32.0,13.0,Cincinnati Bengals,CIN,-3.0,45,FirstEnergy Stadium,,,,Cleveland Browns
2022-11-03,2022,9,Houston Texans,17.0,29.0,Philadelphia Eagles,PHI,-14.0,45.5,NRG Stadium,72.0,0.0,indoor,Houston Texans
2022-11-06,2022,9,Arizona Cardinals,21.0,31.0,Seattle Seahawks,ARI,-2.0,49,State Farm Stadium,72.0,0.0,indoor,Arizona Cardinals
2022-11-06,2022,9,Atlanta Falcons,17.0,20.0,Los Angeles Chargers,LAC,-2.5,49.5,Mercedes-Benz Stadium,72.0,0.0,indoor,Atlanta Falcons
2022-11-06,2022,9,Chicago Bears,32.0,35.0,Miami Dolphins,MIA,-4.0,46,Soldier Field,,,,Chicago Bears
2022-11-06,2022,9,Cincinnati Bengals,42.0,21.0,Carolina Panthers,CIN,-7.0,42.5,Paycor Stadium,,,,Cincinnati Bengals
2022-11-06,2022,9,Detroit Lions,15.0,9.0,Green Bay Packers,GB,-4.0,49.5,Ford Field,72.0,0.0,indoor,Detroit Lions
2022-11-06,2022,9,Jacksonville Jaguars,27.0,20.0,Las Vegas Raiders,LVR,-2.5,48,TIAA Bank Field,,,,Jacksonville Jaguars
2022-11-06,2022,9,Kansas City Chiefs,20.0,17.0,Tennessee Titans,KC,-14.0,45,GEHA Field at Arrowhead Stadium,,,,Kansas City Chiefs
2022-11-06,2022,9,New England Patriots,26.0,3.0,Indianapolis Colts,NE,-5.0,40,Gillette Stadium,,,,New England Patriots
2022-11-06,2022,9,New York Jets,20.0,17.0,Buffalo Bills,BUF,-10.5,46,MetLife Stadium,,,,New York Jets
2022-11-06,2022,9,Tampa Bay Buccaneers,16.0,13.0,Los Angeles Rams,TB,-3.0,42.5,Raymond James Stadium,,,,Tampa Bay Buccaneers
2022-11-06,2022,9,Washington Commanders,17.0,20.0,Minnesota Vikings,MIN,-3.0,43.5,FedEx Field,,,,Washington Commanders
2022-11-07,2022,9,New Orleans Saints,13.0,27.0,Baltimore Ravens,BAL,-1.5,46,Caesars Superdome,72.0,0.0,indoor,New Orleans Saints
2022-11-10,2022,10,Carolina Panthers,25.0,15.0,Atlanta Falcons,ATL,-2.5,41.5,Bank of America Stadium,,,,Carolina Panthers
2022-11-13,2022,10,Buffalo Bills,30.0,33.0,Minnesota Vikings,BUF,-6.0,46,Highmark Stadium,,,,Buffalo Bills
2022-11-13,2022,10,Chicago Bears,30.0,31.0,Detroit Lions,CHI,-3.0,48.5,Soldier Field,,,,Chicago Bears
2022-11-13,2022,10,Green Bay Packers,31.0,28.0,Dallas Cowboys,DAL,-3.5,44.5,Lambeau Field,,,,Green Bay Packers
2022-11-13,2022,10,Kansas City Chiefs,27.0,17.0,Jacksonville Jaguars,KC,-9.5,51.5,GEHA Field at Arrowhead Stadium,,,,Kansas City Chiefs
2022-11-13,2022,10,Las Vegas Raiders,20.0,25.0,Indianapolis Colts,LVR,-4.0,41,Allegiant Stadium,72.0,0.0,indoor,Las Vegas Raiders
2022-11-13,2022,10,Los Angeles Rams,17.0,27.0,Arizona Cardinals,LAR,-3.5,38,SoFi Stadium,72.0,0.0,indoor,Los Angeles Rams
2022-11-13,2022,10,Miami Dolphins,39.0,17.0,Cleveland Browns,MIA,-3.0,49.5,Hard Rock Stadium,,,,Miami Dolphins
2022-11-13,2022,10,New York Giants,24.0,16.0,Houston Texans,NYG,-4.5,41,MetLife Stadium,,,,New York Giants
2022-11-13,2022,10,Pittsburgh Steelers,20.0,10.0,New Orleans Saints,PIT,-1.0,39.5,Acrisure Stadium,,,,Pittsburgh Steelers
2022-11-13,2022,10,San Francisco 49ers,22.0,16.0,Los Angeles Chargers,SF,-8.0,45.5,Levi's Stadium,,,,San Francisco 49ers
2022-11-13,2022,10,Tampa Bay Buccaneers,21.0,16.0,Seattle Seahawks,TB,-2.5,45,Allianz Arena,,,,Tampa Bay Buccaneers
2022-11-13,2022,10,Tennessee Titans,17.0,10.0,Denver Broncos,TEN,-2.5,39.5,Nissan Stadium,,,,Tennessee Titans
2022-11-14,2022,10,Philadelphia Eagles,21.0,32.0,Washington Commanders,PHI,-11.0,43,Lincoln Financial Field,,,,Philadelphia Eagles
2022-11-17,2022,11,Green Bay Packers,17.0,27.0,Tennessee Titans,GB,-3.0,40.5,Lambeau Field,,,,Green Bay Packers
2022-11-20,2022,11,Atlanta Falcons,27.0,24.0,Chicago Bears,ATL,-2.5,48.5,Mercedes-Benz Stadium,72.0,0.0,indoor,Atlanta Falcons
2022-11-20,2022,11,Baltimore Ravens,13.0,3.0,Carolina Panthers,BAL,-12.5,41.5,M&T Bank Stadium,,,,Baltimore Ravens
2022-11-20,2022,11,Buffalo Bills,31.0,23.0,Cleveland Browns,BUF,-7.5,50.5,Ford Field,72.0,0.0,indoor,Buffalo Bills
2022-11-20,2022,11,Denver Broncos,16.0,22.0,Las Vegas Raiders,DEN,-2.5,41.5,Empower Field at Mile High,,,,Denver Broncos
2022-11-20,2022,11,Houston Texans,10.0,23.0,Washington Commanders,WAS,-3.0,41,NRG Stadium,72.0,0.0,indoor,Houston Texans
2022-11-20,2022,11,Indianapolis Colts,16.0,17.0,Philadelphia Eagles,PHI,-6.0,45,Lucas Oil Stadium,72.0,0.0,indoor,Indianapolis Colts
2022-11-20,2022,11,Los Angeles Chargers,27.0,30.0,Kansas City Chiefs,KC,-5.5,53,SoFi Stadium,72.0,0.0,indoor,Los Angeles Chargers
2022-11-20,2022,11,Minnesota Vikings,3.0,40.0,Dallas Cowboys,DAL,-2.0,48.5,U.S. Bank Stadium,72.0,0.0,indoor,Minnesota Vikings
2022-11-20,2022,11,New England Patriots,10.0,3.0,New York Jets,NE,-3.5,38,Gillette Stadium,,,,New England Patriots
2022-11-20,2022,11,New Orleans Saints,27.0,20.0,Los Angeles Rams,NO,-2.5,39.5,Caesars Superdome,72.0,0.0,indoor,New Orleans Saints
2022-11-20,2022,11,New York Giants,18.0,31.0,Detroit Lions,NYG,-3.0,44.5,MetLife Stadium,,,,New York Giants
2022-11-20,2022,11,Pittsburgh Steelers,30.0,37.0,Cincinnati Bengals,CIN,-3.5,39.5,Acrisure Stadium,,,,Pittsburgh Steelers
2022-11-21,2022,11,Arizona Cardinals,10.0,38.0,San Francisco 49ers,SF,-10.0,43,Estadio Azteca,,,,Arizona Cardinals
2022-11-24,2022,12,Dallas Cowboys,28.0,20.0,New York Giants,DAL,-10.0,45.5,AT&T Stadium,72.0,0.0,indoor,Dallas Cowboys
2022-11-24,2022,12,Detroit Lions,25.0,28.0,Buffalo Bills,BUF,-9.5,55,Ford Field,72.0,0.0,indoor,Detroit Lions
2022-11-24,2022,12,Minnesota Vikings,33.0,26.0,New England Patriots,MIN,-2.5,41.5,U.S. Bank Stadium,72.0,0.0,indoor,Minnesota Vikings
2022-11-27,2022,12,Arizona Cardinals,24.0,25.0,Los Angeles Chargers,LAC,-2.5,48.5,State Farm Stadium,72.0,0.0,indoor,Arizona Cardinals
2022-11-27,2022,12,Carolina Panthers,23.0,10.0,Denver Broncos,DEN,-1.0,36,Bank of America Stadium,,,,Carolina Panthers
2022-11-27,2022,12,Cleveland Browns,23.0,17.0,Tampa Bay Buccaneers,TB,-3.0,42,FirstEnergy Stadium,,,,Cleveland Browns
2022-11-27,2022,12,Jacksonville Jaguars,28.0,27.0,Baltimore Ravens,BAL,-3.5,43,TIAA Bank Field,,,,Jacksonville Jaguars
2022-11-27,2022,12,Kansas City Chiefs,26.0,10.0,Los Angeles Rams,KC,-15.5,42,GEHA Field at Arrowhead Stadium,,,,Kansas City Chiefs
2022-11-27,2022,12,Miami Dolphins,30.0,15.0,Houston Texans,MIA,-14.0,47.5,Hard Rock Stadium,,,,Miami Dolphins
2022-11-27,2022,12,New York Jets,31.0,10.0,Chicago Bears,NYJ,-7.5,37.5,MetLife Stadium,,,,New York Jets
2022-11-27,2022,12,Philadelphia Eagles,40.0,33.0,Green Bay Packers,PHI,-6.5,46.5,Lincoln Financial Field,,,,Philadelphia Eagles
2022-11-27,2022,12,San Francisco 49ers,13.0,0.0,New Orleans Saints,SF,-8.5,43.5,Levi's Stadium,,,,San Francisco 49ers
2022-11-27,2022,12,Seattle Seahawks,34.0,40.0,Las Vegas Raiders,SEA,-4.0,47.5,Lumen Field,,,,Seattle Seahawks
2022-11-27,2022,12,Tennessee Titans,16.0,20.0,Cincinnati Bengals,CIN,-1.0,42,Nissan Stadium,,,,Tennessee Titans
2022-11-27,2022,12,Washington Commanders,19.0,13.0,Atlanta Falcons,WAS,-3.5,40,FedEx Field,,,,Washington Commanders
2022-11-28,2022,12,Indianapolis Colts,17.0,24.0,Pittsburgh Steelers,IND,-2.5,39.5,Lucas Oil Stadium,72.0,0.0,indoor,Indianapolis Colts
2022-12-01,2022,13,New England Patriots,10.0,24.0,Buffalo Bills,BUF,-4.0,44,Gillette Stadium,,,,New England Patriots
2022-12-04,2022,13,Atlanta Falcons,16.0,19.0,Pittsburgh Steelers,PIT,-1.5,43,Mercedes-Benz Stadium,72.0,0.0,indoor,Atlanta Falcons
2022-12-04,2022,13,Baltimore Ravens,10.0,9.0,Denver Broncos,BAL,-9.0,40,M&T Bank Stadium,,,,Baltimore Ravens
2022-12-04,2022,13,Chicago Bears,19.0,28.0,Green Bay Packers,GB,-3.5,45,Soldier Field,,,,Chicago Bears
2022-12-04,2022,13,Cincinnati Bengals,27.0,24.0,Kansas City Chiefs,KC,-2.5,53.5,Paycor Stadium,,,,Cincinnati Bengals
2022-12-04,2022,13,Dallas Cowboys,54.0,19.0,Indianapolis Colts,DAL,-11.0,44.5,AT&T Stadium,72.0,0.0,indoor,Dallas Cowboys
2022-12-04,2022,13,Detroit Lions,40.0,14.0,Jacksonville Jaguars,DET,-1.0,51,Ford Field,72.0,0.0,indoor,Detroit Lions
2022-12-04,2022,13,Houston Texans,14.0,27.0,Cleveland Browns,CLE,-7.5,46.5,NRG Stadium,72.0,0.0,indoor,Houston Texans
2022-12-04,2022,13,Las Vegas Raiders,27.0,20.0,Los Angeles Chargers,LVR,-2.5,49.5,Allegiant Stadium,72.0,0.0,indoor,Las Vegas Raiders
2022-12-04,2022,13,Los Angeles Rams,23.0,27.0,Seattle Seahawks,SEA,-6.5,41,SoFi Stadium,72.0,0.0,indoor,Los Angeles Rams
2022-12-04,2022,13,Minnesota Vikings,27.0,22.0,New York Jets,MIN,-3.0,44,U.S. Bank Stadium,72.0,0.0,indoor,Minnesota Vikings
2022-12-04,2022,13,New York Giants,20.0,20.0,Washington Commanders,WAS,-2.5,40.5,MetLife Stadium,,,,New York Giants
2022-12-04,2022,13,Philadelphia Eagles,35.0,10.0,Tennessee Titans,PHI,-4.5,44.5,Lincoln Financial Field,,,,Philadelphia Eagles
2022-12-04,2022,13,San Francisco 49ers,33.0,17.0,Miami Dolphins,SF,-5.0,45.5,Levi's Stadium,,,,San Francisco 49ers
2022-12-05,2022,13,Tampa Bay Buccaneers,17.0,16.0,New Orleans Saints,TB,-3.0,40.5,Raymond James Stadium,,,,Tampa Bay Buccaneers
2022-12-08,2022,14,Los Angeles Rams,17.0,16.0,Las Vegas Raiders,LVR,-6.5,41.5,SoFi Stadium,72.0,0.0,indoor,Los Angeles Rams
2022-12-11,2022,14,Buffalo Bills,20.0,12.0,New York Jets,BUF,-10.0,43.5,Highmark Stadium,,,,Buffalo Bills
2022-12-11,2022,14,Cincinnati Bengals,23.0,10.0,Cleveland Browns,CIN,-4.0,47,Paycor Stadium,,,,Cincinnati Bengals
2022-12-11,2022,14,Dallas Cowboys,27.0,23.0,Houston Texans,DAL,-17.0,44.5,AT&T Stadium,72.0,0.0,indoor,Dallas Cowboys
2022-12-11,2022,14,Denver Broncos,28.0,34.0,Kansas City Chiefs,KC,-9.0,44,Empower Field at Mile High,,,,Denver Broncos
2022-12-11,2022,14,Detroit Lions,34.0,23.0,Minnesota Vikings,DET,-2.0,51.5,Ford Field,72.0,0.0,indoor,Detroit Lions
2022-12-11,2022,14,Los Angeles Chargers,23.0,17.0,Miami Dolphins,MIA,-3.0,55,SoFi Stadium,72.0,0.0,indoor,Los Angeles Chargers
2022-12-11,2022,14,New York Giants,22.0,48.0,Philadelphia Eagles,PHI,-7.0,44.5,MetLife Stadium,,,,New York Giants
2022-12-11,2022,14,Pittsburgh Steelers,14.0,16.0,Baltimore Ravens,PIT,-2.0,37,Acrisure Stadium,,,,Pittsburgh Steelers
2022-12-11,2022,14,San Francisco 49ers,35.0,7.0,Tampa Bay Buccaneers,SF,-3.5,38.5,Levi's Stadium,,,,San Francisco 49ers
2022-12-11,2022,14,Seattle Seahawks,24.0,30.0,Carolina Panthers,SEA,-4.0,44,Lumen Field,,,,Seattle Seahawks
2022-12-11,2022,14,Tennessee Titans,22.0,36.0,Jacksonville Jaguars,TEN,-3.0,41.5,Nissan Stadium,,,,Tennessee Titans
2022-12-12,2022,14,Arizona Cardinals,13.0,27.0,New England Patriots,NE,-2.5,44,State Farm Stadium,72.0,0.0,indoor,Arizona Cardinals
2022-12-15,2022,15,Seattle Seahawks,13.0,21.0,San Francisco 49ers,SF,-3.0,42.5,Lumen Field,,,,Seattle Seahawks
2022-12-17,2022,15,Buffalo Bills,32.0,29.0,Miami Dolphins,BUF,-7.0,43.5,Highmark Stadium,,,,Buffalo Bills
2022-12-17,2022,15,Cleveland Browns,13.0,3.0,Baltimore Ravens,CLE,-3.0,39,FirstEnergy Stadium,,,,Cleveland Browns
2022-12-17,2022,15,Minnesota Vikings,39.0,36.0,Indianapolis Colts,MIN,-3.5,47,U.S. Bank Stadium,72.0,0.0,indoor,Minnesota Vikings
2022-12-18,2022,15,Carolina Panthers,16.0,24.0,Pittsburgh Steelers,CAR,-2.5,37,Bank of America Stadium,,,,Carolina Panthers
2022-12-18,2022,15,Chicago Bears,20.0,25.0,Philadelphia Eagles,PHI,-8.5,48,Soldier Field,,,,Chicago Bears
2022-12-18,2022,15,Denver Broncos,24.0,15.0,Arizona Cardinals,DEN,-1.5,37,Empower Field at Mile High,,,,Denver Broncos
2022-12-18,2022,15,Houston Texans,24.0,30.0,Kansas City Chiefs,KC,-14.5,48.5,NRG Stadium,72.0,0.0,indoor,Houston Texans
2022-12-18,2022,15,Jacksonville Jaguars,40.0,34.0,Dallas Cowboys,DAL,-4.0,48,TIAA Bank Field,,,,Jacksonville Jaguars
2022-12-18,2022,15,Las Vegas Raiders,30.0,24.0,New England Patriots,LVR,-2.5,45.5,Allegiant Stadium,72.0,0.0,indoor,Las Vegas Raiders
2022-12-18,2022,15,Los Angeles Chargers,17.0,14.0,Tennessee Titans,LAC,-3.0,46.5,SoFi Stadium,72.0,0.0,indoor,Los Angeles Chargers
2022-12-18,2022,15,New Orleans Saints,21.0,18.0,Atlanta Falcons,NO,-5.0,43.5,Caesars Superdome,72.0,0.0,indoor,New Orleans Saints
2022-12-18,2022,15,New York Jets,17.0,20.0,Detroit Lions,NYJ,-2.0,44,MetLife Stadium,,,,New York Jets
2022-12-18,2022,15,Tampa Bay Buccaneers,23.0,34.0,Cincinnati Bengals,CIN,-3.5,47.5,Raymond James Stadium,,,,Tampa Bay Buccaneers
2022-12-18,2022,15,Washington Commanders,12.0,20.0,New York Giants,WAS,-4.0,40.5,FedEx Field,,,,Washington Commanders
2022-12-19,2022,15,Green Bay Packers,24.0,12.0,Los Angeles Rams,GB,-7.5,39.5,Lambeau Field,,,,Green Bay Packers
2022-12-22,2022,16,New York Jets,3.0,19.0,Jacksonville Jaguars,NYJ,-2.5,36.5,MetLife Stadium,,,,New York Jets
2022-12-24,2022,16,Baltimore Ravens,17.0,9.0,Atlanta Falcons,BAL,-6.5,35,M&T Bank Stadium,,,,Baltimore Ravens
2022-12-24,2022,16,Carolina Panthers,37.0,23.0,Detroit Lions,DET,-2.5,43.5,Bank of America Stadium,,,,Carolina Panthers
2022-12-24,2022,16,Chicago Bears,13.0,35.0,Buffalo Bills,BUF,-8.0,40.5,Soldier Field,,,,Chicago Bears
2022-12-24,2022,16,Cleveland Browns,10.0,17.0,New Orleans Saints,CLE,-3.0,32,FirstEnergy Stadium,,,,Cleveland Browns
2022-12-24,2022,16,Dallas Cowboys,40.0,34.0,Philadelphia Eagles,DAL,-4.0,48,AT&T Stadium,72.0,0.0,indoor,Dallas Cowboys
2022-12-24,2022,16,Kansas City Chiefs,24.0,10.0,Seattle Seahawks,KC,-10.0,50.5,GEHA Field at Arrowhead Stadium,,,,Kansas City Chiefs
2022-12-24,2022,16,Minnesota Vikings,27.0,24.0,New York Giants,MIN,-4.5,48,U.S. Bank Stadium,72.0,0.0,indoor,Minnesota Vikings
2022-12-24,2022,16,New England Patriots,18.0,22.0,Cincinnati Bengals,CIN,-3.0,41.5,Gillette Stadium,,,,New England Patriots
2022-12-24,2022,16,Pittsburgh Steelers,13.0,10.0,Las Vegas Raiders,PIT,-2.0,38,Acrisure Stadium,,,,Pittsburgh Steelers
2022-12-24,2022,16,San Francisco 49ers,37.0,20.0,Washington Commanders,SF,-6.5,37,Levi's Stadium,,,,San Francisco 49ers
2022-12-24,2022,16,Tennessee Titans,14.0,19.0,Houston Texans,TEN,-3.0,34,Nissan Stadium,,,,Tennessee Titans
2022-12-25,2022,16,Arizona Cardinals,16.0,19.0,Tampa Bay Buccaneers,TB,-7.5,41.5,State Farm Stadium,72.0,0.0,indoor,Arizona Cardinals
2022-12-25,2022,16,Los Angeles Rams,51.0,14.0,Denver Broncos,DEN,-3.0,36,SoFi Stadium,72.0,0.0,indoor,Los Angeles Rams
2022-12-25,2022,16,Miami Dolphins,20.0,26.0,Green Bay Packers,MIA,-3.5,49.5,Hard Rock Stadium,,,,Miami Dolphins
2022-12-26,2022,16,Indianapolis Colts,3.0,20.0,Los Angeles Chargers,LAC,-3.5,44.5,Lucas Oil Stadium,72.0,0.0,indoor,Indianapolis Colts
2022-12-29,2022,17,Tennessee Titans,13.0,27.0,Dallas Cowboys,DAL,-14.0,40.5,Nissan Stadium,,,,Tennessee Titans
2023-01-01,2022,17,Atlanta Falcons,20.0,19.0,Arizona Cardinals,ATL,-6.5,40.5,Mercedes-Benz Stadium,72.0,0.0,indoor,Atlanta Falcons
2023-01-01,2022,17,Baltimore Ravens,13.0,16.0,Pittsburgh Steelers,BAL,-1.0,35.5,M&T Bank Stadium,,,,Baltimore Ravens
2023-01-01,2022,17,Detroit Lions,41.0,10.0,Chicago Bears,DET,-4.5,52.5,Ford Field,72.0,0.0,indoor,Detroit Lions
2023-01-01,2022,17,Green Bay Packers,41.0,17.0,Minnesota Vikings,GB,-3.5,47.5,Lambeau Field,,,,Green Bay Packers
2023-01-01,2022,17,Houston Texans,3.0,31.0,Jacksonville Jaguars,JAX,-3.5,43,NRG Stadium,72.0,0.0,indoor,Houston Texans
2023-01-01,2022,17,Kansas City Chiefs,27.0,24.0,Denver Broncos,KC,-12.5,45.5,GEHA Field at Arrowhead Stadium,,,,Kansas City Chiefs
2023-01-01,2022,17,Las Vegas Raiders,34.0,37.0,San Francisco 49ers,SF,-10.0,41,Allegiant Stadium,72.0,0.0,indoor,Las Vegas Raiders
2023-01-01,2022,17,Los Angeles Chargers,31.0,10.0,Los Angeles Rams,LAC,-6.5,41,SoFi Stadium,72.0,0.0,indoor,Los Angeles Chargers
2023-01-01,2022,17,New England Patriots,23.0,21.0,Miami Dolphins,NE,-3.0,41.5,Gillette Stadium,,,,New England Patriots
2023-01-01,2022,17,New York Giants,38.0,10.0,Indianapolis Colts,NYG,-5.5,38.5,MetLife Stadium,,,,New York Giants
2023-01-01,2022,17,Philadelphia Eagles,10.0,20.0,New Orleans Saints,PHI,-5.0,42,Lincoln Financial Field,,,,Philadelphia Eagles
2023-01-01,2022,17,Seattle Seahawks,23.0,6.0,New York Jets,NYJ,-1.5,43,Lumen Field,,,,Seattle Seahawks
2023-01-01,2022,17,Tampa Bay Buccaneers,30.0,24.0,Carolina Panthers,TB,-3.5,40.5,Raymond James Stadium,,,,Tampa Bay Buccaneers
2023-01-01,2022,17,Washington Commanders,10.0,24.0,Cleveland Browns,WAS,-2.0,41.5,FedEx Field,,,,Washington Commanders
2023-01-07,2022,18,Jacksonville Jaguars,20.0,16.0,Tennessee Titans,JAX,-6.5,39.5,TIAA Bank Field,,,,Jacksonville Jaguars
2023-01-07,2022,18,Las Vegas Raiders,13.0,31.0,Kansas City Chiefs,KC,-8.5,52,Allegiant Stadium,72.0,0.0,indoor,Las Vegas Raiders
2023-01-08,2022,18,Atlanta Falcons,30.0,17.0,Tampa Bay Buccaneers,ATL,-6.0,40.5,Mercedes-Benz Stadium,72.0,0.0,indoor,Atlanta Falcons
2023-01-08,2022,18,Buffalo Bills,35.0,23.0,New England Patriots,BUF,-8.0,44,Highmark Stadium,,,,Buffalo Bills
2023-01-08,2022,18,Chicago Bears,13.0,29.0,Minnesota Vikings,MIN,-6.5,42.5,Soldier Field,,,,Chicago Bears
2023-01-08,2022,18,Cincinnati Bengals,27.0,16.0,Baltimore Ravens,CIN,-11.0,39,Paycor Stadium,,,,Cincinnati Bengals
2023-01-08,2022,18,Denver Broncos,31.0,28.0,Los Angeles Chargers,DEN,-6.5,39,Empower Field at Mile High,,,,Denver Broncos
2023-01-08,2022,18,Green Bay Packers,16.0,20.0,Detroit Lions,GB,-4.0,48,Lambeau Field,,,,Green Bay Packers
2023-01-08,2022,18,Indianapolis Colts,31.0,32.0,Houston Texans,IND,-3.0,37.5,Lucas Oil Stadium,72.0,0.0,indoor,Indianapolis Colts
2023-01-08,2022,18,Miami Dolphins,11.0,6.0,New York Jets,MIA,-3.5,37.5,Hard Rock Stadium,,,,Miami Dolphins
2023-01-08,2022,18,New Orleans Saints,7.0,10.0,Carolina Panthers,NO,-3.5,41.5,Caesars Superdome,72.0,0.0,indoor,New Orleans Saints
2023-01-08,2022,18,Philadelphia Eagles,22.0,16.0,New York Giants,PHI,-17.0,43,Lincoln Financial Field,,,,Philadelphia Eagles
2023-01-08,2022,18,Pittsburgh Steelers,28.0,14.0,Cleveland Browns,PIT,-2.5,40,Acrisure Stadium,,,,Pittsburgh Steelers
2023-01-08,2022,18,San Francisco 49ers,38.0,13.0,Arizona Cardinals,SF,-14.5,40,Levi's Stadium,,,,San Francisco 49ers
2023-01-08,2022,18,Seattle Seahawks,19.0,16.0,Los Angeles Rams,SEA,-4.5,43,Lumen Field,,,,Seattle Seahawks
2023-01-08,2022,18,Washington Commanders,26.0,6.0,Dallas Cowboys,DAL,-7.5,41,FedEx Field,,,,Washington Commanders
2023-09-07,2023,1,Kansas City Chiefs,20.0,21.0,Detroit Lions,KC,-4.5,53,GEHA Field at Arrowhead Stadium,,,,Kansas City Chiefs
2023-09-10,2023,1,Atlanta Falcons,24.0,10.0,Carolina Panthers,ATL,-3.5,39.5,Mercedes-Benz Stadium,72.0,0.0,indoor,Atlanta Falcons
2023-09-10,2023,1,Baltimore Ravens,25.0,9.0,Houston Texans,BAL,-9.5,43.5,M&T Bank Stadium,,,,Baltimore Ravens
2023-09-10,2023,1,Chicago Bears,20.0,38.0,Green Bay Packers,CHI,-1.0,41.5,Soldier Field,,,,Chicago Bears
2023-09-10,2023,1,Cleveland Browns,24.0,3.0,Cincinnati Bengals,CIN,-2.0,47.5,FirstEnergy Stadium,,,,Cleveland Browns
2023-09-10,2023,1,Denver Broncos,16.0,17.0,Las Vegas Raiders,DEN,-3.5,43,Empower Field at Mile High,,,,Denver Broncos
2023-09-10,2023,1,Indianapolis Colts,21.0,31.0,Jacksonville Jaguars,JAX,-4.5,46,Lucas Oil Stadium,72.0,0.0,indoor,Indianapolis Colts
2023-09-10,2023,1,Los Angeles Chargers,34.0,36.0,Miami Dolphins,LAC,-3.0,51,SoFi Stadium,72.0,0.0,indoor,Los Angeles Chargers
2023-09-10,2023,1,Minnesota Vikings,17.0,20.0,Tampa Bay Buccaneers,MIN,-5.0,46,U.S. Bank Stadium,72.0,0.0,indoor,Minnesota Vikings
2023-09-10,2023,1,New England Patriots,20.0,25.0,Philadelphia Eagles,PHI,-3.5,44.5,Gillette Stadium,,,,New England Patriots
2023-09-10,2023,1,New Orleans Saints,16.0,15.0,Tennessee Titans,NO,-3.0,41.5,Caesars Superdome,72.0,0.0,indoor,New Orleans Saints
2023-09-10,2023,1,New York Giants,0.0,40.0,Dallas Cowboys,DAL,-3.5,45,MetLife Stadium,,,,New York Giants
2023-09-10,2023,1,Pittsburgh Steelers,7.0,30.0,San Francisco 49ers,SF,-2.0,41.5,Acrisure Stadium,,,,Pittsburgh Steelers
2023-09-10,2023,1,Seattle Seahawks,13.0,30.0,Los Angeles Rams,SEA,-5.0,46,Lumen Field,,,,Seattle Seahawks
2023-09-10,2023,1,Washington Commanders,20.0,16.0,Arizona Cardinals,WAS,-7.0,38,FedEx Field,,,,Washington Commanders
2023-09-11,2023,1,New York Jets,22.0,16.0,Buffalo Bills,BUF,-2.0,45.5,MetLife Stadium,,,,New York Jets
2023-09-14,2023,2,Philadelphia Eagles,34.0,28.0,Minnesota Vikings,PHI,-6.0,49,Lincoln Financial Field,,,,Philadelphia Eagles
2023-09-17,2023,2,Arizona Cardinals,28.0,31.0,New York Giants,NYG,-4.0,39.5,State Farm Stadium,72.0,0.0,indoor,Arizona Cardinals
2023-09-17,2023,2,Atlanta Falcons,25.0,24.0,Green Bay Packers,ATL,-1.5,40,Mercedes-Benz Stadium,72.0,0.0,indoor,Atlanta Falcons
2023-09-17,2023,2,Buffalo Bills,38.0,10.0,Las Vegas Raiders,BUF,-8.0,47,Highmark Stadium,,,,Buffalo Bills
2023-09-17,2023,2,Cincinnati Bengals,24.0,27.0,Baltimore Ravens,CIN,-3.0,45.5,Paycor Stadium,,,,Cincinnati Bengals
2023-09-17,2023,2,Dallas Cowboys,30.0,10.0,New York Jets,DAL,-8.5,38.5,AT&T Stadium,72.0,0.0,indoor,Dallas Cowboys
2023-09-17,2023,2,Denver Broncos,33.0,35.0,Washington Commanders,DEN,-3.5,38.5,Empower Field at Mile High,,,,Denver Broncos
2023-09-17,2023,2,Detroit Lions,31.0,37.0,Seattle Seahawks,DET,-4.5,47,Ford Field,72.0,0.0,indoor,Detroit Lions
2023-09-17,2023,2,Houston Texans,20.0,31.0,Indianapolis Colts,HOU,-1.0,39.5,NRG Stadium,72.0,0.0,indoor,Houston Texans
2023-09-17,2023,2,Jacksonville Jaguars,9.0,17.0,Kansas City Chiefs,KC,-3.0,51,TIAA Bank Field,,,,Jacksonville Jaguars
2023-09-17,2023,2,Los Angeles Rams,23.0,30.0,San Francisco 49ers,SF,-7.5,45,SoFi Stadium,72.0,0.0,indoor,Los Angeles Rams
2023-09-17,2023,2,New England Patriots,17.0,24.0,Miami Dolphins,MIA,-2.5,46.5,Gillette Stadium,,,,New England Patriots
2023-09-17,2023,2,Tampa Bay Buccaneers,27.0,17.0,Chicago Bears,TB,-2.5,41,Raymond James Stadium,,,,Tampa Bay Buccaneers
2023-09-17,2023,2,Tennessee Titans,27.0,24.0,Los Angeles Chargers,LAC,-2.5,45.5,Nissan Stadium,,,,Tennessee Titans
2023-09-18,2023,2,Carolina Panthers,17.0,20.0,New Orleans Saints,NO,-3.0,39.5,Bank of America Stadium,,,,Carolina Panthers
2023-09-18,2023,2,Pittsburgh Steelers,26.0,22.0,Cleveland Browns,CLE,-2.0,38,Acrisure Stadium,,,,Pittsburgh Steelers
2023-09-21,2023,3,San Francisco 49ers,30.0,12.0,New York Giants,SF,-10.0,44,Levi's Stadium,,,,San Francisco 49ers
2023-09-24,2023,3,Arizona Cardinals,28.0,16.0,Dallas Cowboys,DAL,-13.0,43,State Farm Stadium,72.0,0.0,indoor,Arizona Cardinals
2023-09-24,2023,3,Baltimore Ravens,19.0,22.0,Indianapolis Colts,BAL,-8.0,43,M&T Bank Stadium,,,,Baltimore Ravens
2023-09-24,2023,3,Cleveland Browns,27.0,3.0,Tennessee Titans,CLE,-3.5,38.5,FirstEnergy Stadium,,,,Cleveland Browns
2023-09-24,2023,3,Detroit Lions,20.0,6.0,Atlanta Falcons,DET,-3.0,46,Ford Field,72.0,0.0,indoor,Detroit Lions
2023-09-24,2023,3,Green Bay Packers,18.0,17.0,New Orleans Saints,GB,-1.0,42,Lambeau Field,,,,Green Bay Packers
2023-09-24,2023,3,Jacksonville Jaguars,17.0,37.0,Houston Texans,JAX,-7.5,43.5,TIAA Bank Field,,,,Jacksonville Jaguars
2023-09-24,2023,3,Kansas City Chiefs,41.0,10.0,Chicago Bears,KC,-12.5,48,GEHA Field at Arrowhead Stadium,,,,Kansas City Chiefs
2023-09-24,2023,3,Las Vegas Raiders,18.0,23.0,Pittsburgh Steelers,LV,-2.5,43,Allegiant Stadium,72.0,0.0,indoor,Las Vegas Raiders
2023-09-24,2023,3,Miami Dolphins,70.0,20.0,Denver Broncos,MIA,-6.0,47,Hard Rock Stadium,,,,Miami Dolphins
2023-09-24,2023,3,Minnesota Vikings,24.0,28.0,Los Angeles Chargers,MIN,-1.0,54,U.S. Bank Stadium,72.0,0.0,indoor,Minnesota Vikings
2023-09-24,2023,3,New York Jets,10.0,15.0,New England Patriots,NE,-2.5,36,MetLife Stadium,,,,New York Jets
2023-09-24,2023,3,Seattle Seahawks,37.0,27.0,Carolina Panthers,SEA,-5.0,42,Lumen Field,,,,Seattle Seahawks
2023-09-24,2023,3,Washington Commanders,3.0,37.0,Buffalo Bills,BUF,-6.0,43,FedEx Field,,,,Washington Commanders
2023-09-25,2023,3,Cincinnati Bengals,19.0,16.0,Los Angeles Rams,CIN,-2.0,43.5,Paycor Stadium,,,,Cincinnati Bengals
2023-09-25,2023,3,Tampa Bay Buccaneers,11.0,25.0,Philadelphia Eagles,PHI,-5.0,45,Raymond James Stadium,,,,Tampa Bay Buccaneers
2023-09-28,2023,4,Green Bay Packers,20.0,34.0,Detroit Lions,DET,-1.5,46,Lambeau Field,,,,Green Bay Packers
2023-10-01,2023,4,Buffalo Bills,48.0,20.0,Miami Dolphins,BUF,-2.5,53.5,Highmark Stadium,,,,Buffalo Bills
2023-10-01,2023,4,Carolina Panthers,13.0,21.0,Minnesota Vikings,MIN,-4.5,46.5,Bank of America Stadium,,,,Carolina Panthers
2023-10-01,2023,4,Chicago Bears,28.0,31.0,Denver Broncos,DEN,-3.0,46.5,Soldier Field,,,,Chicago Bears
2023-10-01,2023,4,Cleveland Browns,3.0,28.0,Baltimore Ravens,CLE,-2.5,38.5,FirstEnergy Stadium,,,,Cleveland Browns
2023-10-01,2023,4,Dallas Cowboys,38.0,3.0,New England Patriots,DAL,-6.0,43.5,AT&T Stadium,72.0,0.0,indoor,Dallas Cowboys
2023-10-01,2023,4,Houston Texans,30.0,6.0,Pittsburgh Steelers,PIT,-3.0,42,NRG Stadium,72.0,0.0,indoor,Houston Texans
2023-10-01,2023,4,Indianapolis Colts,23.0,29.0,Los Angeles Rams,IND,-1.0,45.5,Lucas Oil Stadium,72.0,0.0,indoor,Indianapolis Colts
2023-10-01,2023,4,Jacksonville Jaguars,23.0,7.0,Atlanta Falcons,JAX,-3.0,42.5,Wembley Stadium,,,,Jacksonville Jaguars
2023-10-01,2023,4,Los Angeles Chargers,24.0,17.0,Las Vegas Raiders,LAC,-6.0,48,SoFi Stadium,72.0,0.0,indoor,Los Angeles Chargers
2023-10-01,2023,4,New Orleans Saints,9.0,26.0,Tampa Bay Buccaneers,NO,-3.5,40,Caesars Superdome,72.0,0.0,indoor,New Orleans Saints
2023-10-01,2023,4,New York Jets,20.0,23.0,Kansas City Chiefs,KC,-8.5,41.5,MetLife Stadium,,,,New York Jets
2023-10-01,2023,4,Philadelphia Eagles,34.0,31.0,Washington Commanders,PHI,-9.0,43,Lincoln Financial Field,,,,Philadelphia Eagles
2023-10-01,2023,4,San Francisco 49ers,35.0,16.0,Arizona Cardinals,SF,-14.0,43.5,Levi's Stadium,,,,San Francisco 49ers
2023-10-01,2023,4,Tennessee Titans,27.0,3.0,Cincinnati Bengals,CIN,-2.5,41,Nissan Stadium,,,,Tennessee Titans
2023-10-02,2023,4,New York Giants,3.0,24.0,Seattle Seahawks,SEA,-1.5,47,MetLife Stadium,,,,New York Giants
2023-10-05,2023,5,Washington Commanders,20.0,40.0,Chicago Bears,WAS,-6.0,44.5,FedEx Field,,,,Washington Commanders
2023-10-08,2023,5,Arizona Cardinals,20.0,34.0,Cincinnati Bengals,CIN,-3.0,45,State Farm Stadium,72.0,0.0,indoor,Arizona Cardinals
2023-10-08,2023,5,Atlanta Falcons,21.0,19.0,Houston Texans,ATL,-2.5,42,Mercedes-Benz Stadium,72.0,0.0,indoor,Atlanta Falcons
2023-10-08,2023,5,Buffalo Bills,20.0,25.0,Jacksonville Jaguars,BUF,-5.0,48.5,Tottenham Hotspur Stadium,,,,Buffalo Bills
2023-10-08,2023,5,Denver Broncos,21.0,31.0,New York Jets,DEN,-2.0,42.5,Empower Field at Mile High,,,,Denver Broncos
2023-10-08,2023,5,Detroit Lions,42.0,24.0,Carolina Panthers,DET,-9.0,43.5,Ford Field,72.0,0.0,indoor,Detroit Lions
2023-10-08,2023,5,Indianapolis Colts,23.0,16.0,Tennessee Titans,TEN,-2.5,43.5,Lucas Oil Stadium,72.0,0.0,indoor,Indianapolis Colts
2023-10-08,2023,5,Los Angeles Rams,14.0,23.0,Philadelphia Eagles,PHI,-3.5,50.5,SoFi Stadium,72.0,0.0,indoor,Los Angeles Rams
2023-10-08,2023,5,Miami Dolphins,31.0,16.0,New York Giants,MIA,-13.0,47.5,Hard Rock Stadium,,,,Miami Dolphins
2023-10-08,2023,5,Minnesota Vikings,20.0,27.0,Kansas City Chiefs,KC,-3.5,52.5,U.S. Bank Stadium,72.0,0.0,indoor,Minnesota Vikings
2023-10-08,2023,5,New England Patriots,0.0,34.0,New Orleans Saints,NE,-1.5,38.5,Gillette Stadium,,,,New England Patriots
2023-10-08,2023,5,Pittsburgh Steelers,17.0,10.0,Baltimore Ravens,BAL,-4.5,38.5,Acrisure Stadium,,,,Pittsburgh Steelers
2023-10-08,2023,5,San Francisco 49ers,42.0,10.0,Dallas Cowboys,SF,-3.5,45.5,Levi's Stadium,,,,San Francisco 49ers
2023-10-09,2023,5,Las Vegas Raiders,17.0,13.0,Green Bay Packers,LVR,-2.0,45,Allegiant Stadium,72.0,0.0,indoor,Las Vegas Raiders
2023-10-12,2023,6,Kansas City Chiefs,19.0,8.0,Denver Broncos,KC,-10.5,47.5,GEHA Field at Arrowhead Stadium,,,,Kansas City Chiefs
2023-10-15,2023,6,Atlanta Falcons,16.0,24.0,Washington Commanders,ATL,-1.5,42,Mercedes-Benz Stadium,72.0,0.0,indoor,Atlanta Falcons
2023-10-15,2023,6,Buffalo Bills,14.0,9.0,New York Giants,BUF,-15.0,43.5,Highmark Stadium,,,,Buffalo Bills
2023-10-15,2023,6,Chicago Bears,13.0,19.0,Minnesota Vikings,MIN,-3.0,44.5,Soldier Field,,,,Chicago Bears
2023-10-15,2023,6,Cincinnati Bengals,17.0,13.0,Seattle Seahawks,CIN,-3.0,45.5,Paycor Stadium,,,,Cincinnati Bengals
2023-10-15,2023,6,Cleveland Browns,19.0,17.0,San Francisco 49ers,SF,-9.5,36,FirstEnergy Stadium,,,,Cleveland Browns
2023-10-15,2023,6,Houston Texans,20.0,13.0,New Orleans Saints,NO,-2.5,41.5,NRG Stadium,72.0,0.0,indoor,Houston Texans
2023-10-15,2023,6,Jacksonville Jaguars,37.0,20.0,Indianapolis Colts,JAX,-4.0,44,TIAA Bank Field,,,,Jacksonville Jaguars
2023-10-15,2023,6,Las Vegas Raiders,21.0,17.0,New England Patriots,LVR,-3.0,41.5,Allegiant Stadium,72.0,0.0,indoor,Las Vegas Raiders
2023-10-15,2023,6,Los Angeles Rams,26.0,9.0,Arizona Cardinals,LAR,-7.0,48,SoFi Stadium,72.0,0.0,indoor,Los Angeles Rams
2023-10-15,2023,6,Miami Dolphins,42.0,21.0,Carolina Panthers,MIA,-14.0,47.5,Hard Rock Stadium,,,,Miami Dolphins
2023-10-15,2023,6,New York Jets,20.0,14.0,Philadelphia Eagles,PHI,-6.5,43.5,MetLife Stadium,,,,New York Jets
2023-10-15,2023,6,Tampa Bay Buccaneers,6.0,20.0,Detroit Lions,DET,-3.0,43,Raymond James Stadium,,,,Tampa Bay Buccaneers
2023-10-15,2023,6,Tennessee Titans,16.0,24.0,Baltimore Ravens,BAL,-5.5,42.5,Tottenham Hotspur Stadium,,,,Tennessee Titans
2023-10-16,2023,6,Los Angeles Chargers,17.0,20.0,Dallas Cowboys,DAL,-1.0,50,SoFi Stadium,72.0,0.0,indoor,Los Angeles Chargers
2023-10-19,2023,7,New Orleans Saints,24.0,31.0,Jacksonville Jaguars,NO,-2.5,41,Caesars Superdome,72.0,0.0,indoor,New Orleans Saints
2023-10-22,2023,7,Baltimore Ravens,38.0,6.0,Detroit Lions,BAL,-3.0,43.5,M&T Bank Stadium,,,,Baltimore Ravens
2023-10-22,2023,7,Chicago Bears,30.0,12.0,Las Vegas Raiders,LVR,-2.5,38.5,Soldier Field,,,,Chicago Bears
2023-10-22,2023,7,Denver Broncos,19.0,17.0,Green Bay Packers,DEN,-1.5,44,Empower Field at Mile High,,,,Denver Broncos
2023-10-22,2023,7,Indianapolis Colts,38.0,39.0,Cleveland Browns,CLE,-3.5,39.5,Lucas Oil Stadium,72.0,0.0,indoor,Indianapolis Colts
2023-10-22,2023,7,Kansas City Chiefs,31.0,17.0,Los Angeles Chargers,KC,-5.5,48.5,GEHA Field at Arrowhead Stadium,,,,Kansas City Chiefs
2023-10-22,2023,7,Los Angeles Rams,17.0,24.0,Pittsburgh Steelers,LAR,-3.5,44,SoFi Stadium,72.0,0.0,indoor,Los Angeles Rams
2023-10-22,2023,7,New England Patriots,29.0,25.0,Buffalo Bills,BUF,-7.5,41,Gillette Stadium,,,,New England Patriots
2023-10-22,2023,7,New York Giants,14.0,7.0,Washington Commanders,WAS,-3.0,37,MetLife Stadium,,,,New York Giants
2023-10-22,2023,7,Philadelphia Eagles,31.0,17.0,Miami Dolphins,PHI,-3.0,52,Lincoln Financial Field,,,,Philadelphia Eagles
2023-10-22,2023,7,Seattle Seahawks,20.0,10.0,Arizona Cardinals,SEA,-9.0,43.5,Lumen Field,,,,Seattle Seahawks
2023-10-22,2023,7,Tampa Bay Buccaneers,13.0,16.0,Atlanta Falcons,TB,-3.0,37.5,Raymond James Stadium,,,,Tampa Bay Buccaneers
2023-10-23,2023,7,Minnesota Vikings,22.0,17.0,San Francisco 49ers,SF,-7.0,44,U.S. Bank Stadium,72.0,0.0,indoor,Minnesota Vikings
2023-10-26,2023,8,Buffalo Bills,24.0,18.0,Tampa Bay Buccaneers,BUF,-10.0,43,Highmark Stadium,,,,Buffalo Bills
2023-10-29,2023,8,Arizona Cardinals,24.0,31.0,Baltimore Ravens,BAL,-9.5,45,State Farm Stadium,72.0,0.0,indoor,Arizona Cardinals
2023-10-29,2023,8,Carolina Panthers,15.0,13.0,Houston Texans,HOU,-3.5,43,Bank of America Stadium,,,,Carolina Panthers
2023-10-29,2023,8,Dallas Cowboys,43.0,20.0,Los Angeles Rams,DAL,-7.0,45.5,AT&T Stadium,72.0,0.0,indoor,Dallas Cowboys
2023-10-29,2023,8,Denver Broncos,24.0,9.0,Kansas City Chiefs,KC,-7.0,45.5,Empower Field at Mile High,,,,Denver Broncos
2023-10-29,2023,8,Green Bay Packers,10.0,24.0,Minnesota Vikings,MIN,-1.5,41.5,Lambeau Field,,,,Green Bay Packers
2023-10-29,2023,8,Indianapolis Colts,27.0,38.0,New Orleans Saints,NO,-2.0,43.5,Lucas Oil Stadium,72.0,0.0,indoor,Indianapolis Colts
2023-10-29,2023,8,Los Angeles Chargers,30.0,13.0,Chicago Bears,LAC,-9.5,46,SoFi Stadium,72.0,0.0,indoor,Los Angeles Chargers
2023-10-29,2023,8,Miami Dolphins,31.0,17.0,New England Patriots,MIA,-8.0,47,Hard Rock Stadium,,,,Miami Dolphins
2023-10-29,2023,8,New York Giants,10.0,13.0,New York Jets,NYJ,-3.0,34.5,MetLife Stadium,,,,New York Giants
2023-10-29,2023,8,Pittsburgh Steelers,10.0,20.0,Jacksonville Jaguars,JAX,-2.5,40.5,Acrisure Stadium,,,,Pittsburgh Steelers
2023-10-29,2023,8,San Francisco 49ers,17.0,31.0,Cincinnati Bengals,SF,-4.0,44,Levi's Stadium,,,,San Francisco 49ers
2023-10-29,2023,8,Seattle Seahawks,24.0,20.0,Cleveland Browns,SEA,-4.0,38.5,Lumen Field,,,,Seattle Seahawks
2023-10-29,2023,8,Tennessee Titans,28.0,23.0,Atlanta Falcons,ATL,-2.5,35.5,Nissan Stadium,,,,Tennessee Titans
2023-10-29,2023,8,Washington Commanders,31.0,38.0,Philadelphia Eagles,PHI,-7.0,43,FedEx Field,,,,Washington Commanders
2023-10-30,2023,8,Detroit Lions,26.0,14.0,Las Vegas Raiders,DET,-7.0,46,Ford Field,72.0,0.0,indoor,Detroit Lions
2023-11-02,2023,9,Pittsburgh Steelers,20.0,16.0,Tennessee Titans,PIT,-3.0,37,Acrisure Stadium,,,,Pittsburgh Steelers
2023-11-05,2023,9,Atlanta Falcons,28.0,31.0,Minnesota Vikings,ATL,-3.5,39,Mercedes-Benz Stadium,72.0,0.0,indoor,Atlanta Falcons
2023-11-05,2023,9,Baltimore Ravens,37.0,3.0,Seattle Seahawks,BAL,-6.0,44.5,M&T Bank Stadium,,,,Baltimore Ravens
2023-11-05,2023,9,Carolina Panthers,13.0,27.0,Indianapolis Colts,IND,-1.5,45,Bank of America Stadium,,,,Carolina Panthers
2023-11-05,2023,9,Cincinnati Bengals,24.0,18.0,Buffalo Bills,CIN,-1.5,51,Paycor Stadium,,,,Cincinnati Bengals
2023-11-05,2023,9,Cleveland Browns,27.0,0.0,Arizona Cardinals,CLE,-13.0,38,FirstEnergy Stadium,,,,Cleveland Browns
2023-11-05,2023,9,Green Bay Packers,20.0,3.0,Los Angeles Rams,GB,-3.5,37.5,Lambeau Field,,,,Green Bay Packers
2023-11-05,2023,9,Houston Texans,39.0,37.0,Tampa Bay Buccaneers,HOU,-2.5,40,NRG Stadium,72.0,0.0,indoor,Houston Texans
2023-11-05,2023,9,Kansas City Chiefs,21.0,14.0,Miami Dolphins,KC,-1.0,51,Frankfurt Stadium,,,,Kansas City Chiefs
2023-11-05,2023,9,Las Vegas Raiders,30.0,6.0,New York Giants,LVR,-1.5,38.5,Allegiant Stadium,72.0,0.0,indoor,Las Vegas Raiders
2023-11-05,2023,9,New England Patriots,17.0,20.0,Washington Commanders,NE,-3.0,40.5,Gillette Stadium,,,,New England Patriots
2023-11-05,2023,9,New Orleans Saints,24.0,17.0,Chicago Bears,NO,-9.0,42,Caesars Superdome,72.0,0.0,indoor,New Orleans Saints
2023-11-05,2023,9,Philadelphia Eagles,28.0,23.0,Dallas Cowboys,PHI,-3.0,46.5,Lincoln Financial Field,,,,Philadelphia Eagles
2023-11-06,2023,9,New York Jets,6.0,27.0,Los Angeles Chargers,LAC,-3.0,41,MetLife Stadium,,,,New York Jets
2023-11-09,2023,10,Chicago Bears,16.0,13.0,Carolina Panthers,CHI,-3.5,38,Soldier Field,,,,Chicago Bears
2023-11-12,2023,10,Arizona Cardinals,25.0,23.0,Atlanta Falcons,ATL,-2.0,43.5,State Farm Stadium,72.0,0.0,indoor,Arizona Cardinals
2023-11-12,2023,10,Baltimore Ravens,31.0,33.0,Cleveland Browns,BAL,-6.0,38,M&T Bank Stadium,,,,Baltimore Ravens
2023-11-12,2023,10,Cincinnati Bengals,27.0,30.0,Houston Texans,CIN,-5.5,45.5,Paycor Stadium,,,,Cincinnati Bengals
2023-11-12,2023,10,Dallas Cowboys,49.0,17.0,New York Giants,DAL,-17.5,39,AT&T Stadium,72.0,0.0,indoor,Dallas Cowboys
2023-11-12,2023,10,Jacksonville Jaguars,3.0,34.0,San Francisco 49ers,SF,-3.0,44.5,TIAA Bank Field,,,,Jacksonville Jaguars
2023-11-12,2023,10,Las Vegas Raiders,16.0,12.0,New York Jets,NYJ,-1.0,35.5,Allegiant Stadium,72.0,0.0,indoor,Las Vegas Raiders
2023-11-12,2023,10,Los Angeles Chargers,38.0,41.0,Detroit Lions,DET,-2.5,48.5,SoFi Stadium,72.0,0.0,indoor,Los Angeles Chargers
2023-11-12,2023,10,Minnesota Vikings,27.0,19.0,New Orleans Saints,NO,-3.0,40.5,U.S. Bank Stadium,72.0,0.0,indoor,Minnesota Vikings
2023-11-12,2023,10,New England Patriots,6.0,10.0,Indianapolis Colts,IND,-1.5,42.5,Frankfurt Stadium,,,,New England Patriots
2023-11-12,2023,10,Pittsburgh Steelers,23.0,19.0,Green Bay Packers,PIT,-3.0,38.5,Acrisure Stadium,,,,Pittsburgh Steelers
2023-11-12,2023,10,Seattle Seahawks,29.0,26.0,Washington Commanders,SEA,-6.0,44,Lumen Field,,,,Seattle Seahawks
2023-11-12,2023,10,Tampa Bay Buccaneers,20.0,6.0,Tennessee Titans,TB,-2.5,39,Raymond James Stadium,,,,Tampa Bay Buccaneers
2023-11-13,2023,10,Buffalo Bills,22.0,24.0,Denver Broncos,BUF,-7.5,47.5,Highmark Stadium,,,,Buffalo Bills
2023-11-16,2023,11,Baltimore Ravens,34.0,20.0,Cincinnati Bengals,BAL,-4.0,46.5,M&T Bank Stadium,,,,Baltimore Ravens
2023-11-19,2023,11,Buffalo Bills,32.0,6.0,New York Jets,BUF,-8.5,39,Highmark Stadium,,,,Buffalo Bills
2023-11-19,2023,11,Carolina Panthers,10.0,33.0,Dallas Cowboys,DAL,-11.0,43,Bank of America Stadium,,,,Carolina Panthers
2023-11-19,2023,11,Cleveland Browns,13.0,10.0,Pittsburgh Steelers,CLE,-2.0,34.5,FirstEnergy Stadium,,,,Cleveland Browns
2023-11-19,2023,11,Denver Broncos,21.0,20.0,Minnesota Vikings,DEN,-2.5,43,Empower Field at Mile High,,,,Denver Broncos
2023-11-19,2023,11,Detroit Lions,31.0,26.0,Chicago Bears,DET,-8.0,48,Ford Field,72.0,0.0,indoor,Detroit Lions
2023-11-19,2023,11,Green Bay Packers,23.0,20.0,Los Angeles Chargers,LAC,-3.0,44,Lambeau Field,,,,Green Bay Packers
2023-11-19,2023,11,Houston Texans,21.0,16.0,Arizona Cardinals,HOU,-5.0,48,NRG Stadium,72.0,0.0,indoor,Houston Texans
2023-11-19,2023,11,Jacksonville Jaguars,34.0,14.0,Tennessee Titans,JAX,-6.5,40,TIAA Bank Field,,,,Jacksonville Jaguars
2023-11-19,2023,11,Los Angeles Rams,17.0,16.0,Seattle Seahawks,LAR,-2.0,46,SoFi Stadium,72.0,0.0,indoor,Los Angeles Rams
2023-11-19,2023,11,Miami Dolphins,20.0,13.0,Las Vegas Raiders,MIA,-14.0,44.5,Hard Rock Stadium,,,,Miami Dolphins
2023-11-19,2023,11,San Francisco 49ers,27.0,14.0,Tampa Bay Buccaneers,SF,-13.5,41.5,Levi's Stadium,,,,San Francisco 49ers
2023-11-19,2023,11,Washington Commanders,19.0,31.0,New York Giants,WAS,-8.5,39,FedEx Field,,,,Washington Commanders
2023-11-20,2023,11,Kansas City Chiefs,17.0,21.0,Philadelphia Eagles,KC,-2.5,46,GEHA Field at Arrowhead Stadium,,,,Kansas City Chiefs
2023-11-23,2023,12,Dallas Cowboys,45.0,10.0,Washington Commanders,DAL,-13.0,48,AT&T Stadium,72.0,0.0,indoor,Dallas Cowboys
2023-11-23,2023,12,Detroit Lions,22.0,29.0,Green Bay Packers,DET,-8.5,47,Ford Field,72.0,0.0,indoor,Detroit Lions
2023-11-23,2023,12,Seattle Seahawks,13.0,31.0,San Francisco 49ers,SF,-7.0,43,Lumen Field,,,,Seattle Seahawks
2023-11-24,2023,12,New York Jets,13.0,34.0,Miami Dolphins,MIA,-9.5,40,MetLife Stadium,,,,New York Jets
2023-11-26,2023,12,Arizona Cardinals,14.0,37.0,Los Angeles Rams,LAR,-3.0,45,State Farm Stadium,72.0,0.0,indoor,Arizona Cardinals
2023-11-26,2023,12,Atlanta Falcons,24.0,15.0,New Orleans Saints,NO,-2.0,42,Mercedes-Benz Stadium,72.0,0.0,indoor,Atlanta Falcons
2023-11-26,2023,12,Cincinnati Bengals,10.0,16.0,Pittsburgh Steelers,PIT,-2.0,37,Paycor Stadium,,,,Cincinnati Bengals
2023-11-26,2023,12,Denver Broncos,29.0,12.0,Cleveland Browns,DEN,-1.5,37.5,Empower Field at Mile High,,,,Denver Broncos
2023-11-26,2023,12,Houston Texans,21.0,24.0,Jacksonville Jaguars,JAX,-1.5,47.5,NRG Stadium,72.0,0.0,indoor,Houston Texans
2023-11-26,2023,12,Indianapolis Colts,27.0,20.0,Tampa Bay Buccaneers,IND,-2.5,45,Lucas Oil Stadium,72.0,0.0,indoor,Indianapolis Colts
2023-11-26,2023,12,Las Vegas Raiders,17.0,31.0,Kansas City Chiefs,KC,-9.0,42.5,Allegiant Stadium,72.0,0.0,indoor,Las Vegas Raiders
2023-11-26,2023,12,Los Angeles Chargers,10.0,20.0,Baltimore Ravens,BAL,-3.0,49,SoFi Stadium,72.0,0.0,indoor,Los Angeles Chargers
2023-11-26,2023,12,New York Giants,10.0,7.0,New England Patriots,NE,-4.5,36,MetLife Stadium,,,,New York Giants
2023-11-26,2023,12,Philadelphia Eagles,37.0,34.0,Buffalo Bills,PHI,-2.5,48.5,Lincoln Financial Field,,,,Philadelphia Eagles
2023-11-26,2023,12,Tennessee Titans,17.0,10.0,Carolina Panthers,TEN,-3.5,35.5,Nissan Stadium,,,,Tennessee Titans
2023-11-27,2023,12,Minnesota Vikings,10.0,12.0,Chicago Bears,MIN,-3.0,43.5,U.S. Bank Stadium,72.0,0.0,indoor,Minnesota Vikings
2023-11-30,2023,13,Dallas Cowboys,41.0,35.0,Seattle Seahawks,DAL,-9.5,47.5,AT&T Stadium,72.0,0.0,indoor,Dallas Cowboys
2023-12-03,2023,13,Green Bay Packers,27.0,19.0,Kansas City Chiefs,KC,-6.0,44,Lambeau Field,,,,Green Bay Packers
2023-12-03,2023,13,Houston Texans,22.0,17.0,Denver Broncos,HOU,-3.0,47,NRG Stadium,72.0,0.0,indoor,Houston Texans
2023-12-03,2023,13,Los Angeles Rams,36.0,19.0,Cleveland Browns,LAR,-3.5,39.5,SoFi Stadium,72.0,0.0,indoor,Los Angeles Rams
2023-12-03,2023,13,New England Patriots,0.0,6.0,Los Angeles Chargers,LAC,-4.5,39,Gillette Stadium,,,,New England Patriots
2023-12-03,2023,13,New Orleans Saints,28.0,33.0,Detroit Lions,DET,-4.0,47.5,Caesars Superdome,72.0,0.0,indoor,New Orleans Saints
2023-12-03,2023,13,New York Jets,8.0,13.0,Atlanta Falcons,ATL,-2.0,33,MetLife Stadium,,,,New York Jets
2023-12-03,2023,13,Philadelphia Eagles,19.0,42.0,San Francisco 49ers,SF,-3.0,46.5,Lincoln Financial Field,,,,Philadelphia Eagles
2023-12-03,2023,13,Pittsburgh Steelers,10.0,24.0,Arizona Cardinals,PIT,-6.0,41,Acrisure Stadium,,,,Pittsburgh Steelers
2023-12-03,2023,13,Tampa Bay Buccaneers,14.0,10.0,Carolina Panthers,TB,-3.5,36.5,Raymond James Stadium,,,,Tampa Bay Buccaneers
2023-12-03,2023,13,Tennessee Titans,28.0,31.0,Indianapolis Colts,IND,-1.0,42,Nissan Stadium,,,,Tennessee Titans
2023-12-03,2023,13,Washington Commanders,15.0,45.0,Miami Dolphins,MIA,-9.0,49.5,FedEx Field,,,,Washington Commanders
2023-12-04,2023,13,Jacksonville Jaguars,31.0,34.0,Cincinnati Bengals,JAX,-10.0,41,TIAA Bank Field,,,,Jacksonville Jaguars
2023-12-07,2023,14,Pittsburgh Steelers,18.0,21.0,New England Patriots,PIT,-5.0,30.5,Acrisure Stadium,,,,Pittsburgh Steelers
2023-12-10,2023,14,Atlanta Falcons,25.0,29.0,Tampa Bay Buccaneers,ATL,-1.5,41.5,Mercedes-Benz Stadium,72.0,0.0,indoor,Atlanta Falcons
2023-12-10,2023,14,Baltimore Ravens,37.0,31.0,Los Angeles Rams,BAL,-7.5,42,M&T Bank Stadium,,,,Baltimore Ravens
2023-12-10,2023,14,Chicago Bears,28.0,13.0,Detroit Lions,DET,-3.0,44.5,Soldier Field,,,,Chicago Bears
2023-12-10,2023,14,Cincinnati Bengals,34.0,14.0,Indianapolis Colts,CIN,-3.0,44.5,Paycor Stadium,,,,Cincinnati Bengals
2023-12-10,2023,14,Cleveland Browns,31.0,27.0,Jacksonville Jaguars,CLE,-2.0,37.5,FirstEnergy Stadium,,,,Cleveland Browns
2023-12-10,2023,14,Dallas Cowboys,33.0,13.0,Philadelphia Eagles,DAL,-3.5,52.5,AT&T Stadium,72.0,0.0,indoor,Dallas Cowboys
2023-12-10,2023,14,Kansas City Chiefs,17.0,20.0,Buffalo Bills,KC,-2.0,49.5,GEHA Field at Arrowhead Stadium,,,,Kansas City Chiefs
2023-12-10,2023,14,Las Vegas Raiders,0.0,3.0,Minnesota Vikings,MIN,-3.0,40.5,Allegiant Stadium,72.0,0.0,indoor,Las Vegas Raiders
2023-12-10,2023,14,Los Angeles Chargers,7.0,24.0,Denver Broncos,LAC,-3.0,46,SoFi Stadium,72.0,0.0,indoor,Los Angeles Chargers
2023-12-10,2023,14,New Orleans Saints,28.0,6.0,Carolina Panthers,NO,-5.0,39,Caesars Superdome,72.0,0.0,indoor,New Orleans Saints
2023-12-10,2023,14,New York Jets,30.0,6.0,Houston Texans,HOU,-3.0,33.5,MetLife Stadium,,,,New York Jets
2023-12-10,2023,14,San Francisco 49ers,28.0,16.0,Seattle Seahawks,SF,-14.5,44.5,Levi's Stadium,,,,San Francisco 49ers
2023-12-11,2023,14,Miami Dolphins,27.0,28.0,Tennessee Titans,MIA,-13.5,45,Hard Rock Stadium,,,,Miami Dolphins
2023-12-11,2023,14,New York Giants,24.0,22.0,Green Bay Packers,GB,-5.5,37,MetLife Stadium,,,,New York Giants
2023-12-14,2023,15,Las Vegas Raiders,63.0,21.0,Los Angeles Chargers,LVR,-3.0,35.5,Allegiant Stadium,72.0,0.0,indoor,Las Vegas Raiders
2023-12-16,2023,15,Cincinnati Bengals,27.0,24.0,Minnesota Vikings,CIN,-3.0,41,Paycor Stadium,,,,Cincinnati Bengals
2023-12-16,2023,15,Detroit Lions,42.0,17.0,Denver Broncos,DET,-5.0,49,Ford Field,72.0,0.0,indoor,Detroit Lions
2023-12-16,2023,15,Indianapolis Colts,30.0,13.0,Pittsburgh Steelers,IND,-1.0,41.5,Lucas Oil Stadium,72.0,0.0,indoor,Indianapolis Colts
2023-12-17,2023,15,Arizona Cardinals,29.0,45.0,San Francisco 49ers,SF,-11.5,48.5,State Farm Stadium,72.0,0.0,indoor,Arizona Cardinals
2023-12-17,2023,15,Buffalo Bills,31.0,10.0,Dallas Cowboys,BUF,-2.5,49,Highmark Stadium,,,,Buffalo Bills
2023-12-17,2023,15,Carolina Panthers,9.0,7.0,Atlanta Falcons,ATL,-2.5,32,Bank of America Stadium,,,,Carolina Panthers
2023-12-17,2023,15,Cleveland Browns,20.0,17.0,Chicago Bears,CLE,-3.0,37.5,FirstEnergy Stadium,,,,Cleveland Browns
2023-12-17,2023,15,Green Bay Packers,20.0,34.0,Tampa Bay Buccaneers,GB,-4.0,41.5,Lambeau Field,,,,Green Bay Packers
2023-12-17,2023,15,Jacksonville Jaguars,7.0,23.0,Baltimore Ravens,JAX,-4.0,42.5,TIAA Bank Field,,,,Jacksonville Jaguars
2023-12-17,2023,15,Los Angeles Rams,28.0,20.0,Washington Commanders,LAR,-6.5,48.5,SoFi Stadium,72.0,0.0,indoor,Los Angeles Rams
2023-12-17,2023,15,Miami Dolphins,30.0,0.0,New York Jets,MIA,-7.0,35.5,Hard Rock Stadium,,,,Miami Dolphins
2023-12-17,2023,15,New England Patriots,17.0,27.0,Kansas City Chiefs,KC,-9.5,39.5,Gillette Stadium,,,,New England Patriots
2023-12-17,2023,15,New Orleans Saints,24.0,6.0,New York Giants,NO,-6.0,39.5,Caesars Superdome,72.0,0.0,indoor,New Orleans Saints
2023-12-17,2023,15,Tennessee Titans,16.0,19.0,Houston Texans,TEN,-3.0,38,Nissan Stadium,,,,Tennessee Titans
2023-12-18,2023,15,Seattle Seahawks,20.0,17.0,Philadelphia Eagles,PHI,-4.0,46.5,Lumen Field,,,,Seattle Seahawks
2023-12-21,2023,16,Los Angeles Rams,30.0,22.0,New Orleans Saints,LAR,-4.0,45,SoFi Stadium,72.0,0.0,indoor,Los Angeles Rams
2023-12-23,2023,16,Los Angeles Chargers,22.0,24.0,Buffalo Bills,BUF,-12.5,44.5,SoFi Stadium,72.0,0.0,indoor,Los Angeles Chargers
2023-12-23,2023,16,Pittsburgh Steelers,34.0,11.0,Cincinnati Bengals,CIN,-3.0,39,Acrisure Stadium,,,,Pittsburgh Steelers
2023-12-24,2023,16,Atlanta Falcons,29.0,10.0,Indianapolis Colts,ATL,-2.5,44.5,Mercedes-Benz Stadium,72.0,0.0,indoor,Atlanta Falcons
2023-12-24,2023,16,Carolina Panthers,30.0,33.0,Green Bay Packers,GB,-3.5,38.5,Bank of America Stadium,,,,Carolina Panthers
2023-12-24,2023,16,Chicago Bears,27.0,16.0,Arizona Cardinals,CHI,-4.5,42,Soldier Field,,,,Chicago Bears
2023-12-24,2023,16,Denver Broncos,23.0,26.0,New England Patriots,DEN,-7.0,37.5,Empower Field at Mile High,,,,Denver Broncos
2023-12-24,2023,16,Houston Texans,22.0,36.0,Cleveland Browns,CLE,-3.0,40,NRG Stadium,72.0,0.0,indoor,Houston Texans
2023-12-24,2023,16,Miami Dolphins,22.0,20.0,Dallas Cowboys,MIA,-1.5,48.5,Hard Rock Stadium,,,,Miami Dolphins
2023-12-24,2023,16,Minnesota Vikings,24.0,30.0,Detroit Lions,DET,-2.5,47.5,U.S. Bank Stadium,72.0,0.0,indoor,Minnesota Vikings
2023-12-24,2023,16,New York Jets,30.0,28.0,Washington Commanders,NYJ,-3.0,37,MetLife Stadium,,,,New York Jets
2023-12-24,2023,16,Tampa Bay Buccaneers,30.0,12.0,Jacksonville Jaguars,JAX,-2.0,43,Raymond James Stadium,,,,Tampa Bay Buccaneers
2023-12-24,2023,16,Tennessee Titans,17.0,20.0,Seattle Seahawks,SEA,-3.0,42,Nissan Stadium,,,,Tennessee Titans
2023-12-25,2023,16,Kansas City Chiefs,14.0,20.0,Las Vegas Raiders,KC,-11.0,40.5,GEHA Field at Arrowhead Stadium,,,,Kansas City Chiefs
2023-12-25,2023,16,Philadelphia Eagles,33.0,25.0,New York Giants,PHI,-14.0,41.5,Lincoln Financial Field,,,,Philadelphia Eagles
2023-12-25,2023,16,San Francisco 49ers,19.0,33.0,Baltimore Ravens,SF,-6.5,47.5,Levi's Stadium,,,,San Francisco 49ers
2023-12-28,2023,17,Cleveland Browns,37.0,20.0,New York Jets,CLE,-7.0,33.5,FirstEnergy Stadium,,,,Cleveland Browns
2023-12-30,2023,17,Dallas Cowboys,20.0,19.0,Detroit Lions,DAL,-4.0,53,AT&T Stadium,72.0,0.0,indoor,Dallas Cowboys
2023-12-31,2023,17,Baltimore Ravens,56.0,19.0,Miami Dolphins,BAL,-3.0,46.5,M&T Bank Stadium,,,,Baltimore Ravens
2023-12-31,2023,17,Buffalo Bills,27.0,21.0,New England Patriots,BUF,-14.5,40,Highmark Stadium,,,,Buffalo Bills
2023-12-31,2023,17,Chicago Bears,37.0,17.0,Atlanta Falcons,CHI,-2.5,39,Soldier Field,,,,Chicago Bears
2023-12-31,2023,17,Denver Broncos,16.0,9.0,Los Angeles Chargers,DEN,-3.5,39,Empower Field at Mile High,,,,Denver Broncos
2023-12-31,2023,17,Houston Texans,26.0,3.0,Tennessee Titans,HOU,-5.0,44,NRG Stadium,72.0,0.0,indoor,Houston Texans
2023-12-31,2023,17,Indianapolis Colts,23.0,20.0,Las Vegas Raiders,IND,-3.5,42,Lucas Oil Stadium,72.0,0.0,indoor,Indianapolis Colts
2023-12-31,2023,17,Jacksonville Jaguars,26.0,0.0,Carolina Panthers,JAX,-3.5,37.5,TIAA Bank Field,,,,Jacksonville Jaguars
2023-12-31,2023,17,Kansas City Chiefs,25.0,17.0,Cincinnati Bengals,KC,-7.0,46.5,GEHA Field at Arrowhead Stadium,,,,Kansas City Chiefs
2023-12-31,2023,17,Minnesota Vikings,10.0,33.0,Green Bay Packers,MIN,-1.0,42.5,U.S. Bank Stadium,72.0,0.0,indoor,Minnesota Vikings
2023-12-31,2023,17,New York Giants,25.0,26.0,Los Angeles Rams,LAR,-6.0,43.5,MetLife Stadium,,,,New York Giants
2023-12-31,2023,17,Philadelphia Eagles,31.0,35.0,Arizona Cardinals,PHI,-12.5,48,Lincoln Financial Field,,,,Philadelphia Eagles
2023-12-31,2023,17,Seattle Seahawks,23.0,30.0,Pittsburgh Steelers,SEA,-4.0,40.5,Lumen Field,,,,Seattle Seahawks
2023-12-31,2023,17,Tampa Bay Buccaneers,13.0,23.0,New Orleans Saints,TB,-2.5,42.5,Raymond James Stadium,,,,Tampa Bay Buccaneers
2023-12-31,2023,17,Washington Commanders,10.0,27.0,San Francisco 49ers,SF,-14.0,48.5,FedEx Field,,,,Washington Commanders
2024-01-06,2023,18,Baltimore Ravens,10.0,17.0,Pittsburgh Steelers,PIT,-3.0,34,M&T Bank Stadium,,,,Baltimore Ravens
2024-01-07,2023,18,Arizona Cardinals,20.0,21.0,Seattle Seahawks,SEA,-3.0,48,State Farm Stadium,72.0,0.0,indoor,Arizona Cardinals
2024-01-07,2023,18,Carolina Panthers,0.0,9.0,Tampa Bay Buccaneers,TB,-4.5,36.5,Bank of America Stadium,,,,Carolina Panthers
2024-01-07,2023,18,Cincinnati Bengals,31.0,14.0,Cleveland Browns,CIN,-7.0,37,Paycor Stadium,,,,Cincinnati Bengals
2024-01-07,2023,18,Detroit Lions,30.0,20.0,Minnesota Vikings,DET,-4.0,47.5,Ford Field,72.0,0.0,indoor,Detroit Lions
2024-01-07,2023,18,Green Bay Packers,17.0,9.0,Chicago Bears,GB,-2.5,46,Lambeau Field,,,,Green Bay Packers
2024-01-07,2023,18,Indianapolis Colts,19.0,23.0,Houston Texans,HOU,-1.0,47.5,Lucas Oil Stadium,72.0,0.0,indoor,Indianapolis Colts
2024-01-07,2023,18,Las Vegas Raiders,27.0,14.0,Denver Broncos,LVR,-3.5,37.5,Allegiant Stadium,72.0,0.0,indoor,Las Vegas Raiders
2024-01-07,2023,18,Los Angeles Chargers,12.0,13.0,Kansas City Chiefs,LAC,-3.5,35,SoFi Stadium,72.0,0.0,indoor,Los Angeles Chargers
2024-01-07,2023,18,Miami Dolphins,14.0,21.0,Buffalo Bills,BUF,-2.5,48,Hard Rock Stadium,,,,Miami Dolphins
2024-01-07,2023,18,New England Patriots,3.0,17.0,New York Jets,NE,-2.0,28.5,Gillette Stadium,,,,New England Patriots
2024-01-07,2023,18,New Orleans Saints,48.0,17.0,Atlanta Falcons,NO,-3.0,41.5,Caesars Superdome,72.0,0.0,indoor,New Orleans Saints
2024-01-07,2023,18,New York Giants,27.0,10.0,Philadelphia Eagles,PHI,-5.0,43.5,MetLife Stadium,,,,New York Giants
2024-01-07,2023,18,San Francisco 49ers,20.0,21.0,Los Angeles Rams,SF,-5.5,40,Levi's Stadium,,,,San Francisco 49ers
2024-01-07,2023,18,Tennessee Titans,28.0,20.0,Jacksonville Jaguars,JAX,-3.5,41.5,Nissan Stadium,,,,Tennessee Titans
2024-01-07,2023,18,Washington Commanders,10.0,38.0,Dallas Cowboys,DAL,-13.0,47.5,FedEx Field,,,,Washington Commanders
2024-09-05,2024,1,Kansas City Chiefs,27.0,20.0,Baltimore Ravens,KC,-3.0,47,GEHA Field at Arrowhead Stadium,,,,Kansas City Chiefs
2024-09-06,2024,1,Philadelphia Eagles,34.0,29.0,Green Bay Packers,PHI,-2.0,49.5,Corinthians Arena,,,,Philadelphia Eagles
2024-09-08,2024,1,Atlanta Falcons,10.0,18.0,Pittsburgh Steelers,ATL,-3.5,42,Mercedes-Benz Stadium,72.0,0.0,indoor,Atlanta Falcons
2024-09-08,2024,1,Buffalo Bills,34.0,28.0,Arizona Cardinals,BUF,-6.5,46.5,Highmark Stadium,,,,Buffalo Bills
2024-09-08,2024,1,Chicago Bears,24.0,17.0,Tennessee Titans,CHI,-4.0,44.5,Soldier Field,,,,Chicago Bears
2024-09-08,2024,1,Cincinnati Bengals,10.0,16.0,New England Patriots,CIN,-8.0,41,Paycor Stadium,,,,Cincinnati Bengals
2024-09-08,2024,1,Cleveland Browns,17.0,33.0,Dallas Cowboys,CLE,-2.5,41,FirstEnergy Stadium,,,,Cleveland Browns
2024-09-08,2024,1,Detroit Lions,26.0,20.0,Los Angeles Rams,DET,-4.5,52.5,Ford Field,72.0,0.0,indoor,Detroit Lions
2024-09-08,2024,1,Indianapolis Colts,27.0,29.0,Houston Texans,HOU,-3.0,48.5,Lucas Oil Stadium,72.0,0.0,indoor,Indianapolis Colts
2024-09-08,2024,1,Los Angeles Chargers,22.0,10.0,Las Vegas Raiders,LAC,-3.0,40,SoFi Stadium,72.0,0.0,indoor,Los Angeles Chargers
2024-09-08,2024,1,Miami Dolphins,20.0,17.0,Jacksonville Jaguars,MIA,-3.5,49,Hard Rock Stadium,,,,Miami Dolphins
2024-09-08,2024,1,New Orleans Saints,47.0,10.0,Carolina Panthers,NO,-4.0,41.5,Caesars Superdome,72.0,0.0,indoor,New Orleans Saints
2024-09-08,2024,1,New York Giants,6.0,28.0,Minnesota Vikings,MIN,-1.5,41,MetLife Stadium,,,,New York Giants
2024-09-08,2024,1,Seattle Seahawks,26.0,20.0,Denver Broncos,SEA,-6.0,42,Lumen Field,,,,Seattle Seahawks
2024-09-08,2024,1,Tampa Bay Buccaneers,37.0,20.0,Washington Commanders,TB,-3.5,42.5,Raymond James Stadium,,,,Tampa Bay Buccaneers
2024-09-09,2024,1,San Francisco 49ers,32.0,19.0,New York Jets,SF,-3.5,43.5,Levi's Stadium,,,,San Francisco 49ers
2024-09-12,2024,2,Miami Dolphins,10.0,31.0,Buffalo Bills,MIA,-2.5,48.5,Hard Rock Stadium,,,,Miami Dolphins
2024-09-15,2024,2,Arizona Cardinals,41.0,10.0,Los Angeles Rams,ARI,-1.0,47.5,State Farm Stadium,72.0,0.0,indoor,Arizona Cardinals
2024-09-15,2024,2,Baltimore Ravens,23.0,26.0,Las Vegas Raiders,BAL,-8.5,41.5,M&T Bank Stadium,,,,Baltimore Ravens
2024-09-15,2024,2,Carolina Panthers,3.0,26.0,Los Angeles Chargers,LAC,-4.5,38.5,Bank of America Stadium,,,,Carolina Panthers
2024-09-15,2024,2,Dallas Cowboys,19.0,44.0,New Orleans Saints,DAL,-6.5,47,AT&T Stadium,72.0,0.0,indoor,Dallas Cowboys
2024-09-15,2024,2,Denver Broncos,6.0,13.0,Pittsburgh Steelers,PIT,-2.5,36.5,Empower Field at Mile High,,,,Denver Broncos
2024-09-15,2024,2,Detroit Lions,16.0,20.0,Tampa Bay Buccaneers,DET,-7.5,51.5,Ford Field,72.0,0.0,indoor,Detroit Lions
2024-09-15,2024,2,Green Bay Packers,16.0,10.0,Indianapolis Colts,IND,-2.5,41.5,Lambeau Field,,,,Green Bay Packers
2024-09-15,2024,2,Houston Texans,19.0,13.0,Chicago Bears,HOU,-6.0,45.5,NRG Stadium,72.0,0.0,indoor,Houston Texans
2024-09-15,2024,2,Jacksonville Jaguars,13.0,18.0,Cleveland Browns,JAX,-3.0,41.5,TIAA Bank Field,,,,Jacksonville Jaguars
2024-09-15,2024,2,Kansas City Chiefs,26.0,25.0,Cincinnati Bengals,KC,-6.5,47.5,GEHA Field at Arrowhead Stadium,,,,Kansas City Chiefs
2024-09-15,2024,2,Minnesota Vikings,23.0,17.0,San Francisco 49ers,SF,-4.5,46.5,U.S. Bank Stadium,72.0,0.0,indoor,Minnesota Vikings
2024-09-15,2024,2,New England Patriots,20.0,23.0,Seattle Seahawks,SEA,-3.0,38.5,Gillette Stadium,,,,New England Patriots
2024-09-15,2024,2,Tennessee Titans,17.0,24.0,New York Jets,NYJ,-4.0,41.5,Nissan Stadium,,,,Tennessee Titans
2024-09-15,2024,2,Washington Commanders,21.0,18.0,New York Giants,WAS,-1.5,42.5,FedEx Field,,,,Washington Commanders
2024-09-16,2024,2,Philadelphia Eagles,21.0,22.0,Atlanta Falcons,PHI,-5.5,46.5,Lincoln Financial Field,,,,Philadelphia Eagles
2024-09-19,2024,3,New York Jets,24.0,3.0,New England Patriots,NJY,-6.0,39,MetLife Stadium,,,,New York Jets
2024-09-22,2024,3,Arizona Cardinals,13.0,20.0,Detroit Lions,DET,-3.0,51.5,State Farm Stadium,72.0,0.0,indoor,Arizona Cardinals
2024-09-22,2024,3,Atlanta Falcons,17.0,22.0,Kansas City Chiefs,KC,-3.5,46.5,Mercedes-Benz Stadium,72.0,0.0,indoor,Atlanta Falcons
2024-09-22,2024,3,Cleveland Browns,15.0,21.0,New York Giants,CLE,-6.5,38,FirstEnergy Stadium,,,,Cleveland Browns
2024-09-22,2024,3,Dallas Cowboys,25.0,28.0,Baltimore Ravens,BAL,-1.5,47.5,AT&T Stadium,72.0,0.0,indoor,Dallas Cowboys
2024-09-22,2024,3,Indianapolis Colts,21.0,16.0,Chicago Bears,IND,-1.5,43.5,Lucas Oil Stadium,72.0,0.0,indoor,Indianapolis Colts
2024-09-22,2024,3,Las Vegas Raiders,22.0,36.0,Carolina Panthers,LVR,-5.5,40,Allegiant Stadium,72.0,0.0,indoor,Las Vegas Raiders
2024-09-22,2024,3,Los Angeles Rams,27.0,24.0,San Francisco 49ers,SF,-6.0,44.5,SoFi Stadium,72.0,0.0,indoor,Los Angeles Rams
2024-09-22,2024,3,Minnesota Vikings,34.0,7.0,Houston Texans,HOU,-2.0,46.5,U.S. Bank Stadium,72.0,0.0,indoor,Minnesota Vikings
2024-09-22,2024,3,New Orleans Saints,12.0,15.0,Philadelphia Eagles,NO,-2.5,49.5,Caesars Superdome,72.0,0.0,indoor,New Orleans Saints
2024-09-22,2024,3,Pittsburgh Steelers,20.0,10.0,Los Angeles Chargers,PIT,-2.5,35.5,Acrisure Stadium,,,,Pittsburgh Steelers
2024-09-22,2024,3,Seattle Seahawks,24.0,3.0,Miami Dolphins,SEA,-4.0,41.5,Lumen Field,,,,Seattle Seahawks
2024-09-22,2024,3,Tampa Bay Buccaneers,7.0,26.0,Denver Broncos,TB,-6.0,40.5,Raymond James Stadium,,,,Tampa Bay Buccaneers
2024-09-22,2024,3,Tennessee Titans,14.0,30.0,Green Bay Packers,TEN,-3.0,37,Nissan Stadium,,,,Tennessee Titans
2024-09-23,2024,3,Buffalo Bills,47.0,10.0,Jacksonville Jaguars,BUF,-4.0,46.5,Highmark Stadium,,,,Buffalo Bills
2024-09-23,2024,3,Cincinnati Bengals,33.0,38.0,Washington Commanders,CIN,-7.5,46,Paycor Stadium,,,,Cincinnati Bengals
2024-09-26,2024,4,New York Giants,15.0,20.0,Dallas Cowboys,DAL,-5.0,44.5,MetLife Stadium,,,,New York Giants
2024-09-29,2024,4,Arizona Cardinals,14.0,42.0,Washington Commanders,ARI,-3.5,48.5,State Farm Stadium,72.0,0.0,indoor,Arizona Cardinals
2024-09-29,2024,4,Atlanta Falcons,26.0,24.0,New Orleans Saints,ATL,-2.5,42.5,Mercedes-Benz Stadium,72.0,0.0,indoor,Atlanta Falcons
2024-09-29,2024,4,Baltimore Ravens,35.0,10.0,Buffalo Bills,BAL,-2.5,47.5,M&T Bank Stadium,,,,Baltimore Ravens
2024-09-29,2024,4,Carolina Panthers,24.0,34.0,Cincinnati Bengals,CIN,-4.5,47,Bank of America Stadium,,,,Carolina Panthers
2024-09-29,2024,4,Chicago Bears,24.0,18.0,Los Angeles Rams,CHI,-3.0,40.5,Soldier Field,,,,Chicago Bears
2024-09-29,2024,4,Green Bay Packers,29.0,31.0,Minnesota Vikings,GB,-2.5,44.5,Lambeau Field,,,,Green Bay Packers
2024-09-29,2024,4,Houston Texans,24.0,20.0,Jacksonville Jaguars,HOU,-5.5,44.5,NRG Stadium,72.0,0.0,indoor,Houston Texans
2024-09-29,2024,4,Indianapolis Colts,27.0,24.0,Pittsburgh Steelers,PIT,-2.5,40.5,Lucas Oil Stadium,72.0,0.0,indoor,Indianapolis Colts
2024-09-29,2024,4,Las Vegas Raiders,20.0,16.0,Cleveland Browns,CLE,-2.5,37,Allegiant Stadium,72.0,0.0,indoor,Las Vegas Raiders
2024-09-29,2024,4,Los Angeles Chargers,10.0,17.0,Kansas City Chiefs,KC,-7.0,41.5,SoFi Stadium,72.0,0.0,indoor,Los Angeles Chargers
2024-09-29,2024,4,New York Jets,9.0,10.0,Denver Broncos,NYJ,-8.0,39.5,MetLife Stadium,,,,New York Jets
2024-09-29,2024,4,San Francisco 49ers,30.0,13.0,New England Patriots,SF,-10.5,41.5,Levi's Stadium,,,,San Francisco 49ers
2024-09-29,2024,4,Tampa Bay Buccaneers,33.0,16.0,Philadelphia Eagles,PHI,-1.0,42.5,Raymond James Stadium,,,,Tampa Bay Buccaneers
2024-09-30,2024,4,Detroit Lions,42.0,29.0,Seattle Seahawks,DET,-4.0,47,Ford Field,72.0,0.0,indoor,Detroit Lions
2024-09-30,2024,4,Miami Dolphins,12.0,31.0,Tennessee Titans,MIA,-2.5,38,Hard Rock Stadium,,,,Miami Dolphins
2024-10-03,2024,5,Atlanta Falcons,36.0,30.0,Tampa Bay Buccaneers,ATL,-2.5,44,Mercedes-Benz Stadium,72.0,0.0,indoor,Atlanta Falcons
2024-10-06,2024,5,Chicago Bears,36.0,10.0,Carolina Panthers,CHI,-4.0,40.5,Soldier Field,,,,Chicago Bears
2024-10-06,2024,5,Cincinnati Bengals,38.0,41.0,Baltimore Ravens,BAL,-2.5,48,Paycor Stadium,,,,Cincinnati Bengals
2024-10-06,2024,5,Denver Broncos,34.0,18.0,Las Vegas Raiders,DEN,-3.0,36,Empower Field at Mile High,,,,Denver Broncos
2024-10-06,2024,5,Houston Texans,23.0,20.0,Buffalo Bills,HOU,-1.0,47.5,NRG Stadium,72.0,0.0,indoor,Houston Texans
2024-10-06,2024,5,Jacksonville Jaguars,37.0,34.0,Indianapolis Colts,JAX,-3.5,45,TIAA Bank Field,,,,Jacksonville Jaguars
2024-10-06,2024,5,Los Angeles Rams,19.0,24.0,Green Bay Packers,GB,-3.0,49.5,SoFi Stadium,72.0,0.0,indoor,Los Angeles Rams
2024-10-06,2024,5,Minnesota Vikings,23.0,17.0,New York Jets,MIN,-2.5,42,Tottenham Hotspur Stadium,,,,Minnesota Vikings
2024-10-06,2024,5,New England Patriots,10.0,15.0,Miami Dolphins,MIA,-2.0,37,Gillette Stadium,,,,New England Patriots
2024-10-06,2024,5,Pittsburgh Steelers,17.0,20.0,Dallas Cowboys,PIT,-2.5,44,Acrisure Stadium,,,,Pittsburgh Steelers
2024-10-06,2024,5,San Francisco 49ers,23.0,24.0,Arizona Cardinals,SF,-7.0,49,Levi's Stadium,,,,San Francisco 49ers
2024-10-06,2024,5,Seattle Seahawks,20.0,29.0,New York Giants,SEA,-7.0,42.5,Lumen Field,,,,Seattle Seahawks
2024-10-06,2024,5,Washington Commanders,34.0,13.0,Cleveland Browns,WAS,-3.0,44,FedEx Field,,,,Washington Commanders
2024-10-07,2024,5,Kansas City Chiefs,26.0,13.0,New Orleans Saints,KC,-5.5,43,GEHA Field at Arrowhead Stadium,,,,Kansas City Chiefs
2024-10-10,2024,6,Seattle Seahawks,24.0,36.0,San Francisco 49ers,SF,-3.5,48.5,Lumen Field,,,,Seattle Seahawks
2024-10-13,2024,6,Baltimore Ravens,30.0,23.0,Washington Commanders,BAL,-7.0,51,M&T Bank Stadium,,,,Baltimore Ravens
2024-10-13,2024,6,Carolina Panthers,20.0,38.0,Atlanta Falcons,ATL,-6.0,46,Bank of America Stadium,,,,Carolina Panthers
2024-10-13,2024,6,Chicago Bears,35.0,16.0,Jacksonville Jaguars,JAX,-1.5,44.5,Tottenham Hotspur Stadium,,,,Chicago Bears
2024-10-13,2024,6,Dallas Cowboys,9.0,47.0,Detroit Lions,DET,-3.5,53.5,AT&T Stadium,72.0,0.0,indoor,Dallas Cowboys
2024-10-13,2024,6,Denver Broncos,16.0,23.0,Los Angeles Chargers,LAC,-3.0,36.5,Empower Field at Mile High,,,,Denver Broncos
2024-10-13,2024,6,Green Bay Packers,34.0,13.0,Arizona Cardinals,GB,-5.5,47,Lambeau Field,,,,Green Bay Packers
2024-10-13,2024,6,Las Vegas Raiders,13.0,32.0,Pittsburgh Steelers,PIT,-3.0,36.5,Allegiant Stadium,72.0,0.0,indoor,Las Vegas Raiders
2024-10-13,2024,6,New England Patriots,21.0,41.0,Houston Texans,HOU,-6.5,38,Gillette Stadium,,,,New England Patriots
2024-10-13,2024,6,New Orleans Saints,27.0,51.0,Tampa Bay Buccaneers,TB,-3.5,42.5,Caesars Superdome,72.0,0.0,indoor,New Orleans Saints
2024-10-13,2024,6,New York Giants,7.0,17.0,Cincinnati Bengals,CIN,-4.0,46.5,MetLife Stadium,,,,New York Giants
2024-10-13,2024,6,Philadelphia Eagles,20.0,16.0,Cleveland Browns,PHI,-8.5,42,Lincoln Financial Field,,,,Philadelphia Eagles
2024-10-13,2024,6,Tennessee Titans,17.0,20.0,Indianapolis Colts,TEN,-2.5,42.5,Nissan Stadium,,,,Tennessee Titans
2024-10-14,2024,6,New York Jets,20.0,23.0,Buffalo Bills,BUF,-1.0,41,MetLife Stadium,,,,New York Jets
2024-10-17,2024,7,New Orleans Saints,10.0,33.0,Denver Broncos,DEN,-3.0,37,Caesars Superdome,72.0,0.0,indoor,New Orleans Saints
2024-10-20,2024,7,Atlanta Falcons,14.0,34.0,Seattle Seahawks,ATL,-3.0,51.5,Mercedes-Benz Stadium,72.0,0.0,indoor,Atlanta Falcons
2024-10-20,2024,7,Buffalo Bills,34.0,10.0,Tennessee Titans,BUF,-9.5,41,Highmark Stadium,,,,Buffalo Bills
2024-10-20,2024,7,Cleveland Browns,14.0,21.0,Cincinnati Bengals,CIN,-5.5,41.5,FirstEnergy Stadium,,,,Cleveland Browns
2024-10-20,2024,7,Green Bay Packers,24.0,22.0,Houston Texans,GB,-3.0,48,Lambeau Field,,,,Green Bay Packers
2024-10-20,2024,7,Indianapolis Colts,16.0,10.0,Miami Dolphins,IND,-3.0,44,Lucas Oil Stadium,72.0,0.0,indoor,Indianapolis Colts
2024-10-20,2024,7,Jacksonville Jaguars,32.0,16.0,New England Patriots,JAX,-7.0,42.5,Wembley Stadium,,,,Jacksonville Jaguars
2024-10-20,2024,7,Los Angeles Rams,20.0,15.0,Las Vegas Raiders,LAR,-7.0,43.5,SoFi Stadium,72.0,0.0,indoor,Los Angeles Rams
2024-10-20,2024,7,Minnesota Vikings,29.0,31.0,Detroit Lions,MIN,-1.0,50.5,U.S. Bank Stadium,72.0,0.0,indoor,Minnesota Vikings
2024-10-20,2024,7,New York Giants,3.0,28.0,Philadelphia Eagles,PHI,-3.0,42,MetLife Stadium,,,,New York Giants
2024-10-20,2024,7,Pittsburgh Steelers,37.0,15.0,New York Jets,NYJ,-2.5,40.5,Acrisure Stadium,,,,Pittsburgh Steelers
2024-10-20,2024,7,San Francisco 49ers,18.0,28.0,Kansas City Chiefs,SF,-2.5,48,Levi's Stadium,,,,San Francisco 49ers
2024-10-20,2024,7,Washington Commanders,40.0,7.0,Carolina Panthers,WAS,-10.0,51,FedEx Field,,,,Washington Commanders
2024-10-21,2024,7,Arizona Cardinals,17.0,15.0,Los Angeles Chargers,LAC,-1.0,44.5,State Farm Stadium,72.0,0.0,indoor,Arizona Cardinals
2024-10-21,2024,7,Tampa Bay Buccaneers,31.0,41.0,Baltimore Ravens,BAL,-4.0,51,Raymond James Stadium,,,,Tampa Bay Buccaneers
2024-10-24,2024,8,Los Angeles Rams,30.0,20.0,Minnesota Vikings,MIN,-3.0,47,SoFi Stadium,72.0,0.0,indoor,Los Angeles Rams
2024-10-27,2024,8,Cincinnati Bengals,17.0,37.0,Philadelphia Eagles,CIN,-2.5,47.5,Paycor Stadium,,,,Cincinnati Bengals
2024-10-27,2024,8,Cleveland Browns,29.0,24.0,Baltimore Ravens,BAL,-7.5,44.5,FirstEnergy Stadium,,,,Cleveland Browns
2024-10-27,2024,8,Denver Broncos,28.0,14.0,Carolina Panthers,DEN,-13.0,40.5,Empower Field at Mile High,,,,Denver Broncos
2024-10-27,2024,8,Detroit Lions,52.0,14.0,Tennessee Titans,DET,-12.0,45,Ford Field,72.0,0.0,indoor,Detroit Lions
2024-10-27,2024,8,Houston Texans,23.0,20.0,Indianapolis Colts,HOU,-4.5,45,NRG Stadium,72.0,0.0,indoor,Houston Texans
2024-10-27,2024,8,Jacksonville Jaguars,27.0,30.0,Green Bay Packers,GB,-3.5,49,TIAA Bank Field,,,,Jacksonville Jaguars
2024-10-27,2024,8,Las Vegas Raiders,20.0,27.0,Kansas City Chiefs,KC,-8.5,43,Allegiant Stadium,72.0,0.0,indoor,Las Vegas Raiders
2024-10-27,2024,8,Los Angeles Chargers,26.0,8.0,New Orleans Saints,LAC,-7.0,41.5,SoFi Stadium,72.0,0.0,indoor,Los Angeles Chargers
2024-10-27,2024,8,Miami Dolphins,27.0,28.0,Arizona Cardinals,MIA,-4.0,46.5,Hard Rock Stadium,,,,Miami Dolphins
2024-10-27,2024,8,New England Patriots,25.0,22.0,New York Jets,NYJ,-7.0,41,Gillette Stadium,,,,New England Patriots
2024-10-27,2024,8,San Francisco 49ers,30.0,24.0,Dallas Cowboys,SF,-5.5,47.5,Levi's Stadium,,,,San Francisco 49ers
2024-10-27,2024,8,Seattle Seahawks,10.0,31.0,Buffalo Bills,BUF,-3.0,45,Lumen Field,,,,Seattle Seahawks
2024-10-27,2024,8,Tampa Bay Buccaneers,26.0,31.0,Atlanta Falcons,ATL,-1.5,46.5,Raymond James Stadium,,,,Tampa Bay Buccaneers
2024-10-27,2024,8,Washington Commanders,18.0,15.0,Chicago Bears,WAS,-1.5,46.5,FedEx Field,,,,Washington Commanders
2024-10-28,2024,8,Pittsburgh Steelers,26.0,18.0,New York Giants,PIT,-6.0,37.5,Acrisure Stadium,,,,Pittsburgh Steelers
2024-10-31,2024,9,New York Jets,21.0,13.0,Houston Texans,NYJ,-2.5,43,MetLife Stadium,,,,New York Jets
2024-11-03,2024,9,Arizona Cardinals,29.0,9.0,Chicago Bears,ARI,-1.5,44.5,State Farm Stadium,72.0,0.0,indoor,Arizona Cardinals
2024-11-03,2024,9,Atlanta Falcons,27.0,21.0,Dallas Cowboys,ATL,-3.0,52,Mercedes-Benz Stadium,72.0,0.0,indoor,Atlanta Falcons
2024-11-03,2024,9,Baltimore Ravens,41.0,10.0,Denver Broncos,BAL,-9.0,46.5,M&T Bank Stadium,,,,Baltimore Ravens
2024-11-03,2024,9,Buffalo Bills,30.0,27.0,Miami Dolphins,BUF,-6.0,49,Highmark Stadium,,,,Buffalo Bills
2024-11-03,2024,9,Carolina Panthers,23.0,22.0,New Orleans Saints,NO,-7.0,43.5,Bank of America Stadium,,,,Carolina Panthers
2024-11-03,2024,9,Cincinnati Bengals,41.0,24.0,Las Vegas Raiders,CIN,-7.5,45,Paycor Stadium,,,,Cincinnati Bengals
2024-11-03,2024,9,Cleveland Browns,10.0,27.0,Los Angeles Chargers,LAC,-2.0,42.5,FirstEnergy Stadium,,,,Cleveland Browns
2024-11-03,2024,9,Green Bay Packers,14.0,24.0,Detroit Lions,DET,-2.5,48.5,Lambeau Field,,,,Green Bay Packers
2024-11-03,2024,9,Minnesota Vikings,21.0,13.0,Indianapolis Colts,MIN,-6.0,47,U.S. Bank Stadium,72.0,0.0,indoor,Minnesota Vikings
2024-11-03,2024,9,New York Giants,22.0,27.0,Washington Commanders,WAS,-4.0,44,MetLife Stadium,,,,New York Giants
2024-11-03,2024,9,Philadelphia Eagles,28.0,23.0,Jacksonville Jaguars,PHI,-7.5,46,Lincoln Financial Field,,,,Philadelphia Eagles
2024-11-03,2024,9,Seattle Seahawks,20.0,26.0,Los Angeles Rams,LAR,-1.5,48.5,Lumen Field,,,,Seattle Seahawks
2024-11-03,2024,9,Tennessee Titans,20.0,17.0,New England Patriots,TEN,-3.5,38,Nissan Stadium,,,,Tennessee Titans
2024-11-04,2024,9,Kansas City Chiefs,30.0,24.0,Tampa Bay Buccaneers,KC,-9.0,45.5,GEHA Field at Arrowhead Stadium,,,,Kansas City Chiefs
2024-11-07,2024,10,Baltimore Ravens,35.0,34.0,Cincinnati Bengals,BAL,-6.0,52.5,M&T Bank Stadium,,,,Baltimore Ravens
2024-11-10,2024,10,Arizona Cardinals,31.0,6.0,New York Jets,NYJ,-2.0,46,State Farm Stadium,72.0,0.0,indoor,Arizona Cardinals
2024-11-10,2024,10,Carolina Panthers,20.0,17.0,New York Giants,NYG,-6.5,40.5,Allianz Arena,,,,Carolina Panthers
2024-11-10,2024,10,Chicago Bears,3.0,19.0,New England Patriots,CHI,-6.0,37.5,Soldier Field,,,,Chicago Bears
2024-11-10,2024,10,Dallas Cowboys,6.0,34.0,Philadelphia Eagles,PHI,-7.0,44.5,AT&T Stadium,72.0,0.0,indoor,Dallas Cowboys
2024-11-10,2024,10,Houston Texans,23.0,26.0,Detroit Lions,DET,-4.0,49,NRG Stadium,72.0,0.0,indoor,Houston Texans
2024-11-10,2024,10,Indianapolis Colts,20.0,30.0,Buffalo Bills,BUF,-4.5,47,Lucas Oil Stadium,72.0,0.0,indoor,Indianapolis Colts
2024-11-10,2024,10,Jacksonville Jaguars,7.0,12.0,Minnesota Vikings,MIN,-7.0,42.5,TIAA Bank Field,,,,Jacksonville Jaguars
2024-11-10,2024,10,Kansas City Chiefs,16.0,14.0,Denver Broncos,KC,-7.0,42.5,GEHA Field at Arrowhead Stadium,,,,Kansas City Chiefs
2024-11-10,2024,10,Los Angeles Chargers,27.0,17.0,Tennessee Titans,LAC,-8.0,40,SoFi Stadium,72.0,0.0,indoor,Los Angeles Chargers
2024-11-10,2024,10,New Orleans Saints,20.0,17.0,Atlanta Falcons,ATL,-3.5,47.5,Caesars Superdome,72.0,0.0,indoor,New Orleans Saints
2024-11-10,2024,10,Tampa Bay Buccaneers,20.0,23.0,San Francisco 49ers,SF,-6.5,50,Raymond James Stadium,,,,Tampa Bay Buccaneers
2024-11-10,2024,10,Washington Commanders,27.0,28.0,Pittsburgh Steelers,WAS,-2.0,45,FedEx Field,,,,Washington Commanders
2024-11-11,2024,10,Los Angeles Rams,15.0,23.0,Miami Dolphins,LAR,-2.0,49.5,SoFi Stadium,72.0,0.0,indoor,Los Angeles Rams
2024-11-14,2024,11,Philadelphia Eagles,26.0,18.0,Washington Commanders,PHI,-4.0,49.5,Lincoln Financial Field,,,,Philadelphia Eagles
2024-11-17,2024,11,Buffalo Bills,30.0,21.0,Kansas City Chiefs,BUF,-2.5,47,Highmark Stadium,,,,Buffalo Bills
2024-11-17,2024,11,Chicago Bears,19.0,20.0,Green Bay Packers,GB,-6.0,41,Soldier Field,,,,Chicago Bears
2024-11-17,2024,11,Denver Broncos,38.0,6.0,Atlanta Falcons,DEN,-2.0,44.5,Empower Field at Mile High,,,,Denver Broncos
2024-11-17,2024,11,Detroit Lions,52.0,6.0,Jacksonville Jaguars,DET,-13.5,47.5,Ford Field,72.0,0.0,indoor,Detroit Lions
2024-11-17,2024,11,Los Angeles Chargers,34.0,27.0,Cincinnati Bengals,LAC,-1.0,48,SoFi Stadium,72.0,0.0,indoor,Los Angeles Chargers
2024-11-17,2024,11,Miami Dolphins,34.0,19.0,Las Vegas Raiders,MIA,-7.5,43.5,Hard Rock Stadium,,,,Miami Dolphins
2024-11-17,2024,11,New England Patriots,22.0,28.0,Los Angeles Rams,LAR,-4.0,43,Gillette Stadium,,,,New England Patriots
2024-11-17,2024,11,New Orleans Saints,35.0,14.0,Cleveland Browns,CLE,-1.0,44,Caesars Superdome,72.0,0.0,indoor,New Orleans Saints
2024-11-17,2024,11,New York Jets,27.0,28.0,Indianapolis Colts,NYJ,-4.0,43,MetLife Stadium,,,,New York Jets
2024-11-17,2024,11,Pittsburgh Steelers,18.0,16.0,Baltimore Ravens,BAL,-3.0,48,Acrisure Stadium,,,,Pittsburgh Steelers
2024-11-17,2024,11,San Francisco 49ers,17.0,20.0,Seattle Seahawks,SF,-6.0,49,Levi's Stadium,,,,San Francisco 49ers
2024-11-17,2024,11,Tennessee Titans,13.0,23.0,Minnesota Vikings,MIN,-6.0,40,Nissan Stadium,,,,Tennessee Titans
2024-11-18,2024,11,Dallas Cowboys,10.0,34.0,Houston Texans,HOU,-7.0,41.5,AT&T Stadium,72.0,0.0,indoor,Dallas Cowboys
2024-11-21,2024,12,Cleveland Browns,24.0,19.0,Pittsburgh Steelers,PIT,-3.5,36.5,FirstEnergy Stadium,36.0,13.0,snow,Cleveland Browns
2024-11-24,2024,12,Carolina Panthers,27.0,30.0,Kansas City Chiefs,KC,-10.5,43,Bank of America Stadium,,,,Carolina Panthers
2024-11-24,2024,12,Chicago Bears,27.0,30.0,Minnesota Vikings,MIN,-3.0,39.5,Soldier Field,,,,Chicago Bears
2024-11-24,2024,12,Green Bay Packers,38.0,10.0,San Francisco 49ers,GB,-6.0,44.5,Lambeau Field,,,,Green Bay Packers
2024-11-24,2024,12,Houston Texans,27.0,32.0,Tennessee Titans,HOU,-8.0,40.5,NRG Stadium,72.0,0.0,indoor,Houston Texans
2024-11-24,2024,12,Indianapolis Colts,6.0,24.0,Detroit Lions,DET,-7.0,50.5,Lucas Oil Stadium,72.0,0.0,indoor,Indianapolis Colts
2024-11-24,2024,12,Las Vegas Raiders,19.0,29.0,Denver Broncos,DEN,-5.5,41.5,Allegiant Stadium,72.0,0.0,indoor,Las Vegas Raiders
2024-11-24,2024,12,Los Angeles Rams,20.0,37.0,Philadelphia Eagles,PHI,-3.0,48.5,SoFi Stadium,72.0,0.0,indoor,Los Angeles Rams
2024-11-24,2024,12,Miami Dolphins,34.0,15.0,New England Patriots,MIA,-7.5,45.5,Hard Rock Stadium,,,,Miami Dolphins
2024-11-24,2024,12,New York Giants,7.0,30.0,Tampa Bay Buccaneers,TB,-6.0,40,MetLife Stadium,,,,New York Giants
2024-11-24,2024,12,Seattle Seahawks,16.0,6.0,Arizona Cardinals,ARI,-1.0,46.5,Lumen Field,,,,Seattle Seahawks
2024-11-24,2024,12,Washington Commanders,26.0,34.0,Dallas Cowboys,WAS,-10.5,44.5,FedEx Field,,,,Washington Commanders
2024-11-25,2024,12,Los Angeles Chargers,23.0,30.0,Baltimore Ravens,BAL,-3.0,51,SoFi Stadium,72.0,0.0,indoor,Los Angeles Chargers
2024-11-28,2024,13,Dallas Cowboys,27.0,20.0,New York Giants,DAL,-4.0,38.5,AT&T Stadium,72.0,0.0,indoor,Dallas Cowboys
2024-11-28,2024,13,Detroit Lions,23.0,20.0,Chicago Bears,DET,-10.0,48,Ford Field,72.0,0.0,indoor,Detroit Lions
2024-11-28,2024,13,Green Bay Packers,30.0,17.0,Miami Dolphins,GB,-3.5,47.5,Lambeau Field,27.0,10.0,,Green Bay Packers
2024-11-29,2024,13,Kansas City Chiefs,19.0,17.0,Las Vegas Raiders,KC,-13.5,42,GEHA Field at Arrowhead Stadium,37.0,5.0,,Kansas City Chiefs
2024-12-01,2024,13,Atlanta Falcons,13.0,17.0,Los Angeles Chargers,LAC,-1.0,47,Mercedes-Benz Stadium,72.0,0.0,indoor,Atlanta Falcons
2024-12-01,2024,13,Baltimore Ravens,19.0,24.0,Philadelphia Eagles,BAL,-3.0,50,M&T Bank Stadium,41.0,7.0,,Baltimore Ravens
2024-12-01,2024,13,Buffalo Bills,35.0,10.0,San Francisco 49ers,BUF,-6.5,45.5,Highmark Stadium,28.0,11.0,snow,Buffalo Bills
2024-12-01,2024,13,Carolina Panthers,23.0,26.0,Tampa Bay Buccaneers,TB,-6.5,46,Bank of America Stadium,51.0,7.0,,Carolina Panthers
2024-12-01,2024,13,Cincinnati Bengals,38.0,44.0,Pittsburgh Steelers,CIN,-3.0,46,Paycor Stadium,32.0,9.0,,Cincinnati Bengals
2024-12-01,2024,13,Jacksonville Jaguars,20.0,23.0,Houston Texans,HOU,-3.0,45,TIAA Bank Field,,,,Jacksonville Jaguars
2024-12-01,2024,13,Minnesota Vikings,23.0,22.0,Arizona Cardinals,MIN,-3.5,45,U.S. Bank Stadium,72.0,0.0,indoor,Minnesota Vikings
2024-12-01,2024,13,New England Patriots,24.0,25.0,Indianapolis Colts,IND,-2.5,41.5,Gillette Stadium,36.0,9.0,,New England Patriots
2024-12-01,2024,13,New Orleans Saints,14.0,21.0,Los Angeles Rams,LAR,-2.5,49,Caesars Superdome,72.0,0.0,indoor,New Orleans Saints
2024-12-01,2024,13,New York Jets,21.0,26.0,Seattle Seahawks,NYJ,-1.5,41.5,MetLife Stadium,37.0,12.0,,New York Jets
2024-12-01,2024,13,Washington Commanders,42.0,19.0,Tennessee Titans,WAS,-6.0,45,FedEx Field,41.0,6.0,,Washington Commanders
2024-12-02,2024,13,Denver Broncos,41.0,32.0,Cleveland Browns,DEN,-6.5,41.5,Empower Field at Mile High,48.0,4.0,,Denver Broncos
2024-12-05,2024,14,Detroit Lions,34.0,31.0,Green Bay Packers,DET,-3.5,52.5,Ford Field,72.0,0.0,indoor,Detroit Lions
2024-12-08,2024,14,Arizona Cardinals,18.0,30.0,Seattle Seahawks,ARI,-3.0,45.5,State Farm Stadium,72.0,0.0,indoor,Arizona Cardinals
2024-12-08,2024,14,Kansas City Chiefs,19.0,17.0,Los Angeles Chargers,KC,-4.5,43,GEHA Field at Arrowhead Stadium,,,,Kansas City Chiefs
2024-12-08,2024,14,Los Angeles Rams,44.0,42.0,Buffalo Bills,BUF,-3.5,50.5,SoFi Stadium,72.0,0.0,indoor,Los Angeles Rams
2024-12-08,2024,14,Miami Dolphins,32.0,26.0,New York Jets,MIA,-6.5,45,Hard Rock Stadium,,,,Miami Dolphins
2024-12-08,2024,14,Minnesota Vikings,42.0,21.0,Atlanta Falcons,MIN,-6.0,46.5,U.S. Bank Stadium,72.0,0.0,indoor,Minnesota Vikings
2024-12-08,2024,14,New York Giants,11.0,14.0,New Orleans Saints,NO,-5.5,41,MetLife Stadium,,,,New York Giants
2024-12-08,2024,14,Philadelphia Eagles,22.0,16.0,Carolina Panthers,PHI,-14.0,45,Lincoln Financial Field,,,,Philadelphia Eagles
2024-12-08,2024,14,Pittsburgh Steelers,27.0,14.0,Cleveland Browns,PIT,-6.0,43,Acrisure Stadium,,,,Pittsburgh Steelers
2024-12-08,2024,14,San Francisco 49ers,38.0,13.0,Chicago Bears,SF,-3.0,43.5,Levi's Stadium,,,,San Francisco 49ers
2024-12-08,2024,14,Tampa Bay Buccaneers,28.0,13.0,Las Vegas Raiders,TB,-6.5,47,Raymond James Stadium,,,,Tampa Bay Buccaneers
2024-12-08,2024,14,Tennessee Titans,6.0,10.0,Jacksonville Jaguars,TEN,-3.0,40.5,Nissan Stadium,,,,Tennessee Titans
2024-12-09,2024,14,Dallas Cowboys,20.0,27.0,Cincinnati Bengals,CIN,-4.5,50.5,AT&T Stadium,72.0,0.0,indoor,Dallas Cowboys
2024-12-12,2024,15,San Francisco 49ers,6.0,12.0,Los Angeles Rams,SF,-3.0,48.5,Levi's Stadium,,,,San Francisco 49ers
2024-12-15,2024,15,Arizona Cardinals,30.0,17.0,New England Patriots,ARI,-6.0,46.5,State Farm Stadium,72.0,0.0,indoor,Arizona Cardinals
2024-12-15,2024,15,Carolina Panthers,14.0,30.0,Dallas Cowboys,CAR,-2.5,42,Bank of America Stadium,,,,Carolina Panthers
2024-12-15,2024,15,Cleveland Browns,7.0,21.0,Kansas City Chiefs,KC,-4.0,41,FirstEnergy Stadium,,,,Cleveland Browns
2024-12-15,2024,15,Denver Broncos,31.0,13.0,Indianapolis Colts,DEN,-4.5,44,Empower Field at Mile High,,,,Denver Broncos
2024-12-15,2024,15,Detroit Lions,42.0,48.0,Buffalo Bills,DET,-2.0,55.5,Ford Field,72.0,0.0,indoor,Detroit Lions
2024-12-15,2024,15,Houston Texans,20.0,12.0,Miami Dolphins,HOU,-2.5,46,NRG Stadium,72.0,0.0,indoor,Houston Texans
2024-12-15,2024,15,Jacksonville Jaguars,25.0,32.0,New York Jets,NYJ,-3.5,41.5,TIAA Bank Field,,,,Jacksonville Jaguars
2024-12-15,2024,15,Los Angeles Chargers,17.0,40.0,Tampa Bay Buccaneers,LAC,-3.0,46,SoFi Stadium,72.0,0.0,indoor,Los Angeles Chargers
2024-12-15,2024,15,New Orleans Saints,19.0,20.0,Washington Commanders,WAS,-7.5,44.5,Caesars Superdome,72.0,0.0,indoor,New Orleans Saints
2024-12-15,2024,15,New York Giants,14.0,35.0,Baltimore Ravens,BAL,-17.0,43.5,MetLife Stadium,,,,New York Giants
2024-12-15,2024,15,Philadelphia Eagles,27.0,13.0,Pittsburgh Steelers,PHI,-5.5,43,Lincoln Financial Field,,,,Philadelphia Eagles
2024-12-15,2024,15,Seattle Seahawks,13.0,30.0,Green Bay Packers,GB,-3.0,48,Lumen Field,,,,Seattle Seahawks
2024-12-15,2024,15,Tennessee Titans,27.0,37.0,Cincinnati Bengals,CIN,-6.0,46,Nissan Stadium,,,,Tennessee Titans
2024-12-16,2024,15,Las Vegas Raiders,9.0,15.0,Atlanta Falcons,ATL,-6.0,44.5,Allegiant Stadium,72.0,0.0,indoor,Las Vegas Raiders
2024-12-16,2024,15,Minnesota Vikings,30.0,12.0,Chicago Bears,MIN,-7.0,43.5,U.S. Bank Stadium,72.0,0.0,indoor,Minnesota Vikings
2024-12-19,2024,16,Los Angeles Chargers,34.0,27.0,Denver Broncos,LAC,-2.5,41.5,SoFi Stadium,72.0,0.0,indoor,Los Angeles Chargers
2024-12-21,2024,16,Baltimore Ravens,34.0,17.0,Pittsburgh Steelers,BAL,-7.0,44,M&T Bank Stadium,,,,Baltimore Ravens
2024-12-21,2024,16,Kansas City Chiefs,27.0,19.0,Houston Texans,KC,-3.5,42.5,GEHA Field at Arrowhead Stadium,,,,Kansas City Chiefs
2024-12-22,2024,16,Atlanta Falcons,34.0,7.0,New York Giants,ATL,-9.5,43,Mercedes-Benz Stadium,72.0,0.0,indoor,Atlanta Falcons
2024-12-22,2024,16,Buffalo Bills,24.0,21.0,New England Patriots,BUF,-14.0,48,Highmark Stadium,,,,Buffalo Bills
2024-12-22,2024,16,Carolina Panthers,36.0,30.0,Arizona Cardinals,ARI,-5.5,47,Bank of America Stadium,,,,Carolina Panthers
2024-12-22,2024,16,Chicago Bears,17.0,34.0,Detroit Lions,DET,-7.0,47.5,Soldier Field,,,,Chicago Bears
2024-12-22,2024,16,Cincinnati Bengals,24.0,6.0,Cleveland Browns,CIN,-10.0,46.5,Paycor Stadium,,,,Cincinnati Bengals
2024-12-22,2024,16,Dallas Cowboys,26.0,24.0,Tampa Bay Buccaneers,TB,-4.5,47.5,AT&T Stadium,72.0,0.0,indoor,Dallas Cowboys
2024-12-22,2024,16,Indianapolis Colts,38.0,30.0,Tennessee Titans,IND,-4.0,42.5,Lucas Oil Stadium,72.0,0.0,indoor,Indianapolis Colts
2024-12-22,2024,16,Las Vegas Raiders,19.0,14.0,Jacksonville Jaguars,LVR,-2.5,41.5,Allegiant Stadium,72.0,0.0,indoor,Las Vegas Raiders
2024-12-22,2024,16,Miami Dolphins,29.0,17.0,San Francisco 49ers,SF,-1.5,44,Hard Rock Stadium,,,,Miami Dolphins
2024-12-22,2024,16,New York Jets,9.0,19.0,Los Angeles Rams,LAR,-3.0,47,MetLife Stadium,,,,New York Jets
2024-12-22,2024,16,Seattle Seahawks,24.0,27.0,Minnesota Vikings,MIN,-2.5,43,Lumen Field,,,,Seattle Seahawks
2024-12-22,2024,16,Washington Commanders,36.0,33.0,Philadelphia Eagles,PHI,-4.0,47,FedEx Field,,,,Washington Commanders
2024-12-23,2024,16,Green Bay Packers,34.0,0.0,New Orleans Saints,GB,-14.0,43.5,Lambeau Field,,,,Green Bay Packers
2024-12-25,2024,17,Houston Texans,2.0,31.0,Baltimore Ravens,BAL,-6.5,47,NRG Stadium,72.0,0.0,indoor,Houston Texans
2024-12-25,2024,17,Pittsburgh Steelers,10.0,29.0,Kansas City Chiefs,KC,-2.0,46,Acrisure Stadium,,,,Pittsburgh Steelers
2024-12-26,2024,17,Chicago Bears,3.0,6.0,Seattle Seahawks,SEA,-4.5,42,Soldier Field,,,,Chicago Bears
2024-12-28,2024,17,Buffalo Bills,40.0,14.0,New York Jets,BUF,-10.0,44.5,Paycor Stadium,,,,Buffalo Bills
2024-12-28,2024,17,Cincinnati Bengals,30.0,24.0,Denver Broncos,CIN,-3.0,50.5,SoFi Stadium,72.0,0.0,indoor,Cincinnati Bengals
2024-12-28,2024,17,Los Angeles Rams,13.0,9.0,Arizona Cardinals,LAR,-6.5,48,Gillette Stadium,,,,Los Angeles Rams
2024-12-28,2024,17,New England Patriots,7.0,40.0,Los Angeles Chargers,LAC,-6.0,42,MetLife Stadium,,,,New England Patriots
2024-12-29,2024,17,Cleveland Browns,3.0,20.0,Miami Dolphins,MIA,-3.0,32.5,FirstEnergy Stadium,,,,Cleveland Browns
2024-12-29,2024,17,Jacksonville Jaguars,20.0,13.0,Tennessee Titans,JAX,-1.0,38,TIAA Bank Field,,,,Jacksonville Jaguars
2024-12-29,2024,17,Minnesota Vikings,27.0,25.0,Green Bay Packers,MIN,-1.0,49,U.S. Bank Stadium,72.0,0.0,indoor,Minnesota Vikings
2024-12-29,2024,17,New Orleans Saints,10.0,25.0,Las Vegas Raiders,LVR,-1.5,37.5,Caesars Superdome,72.0,0.0,indoor,New Orleans Saints
2024-12-29,2024,17,New York Giants,45.0,33.0,Indianapolis Colts,IND,-7.5,40.5,Highmark Stadium,,,,New York Giants
2024-12-29,2024,17,Philadelphia Eagles,41.0,7.0,Dallas Cowboys,PHI,-7.5,37.5,Lincoln Financial Field,,,,Philadelphia Eagles
2024-12-29,2024,17,Tampa Bay Buccaneers,48.0,14.0,Carolina Panthers,TB,-10.0,47.5,Raymond James Stadium,,,,Tampa Bay Buccaneers
2024-12-29,2024,17,Washington Commanders,30.0,24.0,Atlanta Falcons,WAS,-3.5,46.5,FedEx Field,,,,Washington Commanders
2024-12-30,2024,17,San Francisco 49ers,34.0,40.0,Detroit Lions,DET,-4.0,50,Levi's Stadium,,,,San Francisco 49ers
